"cmo","sinco11","n_destinos"
1100,2263,1
1101,2261,1
1102,2254,1
1103,2262,1
1104,2251,1
1105,2241,3
1106,2421,1
1109,2991,1
1110,2211,1
1111,2212,1
1119,2991,1
1120,2222,1
1121,2428,1
1129,2991,1
1130,2411,3
1131,2426,1
1132,2413,1
1133,2422,1
1134,2423,1
1139,2424,1
1140,2221,1
1141,2223,1
1142,2221,1
1149,2991,1
1150,2231,1
1151,2232,1
1152,2233,1
1153,2234,1
1159,2991,1
1160,2135,1
1161,2132,2
1162,2133,1
1163,2131,1
1164,2142,1
1165,2141,1
1166,2312,1
1167,2112,1
1168,2134,1
1169,2991,1
1170,2123,1
1171,2111,1
1172,2121,1
1173,2112,1
1174,2144,1
1175,2113,1
1179,2991,1
1180,2145,1
1190,2991,1
1200,2625,1
1201,2624,1
1202,2623,1
1203,2622,1
1204,2621,6
1205,2641,3
1206,2653,1
1209,2992,1
1210,2611,1
1211,2611,1
1219,2992,1
1220,2811,4
1221,2815,2
1222,2812,1
1223,2816,1
1229,2992,1
1230,2612,3
1231,2814,1
1232,2612,1
1239,2992,1
1240,2613,1
1241,2614,1
1242,2614,1
1243,2614,1
1249,2614,1
1250,2531,3
1251,2512,1
1252,2511,1
1260,2533,1
1290,2992,1
1300,2321,1
1310,2322,1
1320,2331,1
1330,2332,1
1331,2333,1
1332,2334,1
1340,2335,1
1350,2343,1
1351,2343,1
1352,2341,1
1353,2343,1
1354,2342,1
1359,2343,1
1360,2712,1
1361,2713,1
1362,2714,1
1363,2715,1
1364,2716,1
1390,2339,2
1400,2151,1
1401,2152,1
1410,2171,1
1411,2173,1
1412,2172,1
1413,2175,1
1414,2174,1
1420,2161,1
1421,2163,1
1422,2164,1
1423,2541,1
1430,1421,1
1431,1422,1
1432,2551,1
1440,2561,1
1450,2563,1
1451,2562,1
1460,2552,1
1461,2553,1
2100,1111,1
2101,1113,1
2110,1121,1
2111,1122,1
2119,1129,1
2120,1221,1
2121,1211,4
2122,1411,1
2123,1322,1
2124,1312,1
2125,1223,2
2126,1222,2
2127,1412,2
2128,1311,1
2129,1999,1
2130,1131,1
2131,1133,1
2132,1132,1
2133,1134,1
2139,1999,1
2190,1999,1
4100,6111,1
4101,6116,1
4102,6116,1
4103,6112,1
4104,6113,1
4105,6113,1
4106,6114,1
4107,6115,1
4108,6116,1
4109,6119,2
4110,6121,1
4111,6122,1
4112,6123,1
4113,6124,1
4114,6126,1
4115,6125,1
4116,6127,1
4119,6129,2
4120,6131,2
4130,6221,1
4131,6222,1
4132,6223,1
4133,6224,1
4134,6225,2
4135,6227,1
4136,6226,1
4139,6999,2
4140,6231,2
4150,6211,2
4151,6212,2
4159,6999,1
4160,6117,2
4161,6213,1
4169,6999,1
4170,6101,2
4190,6999,1
5100,1614,2
5101,7501,1
5109,7501,1
5110,1612,1
5111,7101,2
5119,8101,1
5120,1614,1
5121,8101,1
5129,7301,1
5130,1614,1
5131,8101,1
5139,7301,1
5140,1614,1
5141,2630,3
5149,2630,1
5150,1614,1
5151,7601,1
5159,7601,1
5160,1615,1
5161,7101,1
5169,1615,2
5170,1613,2
5171,2640,1
5179,1613,1
5180,1614,1
5181,7401,1
5189,1614,1
5200,7511,1
5201,7512,1
5202,7513,1
5203,7514,1
5204,7515,1
5205,7515,1
5206,7517,1
5207,7516,1
5208,5111,1
5209,7999,1
5210,7111,1
5211,7112,1
5220,7331,1
5221,7332,1
5222,7341,1
5223,7342,1
5224,7343,1
5225,7351,1
5226,7352,1
5227,7353,1
5228,7344,1
5229,7999,1
5230,7123,3
5231,7313,1
5232,7321,1
5233,7322,1
5234,7323,1
5239,7999,1
5240,7211,1
5241,7212,1
5242,7213,1
5243,7223,1
5244,7222,1
5245,2632,1
5246,2634,2
5247,2636,1
5248,7221,1
5249,2639,2
5250,7611,1
5251,7612,1
5252,7613,1
5253,7614,1
5259,7999,1
5260,7121,1
5261,7135,1
5262,7131,1
5263,7122,1
5264,7132,1
5265,2638,1
5266,7133,1
5267,7134,1
5269,7113,1
5270,2642,1
5271,2644,1
5272,2646,1
5279,2649,1
5280,7411,1
5281,7412,1
5290,7999,1
5300,8161,1
5301,8161,1
5302,8161,1
5303,8161,1
5304,8161,1
5305,8162,1
5306,8163,1
5307,8161,1
5309,8199,1
5310,8111,1
5311,8112,1
5312,8113,1
5319,8199,1
5320,8151,1
5321,8152,1
5322,8153,1
5323,8154,1
5324,8155,1
5329,8199,1
5330,8141,1
5331,8143,1
5332,8142,1
5333,8144,1
5334,8145,1
5339,8199,1
5340,8121,1
5341,8122,1
5342,8123,1
5343,8123,1
5344,8211,1
5345,8212,1
5349,8199,1
5350,8172,1
5351,8172,1
5352,8171,1
5353,8173,1
5359,8199,1
5360,8114,1
5370,8181,1
5371,8134,1
5379,8199,1
5380,8131,2
5381,8135,1
5382,8132,1
5383,8133,1
5389,8199,1
5390,8199,1
5400,9236,2
5401,9236,1
5410,9211,2
5420,9235,1
5421,9235,1
5430,9234,1
5431,9234,1
5440,9231,1
5441,9231,1
5450,9237,1
5451,9237,1
5460,9221,1
5461,9222,1
5470,9232,1
5480,9233,1
5481,9233,1
5490,9239,1
5491,9239,1
5500,6311,1
5501,8351,1
5502,8352,1
5510,8331,1
5511,9312,1
5520,8342,1
5521,8341,1
5522,9311,1
5529,8349,1
5530,8311,1
5540,8321,1
5541,8323,1
5542,8322,1
5543,8324,1
5549,8999,1
5550,9321,1
5551,9322,1
5590,8999,1
6100,1521,2
6101,1523,2
6102,1524,1
6110,1512,2
6111,1511,1
6120,1622,1
6121,1623,3
6130,1621,2
6132,1522,1
6133,1629,1
6140,2523,1
6150,1721,1
6160,1711,1
6170,1611,1
6180,1723,3
6190,1624,1
6200,3111,1
6201,3112,1
6202,3113,1
6203,3114,1
6209,3999,1
6210,3121,2
6211,3121,1
6219,3999,1
6220,3131,1
6221,3132,1
6229,3999,1
6230,3211,2
6231,3221,1
6232,3231,1
6239,3999,1
6240,3213,1
6241,3213,1
6249,3999,1
6250,9721,1
6251,9722,1
6259,3999,1
6260,3141,1
6270,3115,2
7100,4111,1
7110,4201,1
7111,4211,1
7120,4231,1
7121,8344,2
7130,4221,1
7131,4223,2
7132,2513,1
7133,4222,1
7134,2514,1
7135,2514,1
7139,4999,1
7190,4999,1
7200,9511,1
7201,4224,4
7209,9512,1
7210,9521,1
7211,9624,1
7212,9632,2
7213,2553,1
7219,9332,1
7290,9899,1
8100,5112,2
8101,5115,1
8102,5231,1
8109,5999,1
8110,9641,1
8111,9642,1
8119,5999,1
8120,5313,1
8121,9733,1
8122,9711,1
8123,9622,1
8124,9621,3
8125,5241,2
8126,9331,1
8129,5999,1
8130,5211,1
8131,5212,1
8132,5213,1
8139,5999,1
8140,4312,1
8150,3222,5
8151,5221,1
8152,5252,1
8159,5999,1
8160,5253,1
8190,5999,1
8200,5113,3
8201,5222,1
8202,8343,1
8203,5242,1
8204,5314,1
8209,9611,1
8300,5311,1
8301,1526,3
8302,2521,1
8303,5313,2
8304,2522,1
8309,5999,1
8310,5401,2
8311,5401,2
8312,1525,3
8319,5999,1
8390,5999,1
9999,9999,1
