campo_arm8,campo_arm8_desc,sinco3d,sinco3d_desc,tipo_relacion,ajuste_estricto,ajuste_amplio,fuente_base,regla_adaptacion,justificacion,estado_revision,version
1,Educación,231,Supervisores educativos y especialistas en ciencias de la educación,directa,1,1,"Montt (2015), Anexo 2; adaptación conceptual a SINCO 2011",Revisión por descripción y especialización ocupacional SINCO,Correspondencia preliminar por afinidad del campo de conocimiento requerido,aceptada,1.0.0
1,Educación,232,Profesores de nivel medio y superior,directa,1,1,"Montt (2015), Anexo 2; adaptación conceptual a SINCO 2011",Revisión por descripción y especialización ocupacional SINCO,Correspondencia preliminar por afinidad del campo de conocimiento requerido,aceptada,1.0.0
1,Educación,233,Profesores de nivel básico,directa,1,1,"Montt (2015), Anexo 2; adaptación conceptual a SINCO 2011",Revisión por descripción y especialización ocupacional SINCO,Correspondencia preliminar por afinidad del campo de conocimiento requerido,aceptada,1.0.0
1,Educación,234,Profesores en enseñanza especial,directa,1,1,"Montt (2015), Anexo 2; adaptación conceptual a SINCO 2011",Revisión por descripción y especialización ocupacional SINCO,Correspondencia preliminar por afinidad del campo de conocimiento requerido,aceptada,1.0.0
1,Educación,239,Otros profesores y especialistas en docencia no clasiﬁcados anteriormente,directa,1,1,"Montt (2015), Anexo 2; adaptación conceptual a SINCO 2011",Revisión por descripción y especialización ocupacional SINCO,Correspondencia preliminar por afinidad del campo de conocimiento requerido,aceptada,1.0.0
1,Educación,256,"Deportistas, entrenadores y árbitros",transversal,0,1,"Montt (2015), Anexo 2; adaptación conceptual a SINCO 2011",Revisión por descripción y especialización ocupacional SINCO,Correspondencia preliminar por afinidad del campo de conocimiento requerido,aceptada,1.0.0
1,Educación,271,"Auxiliares y técnicos en educación, instructores y capacitadores",directa,1,1,"Montt (2015), Anexo 2; adaptación conceptual a SINCO 2011",Revisión por descripción y especialización ocupacional SINCO,Correspondencia preliminar por afinidad del campo de conocimiento requerido,aceptada,1.0.0
1,Educación,522,Trabajadores en el cuidado de personas,transversal,0,1,"Montt (2015), Anexo 2; adaptación conceptual a SINCO 2011",Revisión por descripción y especialización ocupacional SINCO,Correspondencia preliminar por afinidad del campo de conocimiento requerido,aceptada,1.0.0
2,Artes y humanidades,142,"Directores y gerentes de museos, cines y otros establecimientos",transversal,0,1,"Montt (2015), Anexo 2; adaptación conceptual a SINCO 2011",Revisión por descripción y especialización ocupacional SINCO,Correspondencia preliminar por afinidad del campo de conocimiento requerido,aceptada,1.0.0
2,Artes y humanidades,172,"Coordinadores y jefes de área en museos, cines y otros establecimientos",transversal,0,1,"Montt (2015), Anexo 2; adaptación conceptual a SINCO 2011",Revisión por descripción y especialización ocupacional SINCO,Correspondencia preliminar por afinidad del campo de conocimiento requerido,aceptada,1.0.0
2,Artes y humanidades,214,Investigadores y especialistas en ciencias humanistas,directa,1,1,"Montt (2015), Anexo 2; adaptación conceptual a SINCO 2011",Revisión por descripción y especialización ocupacional SINCO,Correspondencia preliminar por afinidad del campo de conocimiento requerido,aceptada,1.0.0
2,Artes y humanidades,215,"Autores, periodistas y traductores",directa,1,1,"Montt (2015), Anexo 2; adaptación conceptual a SINCO 2011",Revisión por descripción y especialización ocupacional SINCO,Correspondencia preliminar por afinidad del campo de conocimiento requerido,aceptada,1.0.0
2,Artes y humanidades,216,"Pintores, diseñadores y dibujantes artísticos, escultores y escenógrafos",directa,1,1,"Montt (2015), Anexo 2; adaptación conceptual a SINCO 2011",Revisión por descripción y especialización ocupacional SINCO,Correspondencia preliminar por afinidad del campo de conocimiento requerido,aceptada,1.0.0
2,Artes y humanidades,217,Artistas interpretativos,directa,1,1,"Montt (2015), Anexo 2; adaptación conceptual a SINCO 2011",Revisión por descripción y especialización ocupacional SINCO,Correspondencia preliminar por afinidad del campo de conocimiento requerido,aceptada,1.0.0
2,Artes y humanidades,232,Profesores de nivel medio y superior,transversal,0,1,"Montt (2015), Anexo 2; adaptación conceptual a SINCO 2011",Revisión por descripción y especialización ocupacional SINCO,Correspondencia preliminar por afinidad del campo de conocimiento requerido,aceptada,1.0.0
2,Artes y humanidades,253,Auxiliares en ciencias sociales y humanistas,directa,1,1,"Montt (2015), Anexo 2; adaptación conceptual a SINCO 2011",Revisión por descripción y especialización ocupacional SINCO,Correspondencia preliminar por afinidad del campo de conocimiento requerido,aceptada,1.0.0
2,Artes y humanidades,254,"Diseñadores de modas, industriales, gráﬁcos y decoradores de interiores",directa,1,1,"Montt (2015), Anexo 2; adaptación conceptual a SINCO 2011",Revisión por descripción y especialización ocupacional SINCO,Correspondencia preliminar por afinidad del campo de conocimiento requerido,aceptada,1.0.0
2,Artes y humanidades,255,"Locutores, animadores y payasos",directa,1,1,"Montt (2015), Anexo 2; adaptación conceptual a SINCO 2011",Revisión por descripción y especialización ocupacional SINCO,Correspondencia preliminar por afinidad del campo de conocimiento requerido,aceptada,1.0.0
3,"Ciencias sociales, administración y derecho",112,Presidentes y directores generales,transversal,0,1,"Montt (2015), Anexo 2; adaptación conceptual a SINCO 2011",Revisión por descripción y especialización ocupacional SINCO,Correspondencia preliminar por afinidad del campo de conocimiento requerido,aceptada,1.0.0
3,"Ciencias sociales, administración y derecho",113,"Directores de organizaciones políticas, sindicales y civiles",transversal,0,1,"Montt (2015), Anexo 2; adaptación conceptual a SINCO 2011",Revisión por descripción y especialización ocupacional SINCO,Correspondencia preliminar por afinidad del campo de conocimiento requerido,aceptada,1.0.0
3,"Ciencias sociales, administración y derecho",121,Directores y gerentes en servicios ﬁnancieros y administrativos,transversal,0,1,"Montt (2015), Anexo 2; adaptación conceptual a SINCO 2011",Revisión por descripción y especialización ocupacional SINCO,Correspondencia preliminar por afinidad del campo de conocimiento requerido,aceptada,1.0.0
3,"Ciencias sociales, administración y derecho",122,"Directores y gerentes en servicios de salud, enseñanza y sociales",transversal,0,1,"Montt (2015), Anexo 2; adaptación conceptual a SINCO 2011",Revisión por descripción y especialización ocupacional SINCO,Correspondencia preliminar por afinidad del campo de conocimiento requerido,aceptada,1.0.0
3,"Ciencias sociales, administración y derecho",131,"Directores y gerentes en producción agropecuaria, industrial, construcción y mantenimiento",transversal,0,1,"Montt (2015), Anexo 2; adaptación conceptual a SINCO 2011",Revisión por descripción y especialización ocupacional SINCO,Correspondencia preliminar por afinidad del campo de conocimiento requerido,aceptada,1.0.0
3,"Ciencias sociales, administración y derecho",132,"Directores y gerentes en informática, telecomunicaciones, transporte y en investigación y desarrollo tec",transversal,0,1,"Montt (2015), Anexo 2; adaptación conceptual a SINCO 2011",Revisión por descripción y especialización ocupacional SINCO,Correspondencia preliminar por afinidad del campo de conocimiento requerido,aceptada,1.0.0
3,"Ciencias sociales, administración y derecho",141,"Directores y gerentes de ventas, restaurantes y hoteles",transversal,0,1,"Montt (2015), Anexo 2; adaptación conceptual a SINCO 2011",Revisión por descripción y especialización ocupacional SINCO,Correspondencia preliminar por afinidad del campo de conocimiento requerido,aceptada,1.0.0
3,"Ciencias sociales, administración y derecho",142,"Directores y gerentes de museos, cines y otros establecimientos",transversal,0,1,"Montt (2015), Anexo 2; adaptación conceptual a SINCO 2011",Revisión por descripción y especialización ocupacional SINCO,Correspondencia preliminar por afinidad del campo de conocimiento requerido,aceptada,1.0.0
3,"Ciencias sociales, administración y derecho",151,Coordinadores y jefes de área en servicios ﬁnancieros y administrativos,transversal,0,1,"Montt (2015), Anexo 2; adaptación conceptual a SINCO 2011",Revisión por descripción y especialización ocupacional SINCO,Correspondencia preliminar por afinidad del campo de conocimiento requerido,aceptada,1.0.0
3,"Ciencias sociales, administración y derecho",152,"Coordinadores y jefes de área en servicios de salud, enseñanza, sociales y jueces caliﬁcadores",transversal,0,1,"Montt (2015), Anexo 2; adaptación conceptual a SINCO 2011",Revisión por descripción y especialización ocupacional SINCO,Correspondencia preliminar por afinidad del campo de conocimiento requerido,aceptada,1.0.0
3,"Ciencias sociales, administración y derecho",161,"Coordinadores y jefes de área en producción agropecuaria, industrial, construcción y mantenimiento",transversal,0,1,"Montt (2015), Anexo 2; adaptación conceptual a SINCO 2011",Revisión por descripción y especialización ocupacional SINCO,Correspondencia preliminar por afinidad del campo de conocimiento requerido,aceptada,1.0.0
3,"Ciencias sociales, administración y derecho",162,"Coordinadores y jefes de área en informática, telecomunicaciones, transporte y en investigación y",transversal,0,1,"Montt (2015), Anexo 2; adaptación conceptual a SINCO 2011",Revisión por descripción y especialización ocupacional SINCO,Correspondencia preliminar por afinidad del campo de conocimiento requerido,aceptada,1.0.0
3,"Ciencias sociales, administración y derecho",171,"Coordinadores y jefes de área de ventas, restaurantes y hoteles",transversal,0,1,"Montt (2015), Anexo 2; adaptación conceptual a SINCO 2011",Revisión por descripción y especialización ocupacional SINCO,Correspondencia preliminar por afinidad del campo de conocimiento requerido,aceptada,1.0.0
3,"Ciencias sociales, administración y derecho",172,"Coordinadores y jefes de área en museos, cines y otros establecimientos",transversal,0,1,"Montt (2015), Anexo 2; adaptación conceptual a SINCO 2011",Revisión por descripción y especialización ocupacional SINCO,Correspondencia preliminar por afinidad del campo de conocimiento requerido,aceptada,1.0.0
3,"Ciencias sociales, administración y derecho",199,"Otros directores, funcionarios, gerentes, coordinadores y jefes de área, no clasiﬁcados anteriormente",transversal,0,1,"Montt (2015), Anexo 2; adaptación conceptual a SINCO 2011",Revisión por descripción y especialización ocupacional SINCO,Correspondencia preliminar por afinidad del campo de conocimiento requerido,aceptada,1.0.0
3,"Ciencias sociales, administración y derecho",211,Administradores y mercadólogos,directa,1,1,"Montt (2015), Anexo 2; adaptación conceptual a SINCO 2011",Revisión por descripción y especialización ocupacional SINCO,Correspondencia preliminar por afinidad del campo de conocimiento requerido,aceptada,1.0.0
3,"Ciencias sociales, administración y derecho",212,"Contadores, auditores, especialistas en ﬁnanzas y en economía",directa,1,1,"Montt (2015), Anexo 2; adaptación conceptual a SINCO 2011",Revisión por descripción y especialización ocupacional SINCO,Correspondencia preliminar por afinidad del campo de conocimiento requerido,aceptada,1.0.0
3,"Ciencias sociales, administración y derecho",213,Investigadores y especialistas en ciencias sociales,directa,1,1,"Montt (2015), Anexo 2; adaptación conceptual a SINCO 2011",Revisión por descripción y especialización ocupacional SINCO,Correspondencia preliminar por afinidad del campo de conocimiento requerido,aceptada,1.0.0
3,"Ciencias sociales, administración y derecho",215,"Autores, periodistas y traductores",transversal,0,1,"Montt (2015), Anexo 2; adaptación conceptual a SINCO 2011",Revisión por descripción y especialización ocupacional SINCO,Correspondencia preliminar por afinidad del campo de conocimiento requerido,aceptada,1.0.0
3,"Ciencias sociales, administración y derecho",232,Profesores de nivel medio y superior,transversal,0,1,"Montt (2015), Anexo 2; adaptación conceptual a SINCO 2011",Revisión por descripción y especialización ocupacional SINCO,Correspondencia preliminar por afinidad del campo de conocimiento requerido,aceptada,1.0.0
3,"Ciencias sociales, administración y derecho",251,"Auxiliares en administración, contabilidad y ﬁnanzas",directa,1,1,"Montt (2015), Anexo 2; adaptación conceptual a SINCO 2011",Revisión por descripción y especialización ocupacional SINCO,Correspondencia preliminar por afinidad del campo de conocimiento requerido,aceptada,1.0.0
3,"Ciencias sociales, administración y derecho",252,Inspectores públicos,directa,1,1,"Montt (2015), Anexo 2; adaptación conceptual a SINCO 2011",Revisión por descripción y especialización ocupacional SINCO,Correspondencia preliminar por afinidad del campo de conocimiento requerido,aceptada,1.0.0
3,"Ciencias sociales, administración y derecho",253,Auxiliares en ciencias sociales y humanistas,directa,1,1,"Montt (2015), Anexo 2; adaptación conceptual a SINCO 2011",Revisión por descripción y especialización ocupacional SINCO,Correspondencia preliminar por afinidad del campo de conocimiento requerido,aceptada,1.0.0
3,"Ciencias sociales, administración y derecho",310,"Supervisores de secretarias, capturistas, cajeros y trabajadores de control de archivo y transporte",transversal,0,1,"Montt (2015), Anexo 2; adaptación conceptual a SINCO 2011",Revisión por descripción y especialización ocupacional SINCO,Correspondencia preliminar por afinidad del campo de conocimiento requerido,aceptada,1.0.0
3,"Ciencias sociales, administración y derecho",311,"Secretarias, taquígrafos, mecanógrafos, capturistas de datos y operadores de máquinas de oﬁcina",transversal,0,1,"Montt (2015), Anexo 2; adaptación conceptual a SINCO 2011",Revisión por descripción y especialización ocupacional SINCO,Correspondencia preliminar por afinidad del campo de conocimiento requerido,aceptada,1.0.0
3,"Ciencias sociales, administración y derecho",312,"Cajeros, cobradores y pagadores",transversal,0,1,"Montt (2015), Anexo 2; adaptación conceptual a SINCO 2011",Revisión por descripción y especialización ocupacional SINCO,Correspondencia preliminar por afinidad del campo de conocimiento requerido,aceptada,1.0.0
3,"Ciencias sociales, administración y derecho",313,Trabajadores en archivo y control de almacén y bodega,transversal,0,1,"Montt (2015), Anexo 2; adaptación conceptual a SINCO 2011",Revisión por descripción y especialización ocupacional SINCO,Correspondencia preliminar por afinidad del campo de conocimiento requerido,aceptada,1.0.0
3,"Ciencias sociales, administración y derecho",320,Supervisores de trabajadores que brindan y manejan información,transversal,0,1,"Montt (2015), Anexo 2; adaptación conceptual a SINCO 2011",Revisión por descripción y especialización ocupacional SINCO,Correspondencia preliminar por afinidad del campo de conocimiento requerido,aceptada,1.0.0
3,"Ciencias sociales, administración y derecho",321,"Recepcionistas, trabajadores que brindan información y telefonistas",transversal,0,1,"Montt (2015), Anexo 2; adaptación conceptual a SINCO 2011",Revisión por descripción y especialización ocupacional SINCO,Correspondencia preliminar por afinidad del campo de conocimiento requerido,aceptada,1.0.0
3,"Ciencias sociales, administración y derecho",323,Encuestadores y codiﬁcadores,transversal,0,1,"Montt (2015), Anexo 2; adaptación conceptual a SINCO 2011",Revisión por descripción y especialización ocupacional SINCO,Correspondencia preliminar por afinidad del campo de conocimiento requerido,aceptada,1.0.0
3,"Ciencias sociales, administración y derecho",399,"Otras secretarias, capturistas, cajeros y trabajadores que brindan información, no clasiﬁcados anterior",transversal,0,1,"Montt (2015), Anexo 2; adaptación conceptual a SINCO 2011",Revisión por descripción y especialización ocupacional SINCO,Correspondencia preliminar por afinidad del campo de conocimiento requerido,aceptada,1.0.0
3,"Ciencias sociales, administración y derecho",411,Comerciantes en establecimientos,transversal,0,1,"Montt (2015), Anexo 2; adaptación conceptual a SINCO 2011",Revisión por descripción y especialización ocupacional SINCO,Correspondencia preliminar por afinidad del campo de conocimiento requerido,aceptada,1.0.0
3,"Ciencias sociales, administración y derecho",420,Encargados y supervisores de ventas de productos y de servicios ﬁnancieros y de alquiler,transversal,0,1,"Montt (2015), Anexo 2; adaptación conceptual a SINCO 2011",Revisión por descripción y especialización ocupacional SINCO,Correspondencia preliminar por afinidad del campo de conocimiento requerido,aceptada,1.0.0
3,"Ciencias sociales, administración y derecho",421,Empleados de ventas y vendedores por teléfono,transversal,0,1,"Montt (2015), Anexo 2; adaptación conceptual a SINCO 2011",Revisión por descripción y especialización ocupacional SINCO,Correspondencia preliminar por afinidad del campo de conocimiento requerido,aceptada,1.0.0
3,"Ciencias sociales, administración y derecho",422,"Agentes, representantes de ventas y vendedores por catálogo",transversal,0,1,"Montt (2015), Anexo 2; adaptación conceptual a SINCO 2011",Revisión por descripción y especialización ocupacional SINCO,Correspondencia preliminar por afinidad del campo de conocimiento requerido,aceptada,1.0.0
3,"Ciencias sociales, administración y derecho",423,Trabajadores en la promoción de ventas y modelos,transversal,0,1,"Montt (2015), Anexo 2; adaptación conceptual a SINCO 2011",Revisión por descripción y especialización ocupacional SINCO,Correspondencia preliminar por afinidad del campo de conocimiento requerido,aceptada,1.0.0
3,"Ciencias sociales, administración y derecho",431,Trabajadores en el alquiler,transversal,0,1,"Montt (2015), Anexo 2; adaptación conceptual a SINCO 2011",Revisión por descripción y especialización ocupacional SINCO,Correspondencia preliminar por afinidad del campo de conocimiento requerido,aceptada,1.0.0
3,"Ciencias sociales, administración y derecho",499,"Otros comerciantes, empleados en ventas y agentes de ventas en establecimientos, no clasiﬁcados ante",transversal,0,1,"Montt (2015), Anexo 2; adaptación conceptual a SINCO 2011",Revisión por descripción y especialización ocupacional SINCO,Correspondencia preliminar por afinidad del campo de conocimiento requerido,aceptada,1.0.0
3,"Ciencias sociales, administración y derecho",951,Vendedores ambulantes (excluyendo los de venta de alimentos),transversal,0,1,"Montt (2015), Anexo 2; adaptación conceptual a SINCO 2011",Revisión por descripción y especialización ocupacional SINCO,Correspondencia preliminar por afinidad del campo de conocimiento requerido,aceptada,1.0.0
4,"Ciencias naturales, matemáticas, estadística y TIC",221,"Investigadores y especialistas en física, matemáticas, estadística y actuaría",directa,1,1,"Montt (2015), Anexo 2; adaptación conceptual a SINCO 2011",Revisión por descripción y especialización ocupacional SINCO,Correspondencia preliminar por afinidad del campo de conocimiento requerido,aceptada,1.0.0
4,"Ciencias naturales, matemáticas, estadística y TIC",222,"Investigadores y especialistas en ciencias biológicas, químicas y del medio ambiente",directa,1,1,"Montt (2015), Anexo 2; adaptación conceptual a SINCO 2011",Revisión por descripción y especialización ocupacional SINCO,Correspondencia preliminar por afinidad del campo de conocimiento requerido,aceptada,1.0.0
4,"Ciencias naturales, matemáticas, estadística y TIC",227,Investigadores y especialistas en sistemas computacionales,directa,1,1,"Montt (2015), Anexo 2; adaptación conceptual a SINCO 2011",Revisión por descripción y especialización ocupacional SINCO,Correspondencia preliminar por afinidad del campo de conocimiento requerido,aceptada,1.0.0
4,"Ciencias naturales, matemáticas, estadística y TIC",228,Ingenieros en comunicaciones y telecomunicaciones,directa,1,1,"Montt (2015), Anexo 2; adaptación conceptual a SINCO 2011",Revisión por descripción y especialización ocupacional SINCO,Correspondencia preliminar por afinidad del campo de conocimiento requerido,aceptada,1.0.0
4,"Ciencias naturales, matemáticas, estadística y TIC",232,Profesores de nivel medio y superior,transversal,0,1,"Montt (2015), Anexo 2; adaptación conceptual a SINCO 2011",Revisión por descripción y especialización ocupacional SINCO,Correspondencia preliminar por afinidad del campo de conocimiento requerido,aceptada,1.0.0
4,"Ciencias naturales, matemáticas, estadística y TIC",261,"Auxiliares y técnicos en ciencias físicas, matemáticas, biológicas, químicas, del medio ambiente y agronómicas",directa,1,1,"Montt (2015), Anexo 2; adaptación conceptual a SINCO 2011",Revisión por descripción y especialización ocupacional SINCO,Correspondencia preliminar por afinidad del campo de conocimiento requerido,aceptada,1.0.0
4,"Ciencias naturales, matemáticas, estadística y TIC",265,Auxiliares y técnicos en informática y en equipos de comunicaciones y grabación,directa,1,1,"Montt (2015), Anexo 2; adaptación conceptual a SINCO 2011",Revisión por descripción y especialización ocupacional SINCO,Correspondencia preliminar por afinidad del campo de conocimiento requerido,aceptada,1.0.0
5,"Ingeniería, manufactura y construcción",131,"Directores y gerentes en producción agropecuaria, industrial, construcción y mantenimiento",transversal,0,1,"Montt (2015), Anexo 2; adaptación conceptual a SINCO 2011",Revisión por descripción y especialización ocupacional SINCO,Correspondencia preliminar por afinidad del campo de conocimiento requerido,aceptada,1.0.0
5,"Ingeniería, manufactura y construcción",132,"Directores y gerentes en informática, telecomunicaciones, transporte y en investigación y desarrollo tec",transversal,0,1,"Montt (2015), Anexo 2; adaptación conceptual a SINCO 2011",Revisión por descripción y especialización ocupacional SINCO,Correspondencia preliminar por afinidad del campo de conocimiento requerido,aceptada,1.0.0
5,"Ingeniería, manufactura y construcción",161,"Coordinadores y jefes de área en producción agropecuaria, industrial, construcción y mantenimiento",transversal,0,1,"Montt (2015), Anexo 2; adaptación conceptual a SINCO 2011",Revisión por descripción y especialización ocupacional SINCO,Correspondencia preliminar por afinidad del campo de conocimiento requerido,aceptada,1.0.0
5,"Ingeniería, manufactura y construcción",162,"Coordinadores y jefes de área en informática, telecomunicaciones, transporte y en investigación y",transversal,0,1,"Montt (2015), Anexo 2; adaptación conceptual a SINCO 2011",Revisión por descripción y especialización ocupacional SINCO,Correspondencia preliminar por afinidad del campo de conocimiento requerido,aceptada,1.0.0
5,"Ingeniería, manufactura y construcción",224,Ingenieros eléctricos y en electrónica,directa,1,1,"Montt (2015), Anexo 2; adaptación conceptual a SINCO 2011",Revisión por descripción y especialización ocupacional SINCO,Correspondencia preliminar por afinidad del campo de conocimiento requerido,aceptada,1.0.0
5,"Ingeniería, manufactura y construcción",225,"Ingenieros químicos, mecánicos, industriales, mineros y metalúrgicos",directa,1,1,"Montt (2015), Anexo 2; adaptación conceptual a SINCO 2011",Revisión por descripción y especialización ocupacional SINCO,Correspondencia preliminar por afinidad del campo de conocimiento requerido,aceptada,1.0.0
5,"Ingeniería, manufactura y construcción",226,"Ingenieros civiles, topógrafos y arquitectos",directa,1,1,"Montt (2015), Anexo 2; adaptación conceptual a SINCO 2011",Revisión por descripción y especialización ocupacional SINCO,Correspondencia preliminar por afinidad del campo de conocimiento requerido,aceptada,1.0.0
5,"Ingeniería, manufactura y construcción",227,Investigadores y especialistas en sistemas computacionales,transversal,0,1,"Montt (2015), Anexo 2; adaptación conceptual a SINCO 2011",Revisión por descripción y especialización ocupacional SINCO,Correspondencia preliminar por afinidad del campo de conocimiento requerido,aceptada,1.0.0
5,"Ingeniería, manufactura y construcción",228,Ingenieros en comunicaciones y telecomunicaciones,directa,1,1,"Montt (2015), Anexo 2; adaptación conceptual a SINCO 2011",Revisión por descripción y especialización ocupacional SINCO,Correspondencia preliminar por afinidad del campo de conocimiento requerido,aceptada,1.0.0
5,"Ingeniería, manufactura y construcción",232,Profesores de nivel medio y superior,transversal,0,1,"Montt (2015), Anexo 2; adaptación conceptual a SINCO 2011",Revisión por descripción y especialización ocupacional SINCO,Correspondencia preliminar por afinidad del campo de conocimiento requerido,aceptada,1.0.0
5,"Ingeniería, manufactura y construcción",262,"Auxiliares y técnicos industriales, topógrafos, mineros y dibujantes técnicos",directa,1,1,"Montt (2015), Anexo 2; adaptación conceptual a SINCO 2011",Revisión por descripción y especialización ocupacional SINCO,Correspondencia preliminar por afinidad del campo de conocimiento requerido,aceptada,1.0.0
5,"Ingeniería, manufactura y construcción",263,"Mecánicos y técnicos en mantenimiento y reparación de equipo mecánico, vehículos de motor, instrumen",directa,1,1,"Montt (2015), Anexo 2; adaptación conceptual a SINCO 2011",Revisión por descripción y especialización ocupacional SINCO,Correspondencia preliminar por afinidad del campo de conocimiento requerido,aceptada,1.0.0
5,"Ingeniería, manufactura y construcción",264,"Técnicos eléctricos, en electrónica y de equipos en telecomunicaciones y electromecánicos",directa,1,1,"Montt (2015), Anexo 2; adaptación conceptual a SINCO 2011",Revisión por descripción y especialización ocupacional SINCO,Correspondencia preliminar por afinidad del campo de conocimiento requerido,aceptada,1.0.0
5,"Ingeniería, manufactura y construcción",265,Auxiliares y técnicos en informática y en equipos de comunicaciones y grabación,transversal,0,1,"Montt (2015), Anexo 2; adaptación conceptual a SINCO 2011",Revisión por descripción y especialización ocupacional SINCO,Correspondencia preliminar por afinidad del campo de conocimiento requerido,aceptada,1.0.0
5,"Ingeniería, manufactura y construcción",266,Controladores de tráﬁco aéreo y de otros transportes,transversal,0,1,"Montt (2015), Anexo 2; adaptación conceptual a SINCO 2011",Revisión por descripción y especialización ocupacional SINCO,Correspondencia preliminar por afinidad del campo de conocimiento requerido,aceptada,1.0.0
5,"Ingeniería, manufactura y construcción",710,"Supervisores de trabajadores en la extracción, albañiles y en acabados de la construcción",directa,1,1,"Montt (2015), Anexo 2; adaptación conceptual a SINCO 2011",Revisión por descripción y especialización ocupacional SINCO,Correspondencia preliminar por afinidad del campo de conocimiento requerido,aceptada,1.0.0
5,"Ingeniería, manufactura y construcción",711,Trabajadores en la extracción,directa,1,1,"Montt (2015), Anexo 2; adaptación conceptual a SINCO 2011",Revisión por descripción y especialización ocupacional SINCO,Correspondencia preliminar por afinidad del campo de conocimiento requerido,aceptada,1.0.0
5,"Ingeniería, manufactura y construcción",712,Albañiles y otros trabajadores en la ediﬁcación de construcciones,directa,1,1,"Montt (2015), Anexo 2; adaptación conceptual a SINCO 2011",Revisión por descripción y especialización ocupacional SINCO,Correspondencia preliminar por afinidad del campo de conocimiento requerido,aceptada,1.0.0
5,"Ingeniería, manufactura y construcción",713,"Yeseros, instaladores de pisos, climas, impermeabilizante, vidrio, etc., plomeros y pintores",directa,1,1,"Montt (2015), Anexo 2; adaptación conceptual a SINCO 2011",Revisión por descripción y especialización ocupacional SINCO,Correspondencia preliminar por afinidad del campo de conocimiento requerido,aceptada,1.0.0
5,"Ingeniería, manufactura y construcción",720,Supervisores de artesanos y trabajadores en el tratamiento y elaboración de productos de metal,directa,1,1,"Montt (2015), Anexo 2; adaptación conceptual a SINCO 2011",Revisión por descripción y especialización ocupacional SINCO,Correspondencia preliminar por afinidad del campo de conocimiento requerido,aceptada,1.0.0
5,"Ingeniería, manufactura y construcción",721,"Moldeadores, soldadores, hojalateros y pintores de metales",directa,1,1,"Montt (2015), Anexo 2; adaptación conceptual a SINCO 2011",Revisión por descripción y especialización ocupacional SINCO,Correspondencia preliminar por afinidad del campo de conocimiento requerido,aceptada,1.0.0
5,"Ingeniería, manufactura y construcción",722,"Herreros, cerrajeros, joyeros y artesanos en la elaboración de productos de metal",directa,1,1,"Montt (2015), Anexo 2; adaptación conceptual a SINCO 2011",Revisión por descripción y especialización ocupacional SINCO,Correspondencia preliminar por afinidad del campo de conocimiento requerido,aceptada,1.0.0
5,"Ingeniería, manufactura y construcción",730,"Supervisores de artesanos y trabajadores en la elaboración de productos de madera, papel, textiles",directa,1,1,"Montt (2015), Anexo 2; adaptación conceptual a SINCO 2011",Revisión por descripción y especialización ocupacional SINCO,Correspondencia preliminar por afinidad del campo de conocimiento requerido,aceptada,1.0.0
5,"Ingeniería, manufactura y construcción",731,Artesanos y trabajadores en la elaboración de productos de madera,directa,1,1,"Montt (2015), Anexo 2; adaptación conceptual a SINCO 2011",Revisión por descripción y especialización ocupacional SINCO,Correspondencia preliminar por afinidad del campo de conocimiento requerido,aceptada,1.0.0
5,"Ingeniería, manufactura y construcción",732,"Artesanos y trabajadores en la elaboración de productos de papel, cartón y trabajos de impresión",directa,1,1,"Montt (2015), Anexo 2; adaptación conceptual a SINCO 2011",Revisión por descripción y especialización ocupacional SINCO,Correspondencia preliminar por afinidad del campo de conocimiento requerido,aceptada,1.0.0
5,"Ingeniería, manufactura y construcción",733,Tejedores y trabajadores en la preparación de ﬁbras textiles,directa,1,1,"Montt (2015), Anexo 2; adaptación conceptual a SINCO 2011",Revisión por descripción y especialización ocupacional SINCO,Correspondencia preliminar por afinidad del campo de conocimiento requerido,aceptada,1.0.0
5,"Ingeniería, manufactura y construcción",734,Artesanos y trabajadores en la elaboración de productos textiles,directa,1,1,"Montt (2015), Anexo 2; adaptación conceptual a SINCO 2011",Revisión por descripción y especialización ocupacional SINCO,Correspondencia preliminar por afinidad del campo de conocimiento requerido,aceptada,1.0.0
5,"Ingeniería, manufactura y construcción",735,Tapiceros y trabajadores en el tratamiento y elaboración de productos de cuero y piel,directa,1,1,"Montt (2015), Anexo 2; adaptación conceptual a SINCO 2011",Revisión por descripción y especialización ocupacional SINCO,Correspondencia preliminar por afinidad del campo de conocimiento requerido,aceptada,1.0.0
5,"Ingeniería, manufactura y construcción",740,"Supervisores de artesanos y trabajadores en la elaboración de productos de hule, caucho, plásticos y de",directa,1,1,"Montt (2015), Anexo 2; adaptación conceptual a SINCO 2011",Revisión por descripción y especialización ocupacional SINCO,Correspondencia preliminar por afinidad del campo de conocimiento requerido,aceptada,1.0.0
5,"Ingeniería, manufactura y construcción",741,"Artesanos y trabajadores en la elaboración de productos de hule, caucho, plásticos y de sustancias quí",directa,1,1,"Montt (2015), Anexo 2; adaptación conceptual a SINCO 2011",Revisión por descripción y especialización ocupacional SINCO,Correspondencia preliminar por afinidad del campo de conocimiento requerido,aceptada,1.0.0
5,"Ingeniería, manufactura y construcción",750,"Supervisores de trabajadores en la elaboración y procesamiento de alimentos, bebidas y productos de",directa,1,1,"Montt (2015), Anexo 2; adaptación conceptual a SINCO 2011",Revisión por descripción y especialización ocupacional SINCO,Correspondencia preliminar por afinidad del campo de conocimiento requerido,aceptada,1.0.0
5,"Ingeniería, manufactura y construcción",751,"Trabajadores en la elaboración y procesamiento de alimentos, bebidas y productos de tabaco",directa,1,1,"Montt (2015), Anexo 2; adaptación conceptual a SINCO 2011",Revisión por descripción y especialización ocupacional SINCO,Correspondencia preliminar por afinidad del campo de conocimiento requerido,aceptada,1.0.0
5,"Ingeniería, manufactura y construcción",760,"Supervisores de artesanos y trabajadores en la elaboración de productos de cerámica, vidrio, azulejo y",directa,1,1,"Montt (2015), Anexo 2; adaptación conceptual a SINCO 2011",Revisión por descripción y especialización ocupacional SINCO,Correspondencia preliminar por afinidad del campo de conocimiento requerido,aceptada,1.0.0
5,"Ingeniería, manufactura y construcción",761,"Artesanos y trabajadores en la elaboración de productos de cerámica, vidrio, azulejo y similares",directa,1,1,"Montt (2015), Anexo 2; adaptación conceptual a SINCO 2011",Revisión por descripción y especialización ocupacional SINCO,Correspondencia preliminar por afinidad del campo de conocimiento requerido,aceptada,1.0.0
5,"Ingeniería, manufactura y construcción",799,"Otros trabajadores artesanales, no clasiﬁcados anteriormente",transversal,0,1,"Montt (2015), Anexo 2; adaptación conceptual a SINCO 2011",Revisión por descripción y especialización ocupacional SINCO,Correspondencia preliminar por afinidad del campo de conocimiento requerido,aceptada,1.0.0
5,"Ingeniería, manufactura y construcción",810,Supervisores de operadores de maquinaria industrial,directa,1,1,"Montt (2015), Anexo 2; adaptación conceptual a SINCO 2011",Revisión por descripción y especialización ocupacional SINCO,Correspondencia preliminar por afinidad del campo de conocimiento requerido,aceptada,1.0.0
5,"Ingeniería, manufactura y construcción",811,"Operadores de máquinas y equipos para la extracción en minas, canteras y pozos",directa,1,1,"Montt (2015), Anexo 2; adaptación conceptual a SINCO 2011",Revisión por descripción y especialización ocupacional SINCO,Correspondencia preliminar por afinidad del campo de conocimiento requerido,aceptada,1.0.0
5,"Ingeniería, manufactura y construcción",812,"Operadores de máquinas y equipos en la fabricación metalúrgica, fabricación de maquinaria y productos",directa,1,1,"Montt (2015), Anexo 2; adaptación conceptual a SINCO 2011",Revisión por descripción y especialización ocupacional SINCO,Correspondencia preliminar por afinidad del campo de conocimiento requerido,aceptada,1.0.0
5,"Ingeniería, manufactura y construcción",813,"Operadores de máquinas y equipos en la elaboración de productos químicos, plásticos, tratamiento de",directa,1,1,"Montt (2015), Anexo 2; adaptación conceptual a SINCO 2011",Revisión por descripción y especialización ocupacional SINCO,Correspondencia preliminar por afinidad del campo de conocimiento requerido,aceptada,1.0.0
5,"Ingeniería, manufactura y construcción",814,Operadores de máquinas para la madera y papel,directa,1,1,"Montt (2015), Anexo 2; adaptación conceptual a SINCO 2011",Revisión por descripción y especialización ocupacional SINCO,Correspondencia preliminar por afinidad del campo de conocimiento requerido,aceptada,1.0.0
5,"Ingeniería, manufactura y construcción",815,"Operadores de máquinas y equipos en la elaboración de productos textiles, cuero y piel",directa,1,1,"Montt (2015), Anexo 2; adaptación conceptual a SINCO 2011",Revisión por descripción y especialización ocupacional SINCO,Correspondencia preliminar por afinidad del campo de conocimiento requerido,aceptada,1.0.0
5,"Ingeniería, manufactura y construcción",816,"Operadores de máquinas en la elaboración de alimentos, bebidas y tabaco",directa,1,1,"Montt (2015), Anexo 2; adaptación conceptual a SINCO 2011",Revisión por descripción y especialización ocupacional SINCO,Correspondencia preliminar por afinidad del campo de conocimiento requerido,aceptada,1.0.0
5,"Ingeniería, manufactura y construcción",817,"Operadores de máquinas en la elaboración de cemento y productos de cerámica, vidrio y similares",directa,1,1,"Montt (2015), Anexo 2; adaptación conceptual a SINCO 2011",Revisión por descripción y especialización ocupacional SINCO,Correspondencia preliminar por afinidad del campo de conocimiento requerido,aceptada,1.0.0
5,"Ingeniería, manufactura y construcción",818,Operadores de máquinas para la generación de energía,directa,1,1,"Montt (2015), Anexo 2; adaptación conceptual a SINCO 2011",Revisión por descripción y especialización ocupacional SINCO,Correspondencia preliminar por afinidad del campo de conocimiento requerido,aceptada,1.0.0
5,"Ingeniería, manufactura y construcción",819,"Otros operadores de instalaciones y maquinaria ﬁja industrial, no clasiﬁcados anteriormente",transversal,0,1,"Montt (2015), Anexo 2; adaptación conceptual a SINCO 2011",Revisión por descripción y especialización ocupacional SINCO,Correspondencia preliminar por afinidad del campo de conocimiento requerido,aceptada,1.0.0
5,"Ingeniería, manufactura y construcción",820,"Supervisores en procesos de ensamblado y montaje de herramientas, maquinaria, productos metálicos y",directa,1,1,"Montt (2015), Anexo 2; adaptación conceptual a SINCO 2011",Revisión por descripción y especialización ocupacional SINCO,Correspondencia preliminar por afinidad del campo de conocimiento requerido,aceptada,1.0.0
5,"Ingeniería, manufactura y construcción",821,"Ensambladores y montadores de herramientas, maquinaria, productos metálicos y electrónicos",directa,1,1,"Montt (2015), Anexo 2; adaptación conceptual a SINCO 2011",Revisión por descripción y especialización ocupacional SINCO,Correspondencia preliminar por afinidad del campo de conocimiento requerido,aceptada,1.0.0
5,"Ingeniería, manufactura y construcción",830,Supervisores de conductores de transporte y de maquinaria móvil,transversal,0,1,"Montt (2015), Anexo 2; adaptación conceptual a SINCO 2011",Revisión por descripción y especialización ocupacional SINCO,Correspondencia preliminar por afinidad del campo de conocimiento requerido,aceptada,1.0.0
5,"Ingeniería, manufactura y construcción",831,Conductores de transporte aéreo,transversal,0,1,"Montt (2015), Anexo 2; adaptación conceptual a SINCO 2011",Revisión por descripción y especialización ocupacional SINCO,Correspondencia preliminar por afinidad del campo de conocimiento requerido,aceptada,1.0.0
5,"Ingeniería, manufactura y construcción",832,Conductores de transporte marítimo,transversal,0,1,"Montt (2015), Anexo 2; adaptación conceptual a SINCO 2011",Revisión por descripción y especialización ocupacional SINCO,Correspondencia preliminar por afinidad del campo de conocimiento requerido,aceptada,1.0.0
5,"Ingeniería, manufactura y construcción",833,Conductores de transporte en vías férreas,transversal,0,1,"Montt (2015), Anexo 2; adaptación conceptual a SINCO 2011",Revisión por descripción y especialización ocupacional SINCO,Correspondencia preliminar por afinidad del campo de conocimiento requerido,aceptada,1.0.0
5,"Ingeniería, manufactura y construcción",834,Conductores de transporte terrestre con motor,transversal,0,1,"Montt (2015), Anexo 2; adaptación conceptual a SINCO 2011",Revisión por descripción y especialización ocupacional SINCO,Correspondencia preliminar por afinidad del campo de conocimiento requerido,aceptada,1.0.0
5,"Ingeniería, manufactura y construcción",835,Conductores de maquinaria móvil,transversal,0,1,"Montt (2015), Anexo 2; adaptación conceptual a SINCO 2011",Revisión por descripción y especialización ocupacional SINCO,Correspondencia preliminar por afinidad del campo de conocimiento requerido,aceptada,1.0.0
5,"Ingeniería, manufactura y construcción",899,"Otros operadores de maquinaria industrial, ensambladores y conductores de transporte no clasiﬁcados",transversal,0,1,"Montt (2015), Anexo 2; adaptación conceptual a SINCO 2011",Revisión por descripción y especialización ocupacional SINCO,Correspondencia preliminar por afinidad del campo de conocimiento requerido,aceptada,1.0.0
5,"Ingeniería, manufactura y construcción",921,Trabajadores de apoyo en la minería y extracción,directa,1,1,"Montt (2015), Anexo 2; adaptación conceptual a SINCO 2011",Revisión por descripción y especialización ocupacional SINCO,Correspondencia preliminar por afinidad del campo de conocimiento requerido,aceptada,1.0.0
5,"Ingeniería, manufactura y construcción",922,Trabajadores de apoyo en la construcción y la plomería,directa,1,1,"Montt (2015), Anexo 2; adaptación conceptual a SINCO 2011",Revisión por descripción y especialización ocupacional SINCO,Correspondencia preliminar por afinidad del campo de conocimiento requerido,aceptada,1.0.0
5,"Ingeniería, manufactura y construcción",923,Trabajadores de apoyo en la industria,directa,1,1,"Montt (2015), Anexo 2; adaptación conceptual a SINCO 2011",Revisión por descripción y especialización ocupacional SINCO,Correspondencia preliminar por afinidad del campo de conocimiento requerido,aceptada,1.0.0
5,"Ingeniería, manufactura y construcción",931,Ayudantes de conductores de transporte,transversal,0,1,"Montt (2015), Anexo 2; adaptación conceptual a SINCO 2011",Revisión por descripción y especialización ocupacional SINCO,Correspondencia preliminar por afinidad del campo de conocimiento requerido,aceptada,1.0.0
5,"Ingeniería, manufactura y construcción",932,Conductores de transporte en bicicleta y animal,transversal,0,1,"Montt (2015), Anexo 2; adaptación conceptual a SINCO 2011",Revisión por descripción y especialización ocupacional SINCO,Correspondencia preliminar por afinidad del campo de conocimiento requerido,aceptada,1.0.0
5,"Ingeniería, manufactura y construcción",933,Cargadores,transversal,0,1,"Montt (2015), Anexo 2; adaptación conceptual a SINCO 2011",Revisión por descripción y especialización ocupacional SINCO,Correspondencia preliminar por afinidad del campo de conocimiento requerido,aceptada,1.0.0
6,Agronomía y veterinaria,131,"Directores y gerentes en producción agropecuaria, industrial, construcción y mantenimiento",transversal,0,1,"Montt (2015), Anexo 2; adaptación conceptual a SINCO 2011",Revisión por descripción y especialización ocupacional SINCO,Correspondencia preliminar por afinidad del campo de conocimiento requerido,aceptada,1.0.0
6,Agronomía y veterinaria,161,"Coordinadores y jefes de área en producción agropecuaria, industrial, construcción y mantenimiento",transversal,0,1,"Montt (2015), Anexo 2; adaptación conceptual a SINCO 2011",Revisión por descripción y especialización ocupacional SINCO,Correspondencia preliminar por afinidad del campo de conocimiento requerido,aceptada,1.0.0
6,Agronomía y veterinaria,222,"Investigadores y especialistas en ciencias biológicas, químicas y del medio ambiente",transversal,0,1,"Montt (2015), Anexo 2; adaptación conceptual a SINCO 2011",Revisión por descripción y especialización ocupacional SINCO,Correspondencia preliminar por afinidad del campo de conocimiento requerido,aceptada,1.0.0
6,Agronomía y veterinaria,223,Especialistas en ciencias agronómicas,directa,1,1,"Montt (2015), Anexo 2; adaptación conceptual a SINCO 2011",Revisión por descripción y especialización ocupacional SINCO,Correspondencia preliminar por afinidad del campo de conocimiento requerido,aceptada,1.0.0
6,Agronomía y veterinaria,232,Profesores de nivel medio y superior,transversal,0,1,"Montt (2015), Anexo 2; adaptación conceptual a SINCO 2011",Revisión por descripción y especialización ocupacional SINCO,Correspondencia preliminar por afinidad del campo de conocimiento requerido,aceptada,1.0.0
6,Agronomía y veterinaria,261,"Auxiliares y técnicos en ciencias físicas, matemáticas, biológicas, químicas, del medio ambiente y agronómicas",transversal,0,1,"Montt (2015), Anexo 2; adaptación conceptual a SINCO 2011",Revisión por descripción y especialización ocupacional SINCO,Correspondencia preliminar por afinidad del campo de conocimiento requerido,aceptada,1.0.0
6,Agronomía y veterinaria,610,"Supervisores, encargados y capataces agropecuarios",directa,1,1,"Montt (2015), Anexo 2; adaptación conceptual a SINCO 2011",Revisión por descripción y especialización ocupacional SINCO,Correspondencia preliminar por afinidad del campo de conocimiento requerido,aceptada,1.0.0
6,Agronomía y veterinaria,611,Trabajadores en actividades agrícolas,directa,1,1,"Montt (2015), Anexo 2; adaptación conceptual a SINCO 2011",Revisión por descripción y especialización ocupacional SINCO,Correspondencia preliminar por afinidad del campo de conocimiento requerido,aceptada,1.0.0
6,Agronomía y veterinaria,612,Trabajadores en actividades ganaderas y en la cría de animales,directa,1,1,"Montt (2015), Anexo 2; adaptación conceptual a SINCO 2011",Revisión por descripción y especialización ocupacional SINCO,Correspondencia preliminar por afinidad del campo de conocimiento requerido,aceptada,1.0.0
6,Agronomía y veterinaria,613,Trabajadores que combinan actividades agrícolas con ganaderas,directa,1,1,"Montt (2015), Anexo 2; adaptación conceptual a SINCO 2011",Revisión por descripción y especialización ocupacional SINCO,Correspondencia preliminar por afinidad del campo de conocimiento requerido,aceptada,1.0.0
6,Agronomía y veterinaria,620,"Supervisores, encargados y capataces de trabajadores en actividades pesqueras, acuícolas, forestales,",directa,1,1,"Montt (2015), Anexo 2; adaptación conceptual a SINCO 2011",Revisión por descripción y especialización ocupacional SINCO,Correspondencia preliminar por afinidad del campo de conocimiento requerido,aceptada,1.0.0
6,Agronomía y veterinaria,621,Trabajadores en actividades pesqueras y de acuacultura,directa,1,1,"Montt (2015), Anexo 2; adaptación conceptual a SINCO 2011",Revisión por descripción y especialización ocupacional SINCO,Correspondencia preliminar por afinidad del campo de conocimiento requerido,aceptada,1.0.0
6,Agronomía y veterinaria,622,Trabajadores en actividades silvícolas y forestales,directa,1,1,"Montt (2015), Anexo 2; adaptación conceptual a SINCO 2011",Revisión por descripción y especialización ocupacional SINCO,Correspondencia preliminar por afinidad del campo de conocimiento requerido,aceptada,1.0.0
6,Agronomía y veterinaria,623,"Trabajadores en actividades de caza, trampería y similares",directa,1,1,"Montt (2015), Anexo 2; adaptación conceptual a SINCO 2011",Revisión por descripción y especialización ocupacional SINCO,Correspondencia preliminar por afinidad del campo de conocimiento requerido,aceptada,1.0.0
6,Agronomía y veterinaria,631,Operadores de maquinaria agropecuaria y forestal,directa,1,1,"Montt (2015), Anexo 2; adaptación conceptual a SINCO 2011",Revisión por descripción y especialización ocupacional SINCO,Correspondencia preliminar por afinidad del campo de conocimiento requerido,aceptada,1.0.0
6,Agronomía y veterinaria,699,"Otros trabajadores en actividades agrícolas, ganaderas, forestales, caza y pesca no clasiﬁcados anterior",transversal,0,1,"Montt (2015), Anexo 2; adaptación conceptual a SINCO 2011",Revisión por descripción y especialización ocupacional SINCO,Correspondencia preliminar por afinidad del campo de conocimiento requerido,aceptada,1.0.0
6,Agronomía y veterinaria,751,"Trabajadores en la elaboración y procesamiento de alimentos, bebidas y productos de tabaco",transversal,0,1,"Montt (2015), Anexo 2; adaptación conceptual a SINCO 2011",Revisión por descripción y especialización ocupacional SINCO,Correspondencia preliminar por afinidad del campo de conocimiento requerido,aceptada,1.0.0
6,Agronomía y veterinaria,911,Trabajadores de apoyo en actividades agropecuarias,directa,1,1,"Montt (2015), Anexo 2; adaptación conceptual a SINCO 2011",Revisión por descripción y especialización ocupacional SINCO,Correspondencia preliminar por afinidad del campo de conocimiento requerido,aceptada,1.0.0
6,Agronomía y veterinaria,912,"Trabajadores de apoyo en actividades forestales, pesca y caza",directa,1,1,"Montt (2015), Anexo 2; adaptación conceptual a SINCO 2011",Revisión por descripción y especialización ocupacional SINCO,Correspondencia preliminar por afinidad del campo de conocimiento requerido,aceptada,1.0.0
7,Salud,122,"Directores y gerentes en servicios de salud, enseñanza y sociales",transversal,0,1,"Montt (2015), Anexo 2; adaptación conceptual a SINCO 2011",Revisión por descripción y especialización ocupacional SINCO,Correspondencia preliminar por afinidad del campo de conocimiento requerido,aceptada,1.0.0
7,Salud,152,"Coordinadores y jefes de área en servicios de salud, enseñanza, sociales y jueces caliﬁcadores",transversal,0,1,"Montt (2015), Anexo 2; adaptación conceptual a SINCO 2011",Revisión por descripción y especialización ocupacional SINCO,Correspondencia preliminar por afinidad del campo de conocimiento requerido,aceptada,1.0.0
7,Salud,222,"Investigadores y especialistas en ciencias biológicas, químicas y del medio ambiente",transversal,0,1,"Montt (2015), Anexo 2; adaptación conceptual a SINCO 2011",Revisión por descripción y especialización ocupacional SINCO,Correspondencia preliminar por afinidad del campo de conocimiento requerido,aceptada,1.0.0
7,Salud,232,Profesores de nivel medio y superior,transversal,0,1,"Montt (2015), Anexo 2; adaptación conceptual a SINCO 2011",Revisión por descripción y especialización ocupacional SINCO,Correspondencia preliminar por afinidad del campo de conocimiento requerido,aceptada,1.0.0
7,Salud,234,Profesores en enseñanza especial,transversal,0,1,"Montt (2015), Anexo 2; adaptación conceptual a SINCO 2011",Revisión por descripción y especialización ocupacional SINCO,Correspondencia preliminar por afinidad del campo de conocimiento requerido,aceptada,1.0.0
7,Salud,241,Médicos generales y especialistas,directa,1,1,"Montt (2015), Anexo 2; adaptación conceptual a SINCO 2011",Revisión por descripción y especialización ocupacional SINCO,Correspondencia preliminar por afinidad del campo de conocimiento requerido,aceptada,1.0.0
7,Salud,242,Otros especialistas en salud,directa,1,1,"Montt (2015), Anexo 2; adaptación conceptual a SINCO 2011",Revisión por descripción y especialización ocupacional SINCO,Correspondencia preliminar por afinidad del campo de conocimiento requerido,aceptada,1.0.0
7,Salud,281,Enfermeras y técnicos en medicina,directa,1,1,"Montt (2015), Anexo 2; adaptación conceptual a SINCO 2011",Revisión por descripción y especialización ocupacional SINCO,Correspondencia preliminar por afinidad del campo de conocimiento requerido,aceptada,1.0.0
7,Salud,282,Trabajadores de apoyo en salud,directa,1,1,"Montt (2015), Anexo 2; adaptación conceptual a SINCO 2011",Revisión por descripción y especialización ocupacional SINCO,Correspondencia preliminar por afinidad del campo de conocimiento requerido,aceptada,1.0.0
7,Salud,522,Trabajadores en el cuidado de personas,transversal,0,1,"Montt (2015), Anexo 2; adaptación conceptual a SINCO 2011",Revisión por descripción y especialización ocupacional SINCO,Correspondencia preliminar por afinidad del campo de conocimiento requerido,aceptada,1.0.0
8,Servicios,141,"Directores y gerentes de ventas, restaurantes y hoteles",transversal,0,1,"Montt (2015), Anexo 2; adaptación conceptual a SINCO 2011",Revisión por descripción y especialización ocupacional SINCO,Correspondencia preliminar por afinidad del campo de conocimiento requerido,aceptada,1.0.0
8,Servicios,142,"Directores y gerentes de museos, cines y otros establecimientos",transversal,0,1,"Montt (2015), Anexo 2; adaptación conceptual a SINCO 2011",Revisión por descripción y especialización ocupacional SINCO,Correspondencia preliminar por afinidad del campo de conocimiento requerido,aceptada,1.0.0
8,Servicios,171,"Coordinadores y jefes de área de ventas, restaurantes y hoteles",transversal,0,1,"Montt (2015), Anexo 2; adaptación conceptual a SINCO 2011",Revisión por descripción y especialización ocupacional SINCO,Correspondencia preliminar por afinidad del campo de conocimiento requerido,aceptada,1.0.0
8,Servicios,172,"Coordinadores y jefes de área en museos, cines y otros establecimientos",transversal,0,1,"Montt (2015), Anexo 2; adaptación conceptual a SINCO 2011",Revisión por descripción y especialización ocupacional SINCO,Correspondencia preliminar por afinidad del campo de conocimiento requerido,aceptada,1.0.0
8,Servicios,211,Administradores y mercadólogos,transversal,0,1,"Montt (2015), Anexo 2; adaptación conceptual a SINCO 2011",Revisión por descripción y especialización ocupacional SINCO,Correspondencia preliminar por afinidad del campo de conocimiento requerido,aceptada,1.0.0
8,Servicios,215,"Autores, periodistas y traductores",transversal,0,1,"Montt (2015), Anexo 2; adaptación conceptual a SINCO 2011",Revisión por descripción y especialización ocupacional SINCO,Correspondencia preliminar por afinidad del campo de conocimiento requerido,aceptada,1.0.0
8,Servicios,217,Artistas interpretativos,transversal,0,1,"Montt (2015), Anexo 2; adaptación conceptual a SINCO 2011",Revisión por descripción y especialización ocupacional SINCO,Correspondencia preliminar por afinidad del campo de conocimiento requerido,aceptada,1.0.0
8,Servicios,242,Otros especialistas en salud,transversal,0,1,"Montt (2015), Anexo 2; adaptación conceptual a SINCO 2011",Revisión por descripción y especialización ocupacional SINCO,Correspondencia preliminar por afinidad del campo de conocimiento requerido,aceptada,1.0.0
8,Servicios,251,"Auxiliares en administración, contabilidad y ﬁnanzas",transversal,0,1,"Montt (2015), Anexo 2; adaptación conceptual a SINCO 2011",Revisión por descripción y especialización ocupacional SINCO,Correspondencia preliminar por afinidad del campo de conocimiento requerido,aceptada,1.0.0
8,Servicios,252,Inspectores públicos,transversal,0,1,"Montt (2015), Anexo 2; adaptación conceptual a SINCO 2011",Revisión por descripción y especialización ocupacional SINCO,Correspondencia preliminar por afinidad del campo de conocimiento requerido,aceptada,1.0.0
8,Servicios,253,Auxiliares en ciencias sociales y humanistas,transversal,0,1,"Montt (2015), Anexo 2; adaptación conceptual a SINCO 2011",Revisión por descripción y especialización ocupacional SINCO,Correspondencia preliminar por afinidad del campo de conocimiento requerido,aceptada,1.0.0
8,Servicios,255,"Locutores, animadores y payasos",transversal,0,1,"Montt (2015), Anexo 2; adaptación conceptual a SINCO 2011",Revisión por descripción y especialización ocupacional SINCO,Correspondencia preliminar por afinidad del campo de conocimiento requerido,aceptada,1.0.0
8,Servicios,256,"Deportistas, entrenadores y árbitros",directa,1,1,"Montt (2015), Anexo 2; adaptación conceptual a SINCO 2011",Revisión por descripción y especialización ocupacional SINCO,Correspondencia preliminar por afinidad del campo de conocimiento requerido,aceptada,1.0.0
8,Servicios,266,Controladores de tráﬁco aéreo y de otros transportes,directa,1,1,"Montt (2015), Anexo 2; adaptación conceptual a SINCO 2011",Revisión por descripción y especialización ocupacional SINCO,Correspondencia preliminar por afinidad del campo de conocimiento requerido,aceptada,1.0.0
8,Servicios,310,"Supervisores de secretarias, capturistas, cajeros y trabajadores de control de archivo y transporte",transversal,0,1,"Montt (2015), Anexo 2; adaptación conceptual a SINCO 2011",Revisión por descripción y especialización ocupacional SINCO,Correspondencia preliminar por afinidad del campo de conocimiento requerido,aceptada,1.0.0
8,Servicios,311,"Secretarias, taquígrafos, mecanógrafos, capturistas de datos y operadores de máquinas de oﬁcina",transversal,0,1,"Montt (2015), Anexo 2; adaptación conceptual a SINCO 2011",Revisión por descripción y especialización ocupacional SINCO,Correspondencia preliminar por afinidad del campo de conocimiento requerido,aceptada,1.0.0
8,Servicios,312,"Cajeros, cobradores y pagadores",transversal,0,1,"Montt (2015), Anexo 2; adaptación conceptual a SINCO 2011",Revisión por descripción y especialización ocupacional SINCO,Correspondencia preliminar por afinidad del campo de conocimiento requerido,aceptada,1.0.0
8,Servicios,313,Trabajadores en archivo y control de almacén y bodega,transversal,0,1,"Montt (2015), Anexo 2; adaptación conceptual a SINCO 2011",Revisión por descripción y especialización ocupacional SINCO,Correspondencia preliminar por afinidad del campo de conocimiento requerido,aceptada,1.0.0
8,Servicios,314,Trabajadores en el control de la operación de transporte,directa,1,1,"Montt (2015), Anexo 2; adaptación conceptual a SINCO 2011",Revisión por descripción y especialización ocupacional SINCO,Correspondencia preliminar por afinidad del campo de conocimiento requerido,aceptada,1.0.0
8,Servicios,320,Supervisores de trabajadores que brindan y manejan información,transversal,0,1,"Montt (2015), Anexo 2; adaptación conceptual a SINCO 2011",Revisión por descripción y especialización ocupacional SINCO,Correspondencia preliminar por afinidad del campo de conocimiento requerido,aceptada,1.0.0
8,Servicios,321,"Recepcionistas, trabajadores que brindan información y telefonistas",transversal,0,1,"Montt (2015), Anexo 2; adaptación conceptual a SINCO 2011",Revisión por descripción y especialización ocupacional SINCO,Correspondencia preliminar por afinidad del campo de conocimiento requerido,aceptada,1.0.0
8,Servicios,322,Trabajadores en agencias de viajes e información turística,directa,1,1,"Montt (2015), Anexo 2; adaptación conceptual a SINCO 2011",Revisión por descripción y especialización ocupacional SINCO,Correspondencia preliminar por afinidad del campo de conocimiento requerido,aceptada,1.0.0
8,Servicios,323,Encuestadores y codiﬁcadores,transversal,0,1,"Montt (2015), Anexo 2; adaptación conceptual a SINCO 2011",Revisión por descripción y especialización ocupacional SINCO,Correspondencia preliminar por afinidad del campo de conocimiento requerido,aceptada,1.0.0
8,Servicios,399,"Otras secretarias, capturistas, cajeros y trabajadores que brindan información, no clasiﬁcados anterior",transversal,0,1,"Montt (2015), Anexo 2; adaptación conceptual a SINCO 2011",Revisión por descripción y especialización ocupacional SINCO,Correspondencia preliminar por afinidad del campo de conocimiento requerido,aceptada,1.0.0
8,Servicios,411,Comerciantes en establecimientos,transversal,0,1,"Montt (2015), Anexo 2; adaptación conceptual a SINCO 2011",Revisión por descripción y especialización ocupacional SINCO,Correspondencia preliminar por afinidad del campo de conocimiento requerido,aceptada,1.0.0
8,Servicios,420,Encargados y supervisores de ventas de productos y de servicios ﬁnancieros y de alquiler,transversal,0,1,"Montt (2015), Anexo 2; adaptación conceptual a SINCO 2011",Revisión por descripción y especialización ocupacional SINCO,Correspondencia preliminar por afinidad del campo de conocimiento requerido,aceptada,1.0.0
8,Servicios,421,Empleados de ventas y vendedores por teléfono,transversal,0,1,"Montt (2015), Anexo 2; adaptación conceptual a SINCO 2011",Revisión por descripción y especialización ocupacional SINCO,Correspondencia preliminar por afinidad del campo de conocimiento requerido,aceptada,1.0.0
8,Servicios,422,"Agentes, representantes de ventas y vendedores por catálogo",transversal,0,1,"Montt (2015), Anexo 2; adaptación conceptual a SINCO 2011",Revisión por descripción y especialización ocupacional SINCO,Correspondencia preliminar por afinidad del campo de conocimiento requerido,aceptada,1.0.0
8,Servicios,423,Trabajadores en la promoción de ventas y modelos,transversal,0,1,"Montt (2015), Anexo 2; adaptación conceptual a SINCO 2011",Revisión por descripción y especialización ocupacional SINCO,Correspondencia preliminar por afinidad del campo de conocimiento requerido,aceptada,1.0.0
8,Servicios,431,Trabajadores en el alquiler,transversal,0,1,"Montt (2015), Anexo 2; adaptación conceptual a SINCO 2011",Revisión por descripción y especialización ocupacional SINCO,Correspondencia preliminar por afinidad del campo de conocimiento requerido,aceptada,1.0.0
8,Servicios,499,"Otros comerciantes, empleados en ventas y agentes de ventas en establecimientos, no clasiﬁcados ante",transversal,0,1,"Montt (2015), Anexo 2; adaptación conceptual a SINCO 2011",Revisión por descripción y especialización ocupacional SINCO,Correspondencia preliminar por afinidad del campo de conocimiento requerido,aceptada,1.0.0
8,Servicios,510,"Supervisores en la preparación y servicio de alimentos y bebidas, así como en servicios de esparcimiento",directa,1,1,"Montt (2015), Anexo 2; adaptación conceptual a SINCO 2011",Revisión por descripción y especialización ocupacional SINCO,Correspondencia preliminar por afinidad del campo de conocimiento requerido,aceptada,1.0.0
8,Servicios,511,Trabajadores en la preparación y servicio de alimentos y bebidas en establecimientos,directa,1,1,"Montt (2015), Anexo 2; adaptación conceptual a SINCO 2011",Revisión por descripción y especialización ocupacional SINCO,Correspondencia preliminar por afinidad del campo de conocimiento requerido,aceptada,1.0.0
8,Servicios,520,Supervisores y encargados de trabajadores en cuidados personales y del hogar,directa,1,1,"Montt (2015), Anexo 2; adaptación conceptual a SINCO 2011",Revisión por descripción y especialización ocupacional SINCO,Correspondencia preliminar por afinidad del campo de conocimiento requerido,aceptada,1.0.0
8,Servicios,521,"Peluqueros, embellecedores y similares",directa,1,1,"Montt (2015), Anexo 2; adaptación conceptual a SINCO 2011",Revisión por descripción y especialización ocupacional SINCO,Correspondencia preliminar por afinidad del campo de conocimiento requerido,aceptada,1.0.0
8,Servicios,522,Trabajadores en el cuidado de personas,directa,1,1,"Montt (2015), Anexo 2; adaptación conceptual a SINCO 2011",Revisión por descripción y especialización ocupacional SINCO,Correspondencia preliminar por afinidad del campo de conocimiento requerido,aceptada,1.0.0
8,Servicios,523,Azafatas y sobrecargos,directa,1,1,"Montt (2015), Anexo 2; adaptación conceptual a SINCO 2011",Revisión por descripción y especialización ocupacional SINCO,Correspondencia preliminar por afinidad del campo de conocimiento requerido,aceptada,1.0.0
8,Servicios,524,Jardineros,directa,1,1,"Montt (2015), Anexo 2; adaptación conceptual a SINCO 2011",Revisión por descripción y especialización ocupacional SINCO,Correspondencia preliminar por afinidad del campo de conocimiento requerido,aceptada,1.0.0
8,Servicios,525,Trabajadores en otros servicios personales,directa,1,1,"Montt (2015), Anexo 2; adaptación conceptual a SINCO 2011",Revisión por descripción y especialización ocupacional SINCO,Correspondencia preliminar por afinidad del campo de conocimiento requerido,aceptada,1.0.0
8,Servicios,530,Supervisores en servicios de protección y vigilancia,directa,1,1,"Montt (2015), Anexo 2; adaptación conceptual a SINCO 2011",Revisión por descripción y especialización ocupacional SINCO,Correspondencia preliminar por afinidad del campo de conocimiento requerido,aceptada,1.0.0
8,Servicios,531,Trabajadores en servicios de protección y vigilancia,directa,1,1,"Montt (2015), Anexo 2; adaptación conceptual a SINCO 2011",Revisión por descripción y especialización ocupacional SINCO,Correspondencia preliminar por afinidad del campo de conocimiento requerido,aceptada,1.0.0
8,Servicios,599,"Otras ocupaciones en servicios personales y vigilancia, no clasiﬁcadas anteriormente",transversal,0,1,"Montt (2015), Anexo 2; adaptación conceptual a SINCO 2011",Revisión por descripción y especialización ocupacional SINCO,Correspondencia preliminar por afinidad del campo de conocimiento requerido,aceptada,1.0.0
8,Servicios,830,Supervisores de conductores de transporte y de maquinaria móvil,transversal,0,1,"Montt (2015), Anexo 2; adaptación conceptual a SINCO 2011",Revisión por descripción y especialización ocupacional SINCO,Correspondencia preliminar por afinidad del campo de conocimiento requerido,aceptada,1.0.0
8,Servicios,831,Conductores de transporte aéreo,transversal,0,1,"Montt (2015), Anexo 2; adaptación conceptual a SINCO 2011",Revisión por descripción y especialización ocupacional SINCO,Correspondencia preliminar por afinidad del campo de conocimiento requerido,aceptada,1.0.0
8,Servicios,832,Conductores de transporte marítimo,transversal,0,1,"Montt (2015), Anexo 2; adaptación conceptual a SINCO 2011",Revisión por descripción y especialización ocupacional SINCO,Correspondencia preliminar por afinidad del campo de conocimiento requerido,aceptada,1.0.0
8,Servicios,833,Conductores de transporte en vías férreas,transversal,0,1,"Montt (2015), Anexo 2; adaptación conceptual a SINCO 2011",Revisión por descripción y especialización ocupacional SINCO,Correspondencia preliminar por afinidad del campo de conocimiento requerido,aceptada,1.0.0
8,Servicios,834,Conductores de transporte terrestre con motor,transversal,0,1,"Montt (2015), Anexo 2; adaptación conceptual a SINCO 2011",Revisión por descripción y especialización ocupacional SINCO,Correspondencia preliminar por afinidad del campo de conocimiento requerido,aceptada,1.0.0
8,Servicios,835,Conductores de maquinaria móvil,transversal,0,1,"Montt (2015), Anexo 2; adaptación conceptual a SINCO 2011",Revisión por descripción y especialización ocupacional SINCO,Correspondencia preliminar por afinidad del campo de conocimiento requerido,aceptada,1.0.0
8,Servicios,899,"Otros operadores de maquinaria industrial, ensambladores y conductores de transporte no clasiﬁcados",transversal,0,1,"Montt (2015), Anexo 2; adaptación conceptual a SINCO 2011",Revisión por descripción y especialización ocupacional SINCO,Correspondencia preliminar por afinidad del campo de conocimiento requerido,aceptada,1.0.0
8,Servicios,941,Ayudantes en la preparación de alimentos,directa,1,1,"Montt (2015), Anexo 2; adaptación conceptual a SINCO 2011",Revisión por descripción y especialización ocupacional SINCO,Correspondencia preliminar por afinidad del campo de conocimiento requerido,aceptada,1.0.0
8,Servicios,951,Vendedores ambulantes (excluyendo los de venta de alimentos),transversal,0,1,"Montt (2015), Anexo 2; adaptación conceptual a SINCO 2011",Revisión por descripción y especialización ocupacional SINCO,Correspondencia preliminar por afinidad del campo de conocimiento requerido,aceptada,1.0.0
8,Servicios,952,Vendedores ambulantes de alimentos,transversal,0,1,"Montt (2015), Anexo 2; adaptación conceptual a SINCO 2011",Revisión por descripción y especialización ocupacional SINCO,Correspondencia preliminar por afinidad del campo de conocimiento requerido,aceptada,1.0.0
8,Servicios,960,"Supervisores en limpieza, amas de llaves, mayordomos y en estacionamientos",directa,1,1,"Montt (2015), Anexo 2; adaptación conceptual a SINCO 2011",Revisión por descripción y especialización ocupacional SINCO,Correspondencia preliminar por afinidad del campo de conocimiento requerido,aceptada,1.0.0
8,Servicios,961,Trabajadores domésticos,directa,1,1,"Montt (2015), Anexo 2; adaptación conceptual a SINCO 2011",Revisión por descripción y especialización ocupacional SINCO,Correspondencia preliminar por afinidad del campo de conocimiento requerido,aceptada,1.0.0
8,Servicios,962,"Trabajadores de limpieza, recamaristas, mozos de limpieza y limpiadores de calzado",directa,1,1,"Montt (2015), Anexo 2; adaptación conceptual a SINCO 2011",Revisión por descripción y especialización ocupacional SINCO,Correspondencia preliminar por afinidad del campo de conocimiento requerido,aceptada,1.0.0
8,Servicios,963,Lavadores y cuidadores de vehículos,directa,1,1,"Montt (2015), Anexo 2; adaptación conceptual a SINCO 2011",Revisión por descripción y especialización ocupacional SINCO,Correspondencia preliminar por afinidad del campo de conocimiento requerido,aceptada,1.0.0
8,Servicios,964,Lavanderos y planchadores,directa,1,1,"Montt (2015), Anexo 2; adaptación conceptual a SINCO 2011",Revisión por descripción y especialización ocupacional SINCO,Correspondencia preliminar por afinidad del campo de conocimiento requerido,aceptada,1.0.0
8,Servicios,965,Ayudantes de jardineros,directa,1,1,"Montt (2015), Anexo 2; adaptación conceptual a SINCO 2011",Revisión por descripción y especialización ocupacional SINCO,Correspondencia preliminar por afinidad del campo de conocimiento requerido,aceptada,1.0.0
8,Servicios,966,"Recolectores de desechos, material reciclable y otros materiales",directa,1,1,"Montt (2015), Anexo 2; adaptación conceptual a SINCO 2011",Revisión por descripción y especialización ocupacional SINCO,Correspondencia preliminar por afinidad del campo de conocimiento requerido,aceptada,1.0.0
8,Servicios,971,"Trabajadores de paquetería, empacado y de apoyo para espectáculos",transversal,0,1,"Montt (2015), Anexo 2; adaptación conceptual a SINCO 2011",Revisión por descripción y especialización ocupacional SINCO,Correspondencia preliminar por afinidad del campo de conocimiento requerido,aceptada,1.0.0
8,Servicios,972,Trabajadores repartidores de mensajería y mercancías (a pie y en bicicleta),transversal,0,1,"Montt (2015), Anexo 2; adaptación conceptual a SINCO 2011",Revisión por descripción y especialización ocupacional SINCO,Correspondencia preliminar por afinidad del campo de conocimiento requerido,aceptada,1.0.0
8,Servicios,973,"Lecturistas de medidores, recolectores de dinero y elevadoristas",transversal,0,1,"Montt (2015), Anexo 2; adaptación conceptual a SINCO 2011",Revisión por descripción y especialización ocupacional SINCO,Correspondencia preliminar por afinidad del campo de conocimiento requerido,aceptada,1.0.0
8,Servicios,989,"Otros trabajadores en actividades elementales y de apoyo, no clasiﬁcados anteriormente",transversal,0,1,"Montt (2015), Anexo 2; adaptación conceptual a SINCO 2011",Revisión por descripción y especialización ocupacional SINCO,Correspondencia preliminar por afinidad del campo de conocimiento requerido,aceptada,1.0.0
