"clasificador_carrera","codigo_fuente","carrera_cmpe2011_lookup","arm8_cmpe2011_lookup","destinos_cmpe2011_posibles","estado_correspondencia_cmpe2011","nivel_evidencia_cmpe2011","fase_correspondencia_cmpe2011","soporte_codigo_n","soporte_codigo_poblacion","proporcion_modal_codigo_registros","proporcion_modal_codigo_poblacion","paneles_soporte_codigo","nivel_cobertura_codigo","regla_correspondencia_cmpe2011","version_regla"
"CMPE 2011","110","110","1","110","unique","official_exact","integrated",,,1,1,,"nativa_cmpe2011","CAR-CMPE2011-ID-110","2026-09-13"
"CMPE 2011","111","111","1","111","unique","official_exact","integrated",,,1,1,,"nativa_cmpe2011","CAR-CMPE2011-ID-111","2026-09-13"
"CMPE 2011","112","112","1","112","unique","official_exact","integrated",,,1,1,,"nativa_cmpe2011","CAR-CMPE2011-ID-112","2026-09-13"
"CMPE 2011","113","113","1","113","unique","official_exact","integrated",,,1,1,,"nativa_cmpe2011","CAR-CMPE2011-ID-113","2026-09-13"
"CMPE 2011","114","114","1","114","unique","official_exact","integrated",,,1,1,,"nativa_cmpe2011","CAR-CMPE2011-ID-114","2026-09-13"
"CMPE 2011","120","120","1","120","unique","official_exact","integrated",,,1,1,,"nativa_cmpe2011","CAR-CMPE2011-ID-120","2026-09-13"
"CMPE 2011","121","121","1","121","unique","official_exact","integrated",,,1,1,,"nativa_cmpe2011","CAR-CMPE2011-ID-121","2026-09-13"
"CMPE 2011","122","122","1","122","unique","official_exact","integrated",,,1,1,,"nativa_cmpe2011","CAR-CMPE2011-ID-122","2026-09-13"
"CMPE 2011","123","123","1","123","unique","official_exact","integrated",,,1,1,,"nativa_cmpe2011","CAR-CMPE2011-ID-123","2026-09-13"
"CMPE 2011","124","124","1","124","unique","official_exact","integrated",,,1,1,,"nativa_cmpe2011","CAR-CMPE2011-ID-124","2026-09-13"
"CMPE 2011","125","125","1","125","unique","official_exact","integrated",,,1,1,,"nativa_cmpe2011","CAR-CMPE2011-ID-125","2026-09-13"
"CMPE 2011","126","126","1","126","unique","official_exact","integrated",,,1,1,,"nativa_cmpe2011","CAR-CMPE2011-ID-126","2026-09-13"
"CMPE 2011","127","127","1","127","unique","official_exact","integrated",,,1,1,,"nativa_cmpe2011","CAR-CMPE2011-ID-127","2026-09-13"
"CMPE 2011","128","128","1","128","unique","official_exact","integrated",,,1,1,,"nativa_cmpe2011","CAR-CMPE2011-ID-128","2026-09-13"
"CMPE 2011","210","210","2","210","unique","official_exact","integrated",,,1,1,,"nativa_cmpe2011","CAR-CMPE2011-ID-210","2026-09-13"
"CMPE 2011","211","211","2","211","unique","official_exact","integrated",,,1,1,,"nativa_cmpe2011","CAR-CMPE2011-ID-211","2026-09-13"
"CMPE 2011","212","212","2","212","unique","official_exact","integrated",,,1,1,,"nativa_cmpe2011","CAR-CMPE2011-ID-212","2026-09-13"
"CMPE 2011","213","213","2","213","unique","official_exact","integrated",,,1,1,,"nativa_cmpe2011","CAR-CMPE2011-ID-213","2026-09-13"
"CMPE 2011","214","214","2","214","unique","official_exact","integrated",,,1,1,,"nativa_cmpe2011","CAR-CMPE2011-ID-214","2026-09-13"
"CMPE 2011","215","215","2","215","unique","official_exact","integrated",,,1,1,,"nativa_cmpe2011","CAR-CMPE2011-ID-215","2026-09-13"
"CMPE 2011","220","220","2","220","unique","official_exact","integrated",,,1,1,,"nativa_cmpe2011","CAR-CMPE2011-ID-220","2026-09-13"
"CMPE 2011","221","221","2","221","unique","official_exact","integrated",,,1,1,,"nativa_cmpe2011","CAR-CMPE2011-ID-221","2026-09-13"
"CMPE 2011","222","222","2","222","unique","official_exact","integrated",,,1,1,,"nativa_cmpe2011","CAR-CMPE2011-ID-222","2026-09-13"
"CMPE 2011","223","223","2","223","unique","official_exact","integrated",,,1,1,,"nativa_cmpe2011","CAR-CMPE2011-ID-223","2026-09-13"
"CMPE 2011","224","224","2","224","unique","official_exact","integrated",,,1,1,,"nativa_cmpe2011","CAR-CMPE2011-ID-224","2026-09-13"
"CMPE 2011","225","225","2","225","unique","official_exact","integrated",,,1,1,,"nativa_cmpe2011","CAR-CMPE2011-ID-225","2026-09-13"
"CMPE 2011","310","310","3","310","unique","official_exact","integrated",,,1,1,,"nativa_cmpe2011","CAR-CMPE2011-ID-310","2026-09-13"
"CMPE 2011","311","311","3","311","unique","official_exact","integrated",,,1,1,,"nativa_cmpe2011","CAR-CMPE2011-ID-311","2026-09-13"
"CMPE 2011","312","312","3","312","unique","official_exact","integrated",,,1,1,,"nativa_cmpe2011","CAR-CMPE2011-ID-312","2026-09-13"
"CMPE 2011","313","313","3","313","unique","official_exact","integrated",,,1,1,,"nativa_cmpe2011","CAR-CMPE2011-ID-313","2026-09-13"
"CMPE 2011","314","314","3","314","unique","official_exact","integrated",,,1,1,,"nativa_cmpe2011","CAR-CMPE2011-ID-314","2026-09-13"
"CMPE 2011","315","315","3","315","unique","official_exact","integrated",,,1,1,,"nativa_cmpe2011","CAR-CMPE2011-ID-315","2026-09-13"
"CMPE 2011","321","321","3","321","unique","official_exact","integrated",,,1,1,,"nativa_cmpe2011","CAR-CMPE2011-ID-321","2026-09-13"
"CMPE 2011","322","322","3","322","unique","official_exact","integrated",,,1,1,,"nativa_cmpe2011","CAR-CMPE2011-ID-322","2026-09-13"
"CMPE 2011","330","330","3","330","unique","official_exact","integrated",,,1,1,,"nativa_cmpe2011","CAR-CMPE2011-ID-330","2026-09-13"
"CMPE 2011","331","331","3","331","unique","official_exact","integrated",,,1,1,,"nativa_cmpe2011","CAR-CMPE2011-ID-331","2026-09-13"
"CMPE 2011","332","332","3","332","unique","official_exact","integrated",,,1,1,,"nativa_cmpe2011","CAR-CMPE2011-ID-332","2026-09-13"
"CMPE 2011","333","333","3","333","unique","official_exact","integrated",,,1,1,,"nativa_cmpe2011","CAR-CMPE2011-ID-333","2026-09-13"
"CMPE 2011","334","334","3","334","unique","official_exact","integrated",,,1,1,,"nativa_cmpe2011","CAR-CMPE2011-ID-334","2026-09-13"
"CMPE 2011","335","335","3","335","unique","official_exact","integrated",,,1,1,,"nativa_cmpe2011","CAR-CMPE2011-ID-335","2026-09-13"
"CMPE 2011","341","341","3","341","unique","official_exact","integrated",,,1,1,,"nativa_cmpe2011","CAR-CMPE2011-ID-341","2026-09-13"
"CMPE 2011","342","342","3","342","unique","official_exact","integrated",,,1,1,,"nativa_cmpe2011","CAR-CMPE2011-ID-342","2026-09-13"
"CMPE 2011","411","411","4","411","unique","official_exact","integrated",,,1,1,,"nativa_cmpe2011","CAR-CMPE2011-ID-411","2026-09-13"
"CMPE 2011","412","412","4","412","unique","official_exact","integrated",,,1,1,,"nativa_cmpe2011","CAR-CMPE2011-ID-412","2026-09-13"
"CMPE 2011","420","420","4","420","unique","official_exact","integrated",,,1,1,,"nativa_cmpe2011","CAR-CMPE2011-ID-420","2026-09-13"
"CMPE 2011","421","421","4","421","unique","official_exact","integrated",,,1,1,,"nativa_cmpe2011","CAR-CMPE2011-ID-421","2026-09-13"
"CMPE 2011","422","422","4","422","unique","official_exact","integrated",,,1,1,,"nativa_cmpe2011","CAR-CMPE2011-ID-422","2026-09-13"
"CMPE 2011","423","423","4","423","unique","official_exact","integrated",,,1,1,,"nativa_cmpe2011","CAR-CMPE2011-ID-423","2026-09-13"
"CMPE 2011","431","431","4","431","unique","official_exact","integrated",,,1,1,,"nativa_cmpe2011","CAR-CMPE2011-ID-431","2026-09-13"
"CMPE 2011","432","432","4","432","unique","official_exact","integrated",,,1,1,,"nativa_cmpe2011","CAR-CMPE2011-ID-432","2026-09-13"
"CMPE 2011","441","441","4","441","unique","official_exact","integrated",,,1,1,,"nativa_cmpe2011","CAR-CMPE2011-ID-441","2026-09-13"
"CMPE 2011","510","510","5","510","unique","official_exact","integrated",,,1,1,,"nativa_cmpe2011","CAR-CMPE2011-ID-510","2026-09-13"
"CMPE 2011","511","511","5","511","unique","official_exact","integrated",,,1,1,,"nativa_cmpe2011","CAR-CMPE2011-ID-511","2026-09-13"
"CMPE 2011","512","512","5","512","unique","official_exact","integrated",,,1,1,,"nativa_cmpe2011","CAR-CMPE2011-ID-512","2026-09-13"
"CMPE 2011","513","513","5","513","unique","official_exact","integrated",,,1,1,,"nativa_cmpe2011","CAR-CMPE2011-ID-513","2026-09-13"
"CMPE 2011","514","514","5","514","unique","official_exact","integrated",,,1,1,,"nativa_cmpe2011","CAR-CMPE2011-ID-514","2026-09-13"
"CMPE 2011","515","515","5","515","unique","official_exact","integrated",,,1,1,,"nativa_cmpe2011","CAR-CMPE2011-ID-515","2026-09-13"
"CMPE 2011","516","516","5","516","unique","official_exact","integrated",,,1,1,,"nativa_cmpe2011","CAR-CMPE2011-ID-516","2026-09-13"
"CMPE 2011","517","517","5","517","unique","official_exact","integrated",,,1,1,,"nativa_cmpe2011","CAR-CMPE2011-ID-517","2026-09-13"
"CMPE 2011","520","520","5","520","unique","official_exact","integrated",,,1,1,,"nativa_cmpe2011","CAR-CMPE2011-ID-520","2026-09-13"
"CMPE 2011","521","521","5","521","unique","official_exact","integrated",,,1,1,,"nativa_cmpe2011","CAR-CMPE2011-ID-521","2026-09-13"
"CMPE 2011","522","522","5","522","unique","official_exact","integrated",,,1,1,,"nativa_cmpe2011","CAR-CMPE2011-ID-522","2026-09-13"
"CMPE 2011","523","523","5","523","unique","official_exact","integrated",,,1,1,,"nativa_cmpe2011","CAR-CMPE2011-ID-523","2026-09-13"
"CMPE 2011","524","524","5","524","unique","official_exact","integrated",,,1,1,,"nativa_cmpe2011","CAR-CMPE2011-ID-524","2026-09-13"
"CMPE 2011","531","531","5","531","unique","official_exact","integrated",,,1,1,,"nativa_cmpe2011","CAR-CMPE2011-ID-531","2026-09-13"
"CMPE 2011","532","532","5","532","unique","official_exact","integrated",,,1,1,,"nativa_cmpe2011","CAR-CMPE2011-ID-532","2026-09-13"
"CMPE 2011","610","610","6","610","unique","official_exact","integrated",,,1,1,,"nativa_cmpe2011","CAR-CMPE2011-ID-610","2026-09-13"
"CMPE 2011","611","611","6","611","unique","official_exact","integrated",,,1,1,,"nativa_cmpe2011","CAR-CMPE2011-ID-611","2026-09-13"
"CMPE 2011","612","612","6","612","unique","official_exact","integrated",,,1,1,,"nativa_cmpe2011","CAR-CMPE2011-ID-612","2026-09-13"
"CMPE 2011","613","613","6","613","unique","official_exact","integrated",,,1,1,,"nativa_cmpe2011","CAR-CMPE2011-ID-613","2026-09-13"
"CMPE 2011","614","614","6","614","unique","official_exact","integrated",,,1,1,,"nativa_cmpe2011","CAR-CMPE2011-ID-614","2026-09-13"
"CMPE 2011","621","621","6","621","unique","official_exact","integrated",,,1,1,,"nativa_cmpe2011","CAR-CMPE2011-ID-621","2026-09-13"
"CMPE 2011","710","710","7","710","unique","official_exact","integrated",,,1,1,,"nativa_cmpe2011","CAR-CMPE2011-ID-710","2026-09-13"
"CMPE 2011","711","711","7","711","unique","official_exact","integrated",,,1,1,,"nativa_cmpe2011","CAR-CMPE2011-ID-711","2026-09-13"
"CMPE 2011","712","712","7","712","unique","official_exact","integrated",,,1,1,,"nativa_cmpe2011","CAR-CMPE2011-ID-712","2026-09-13"
"CMPE 2011","713","713","7","713","unique","official_exact","integrated",,,1,1,,"nativa_cmpe2011","CAR-CMPE2011-ID-713","2026-09-13"
"CMPE 2011","714","714","7","714","unique","official_exact","integrated",,,1,1,,"nativa_cmpe2011","CAR-CMPE2011-ID-714","2026-09-13"
"CMPE 2011","715","715","7","715","unique","official_exact","integrated",,,1,1,,"nativa_cmpe2011","CAR-CMPE2011-ID-715","2026-09-13"
"CMPE 2011","716","716","7","716","unique","official_exact","integrated",,,1,1,,"nativa_cmpe2011","CAR-CMPE2011-ID-716","2026-09-13"
"CMPE 2011","717","717","7","717","unique","official_exact","integrated",,,1,1,,"nativa_cmpe2011","CAR-CMPE2011-ID-717","2026-09-13"
"CMPE 2011","800","800","8","800","unique","official_exact","integrated",,,1,1,,"nativa_cmpe2011","CAR-CMPE2011-ID-800","2026-09-13"
"CMPE 2011","811","811","8","811","unique","official_exact","integrated",,,1,1,,"nativa_cmpe2011","CAR-CMPE2011-ID-811","2026-09-13"
"CMPE 2011","812","812","8","812","unique","official_exact","integrated",,,1,1,,"nativa_cmpe2011","CAR-CMPE2011-ID-812","2026-09-13"
"CMPE 2011","813","813","8","813","unique","official_exact","integrated",,,1,1,,"nativa_cmpe2011","CAR-CMPE2011-ID-813","2026-09-13"
"CMPE 2011","814","814","8","814","unique","official_exact","integrated",,,1,1,,"nativa_cmpe2011","CAR-CMPE2011-ID-814","2026-09-13"
"CMPE 2011","821","821","8","821","unique","official_exact","integrated",,,1,1,,"nativa_cmpe2011","CAR-CMPE2011-ID-821","2026-09-13"
"CMPE 2011","831","831","8","831","unique","official_exact","integrated",,,1,1,,"nativa_cmpe2011","CAR-CMPE2011-ID-831","2026-09-13"
"CMPE 2011","841","841","8","841","unique","official_exact","integrated",,,1,1,,"nativa_cmpe2011","CAR-CMPE2011-ID-841","2026-09-13"
"CMPE 2011","842","842","8","842","unique","official_exact","integrated",,,1,1,,"nativa_cmpe2011","CAR-CMPE2011-ID-842","2026-09-13"
"CMPE 2016","011000",,,"110|111|120|122|220|311|335","unresolved","panel","candidate",12,3769,0.0833333333333333,0.544176174051473,2,"sin_regla_aceptada",,"2026-09-13"
"CMPE 2016","011100","111","1","111","preferred","panel","accepted",722,239923,0.966759002770083,0.97792208333507,4,"alta_80_o_mas","CAR-CMPE2011-P65-0089","2026-09-13"
"CMPE 2016","011200",,,"110|111|112|120|122|123|125|310|330|335|510","unresolved","panel","candidate",95,44922,0.378947368421053,0.416499710609501,4,"sin_regla_aceptada",,"2026-09-13"
"CMPE 2016","011300","113","1","113","preferred","panel","accepted",126,37294,0.928571428571429,0.867699898106934,4,"alta_80_o_mas","CAR-CMPE2011-P65-0090","2026-09-13"
"CMPE 2016","011400",,,"112|114|321|334|441|512|517","unresolved","panel","candidate",23,5535,0.608695652173913,0.575067750677507,4,"sin_regla_aceptada",,"2026-09-13"
"CMPE 2016","011500","110","1","110","preferred","panel","accepted",1312,382068,0.980182926829268,0.986497168043385,4,"alta_80_o_mas","CAR-CMPE2011-P65-0091","2026-09-13"
"CMPE 2016","012000","120","1","120","preferred","panel","accepted",596,149400,0.894295302013423,0.886378848728246,4,"alta_80_o_mas","CAR-CMPE2011-P65-0092","2026-09-13"
"CMPE 2016","012100","121","1","121","preferred","panel","accepted",835,233907,0.989221556886228,0.977375623645295,4,"alta_80_o_mas","CAR-CMPE2011-P65-0093","2026-09-13"
"CMPE 2016","012200","122","1","122","preferred","panel","accepted",1408,414461,0.988636363636364,0.99251075493231,4,"alta_80_o_mas","CAR-CMPE2011-P65-0094","2026-09-13"
"CMPE 2016","012300",,,"110|111|113|120|121|122|123|124|125|126|127|223","unresolved","panel","candidate",486,140747,0.39917695473251,0.491484720811101,4,"sin_regla_aceptada",,"2026-09-13"
"CMPE 2016","012400",,,"111|123|124","unresolved","panel","candidate",46,12878,0.608695652173913,0.650023295542786,4,"sin_regla_aceptada",,"2026-09-13"
"CMPE 2016","012500",,,"111|114|120|123|125|127|311|422|710","unresolved","panel","candidate",61,14065,0.622950819672131,0.436260220405261,4,"sin_regla_aceptada",,"2026-09-13"
"CMPE 2016","012601","126","1","126","preferred","panel","accepted",360,73986,0.983333333333333,0.981374854702241,4,"alta_80_o_mas","CAR-CMPE2011-P65-0095","2026-09-13"
"CMPE 2016","012602",,,"126|210|211|212|213","unresolved","panel","candidate",24,8852,0.75,0.770108450067781,4,"sin_regla_aceptada",,"2026-09-13"
"CMPE 2016","012603","127","1","127","preferred","panel","accepted",49,9857,0.755102040816326,0.780257684893984,4,"aceptada_65_a_79","CAR-CMPE2011-P65-0096","2026-09-13"
"CMPE 2016","012604",,,"110|111|120|123|125|126|127|412|420|421","unresolved","panel","candidate",30,6556,0.466666666666667,0.631940207443563,4,"sin_regla_aceptada",,"2026-09-13"
"CMPE 2016","012701","128","1","128","preferred","panel","accepted",105,27304,0.971428571428571,0.9762305889247,4,"alta_80_o_mas","CAR-CMPE2011-P65-0097","2026-09-13"
"CMPE 2016","012702","128","1","128","preferred","panel","accepted",190,43599,0.968421052631579,0.978279318332989,4,"alta_80_o_mas","CAR-CMPE2011-P65-0098","2026-09-13"
"CMPE 2016","012703",,,"128","unresolved","panel","candidate",1,168,1,1,1,"sin_regla_aceptada",,"2026-09-13"
"CMPE 2016","021000",,,"126|210|211|212|213|335|531","unresolved","panel","candidate",53,15400,0.566037735849057,0.516168831168831,4,"sin_regla_aceptada",,"2026-09-13"
"CMPE 2016","021100","211","2","211","preferred","panel","accepted",97,32427,0.917525773195876,0.93715113948253,4,"alta_80_o_mas","CAR-CMPE2011-P65-0099","2026-09-13"
"CMPE 2016","021200","212","2","212","preferred","panel","accepted",41,21030,0.951219512195122,0.891963861150737,4,"alta_80_o_mas","CAR-CMPE2011-P65-0100","2026-09-13"
"CMPE 2016","021300","212","2","212","preferred","panel","accepted",106,32399,0.915094339622642,0.93586221796969,4,"alta_80_o_mas","CAR-CMPE2011-P65-0101","2026-09-13"
"CMPE 2016","021400","213","2","213","preferred","panel","accepted",98,34405,0.959183673469388,0.952216247638425,4,"alta_80_o_mas","CAR-CMPE2011-P65-0102","2026-09-13"
"CMPE 2016","021500","213","2","213","preferred","panel","accepted",528,174034,0.990530303030303,0.995495133134905,4,"alta_80_o_mas","CAR-CMPE2011-P65-0103","2026-09-13"
"CMPE 2016","021600","214","2","214","preferred","panel","accepted",247,99957,0.672064777327935,0.672129015476655,4,"aceptada_65_a_79","CAR-CMPE2011-P65-0104","2026-09-13"
"CMPE 2016","021700",,,"215|522","unresolved","panel","candidate",2,293,0.5,0.757679180887372,1,"sin_regla_aceptada",,"2026-09-13"
"CMPE 2016","022000",,,"220|225|310","unresolved","panel","candidate",12,5258,0.75,0.865918600228224,4,"sin_regla_aceptada",,"2026-09-13"
"CMPE 2016","022100","221","2","221","preferred","panel","accepted",36,7864,0.972222222222222,0.967700915564598,4,"alta_80_o_mas","CAR-CMPE2011-P65-0105","2026-09-13"
"CMPE 2016","022200","222","2","222","preferred","panel","accepted",260,57275,0.965384615384615,0.952963771278918,4,"alta_80_o_mas","CAR-CMPE2011-P65-0106","2026-09-13"
"CMPE 2016","022300","223","2","223","preferred","panel","accepted",157,41262,0.872611464968153,0.895690950511366,4,"alta_80_o_mas","CAR-CMPE2011-P65-0107","2026-09-13"
"CMPE 2016","022400",,,"121|127|223|524","unresolved","panel","candidate",22,4298,0.818181818181818,0.93485342019544,4,"sin_regla_aceptada",,"2026-09-13"
"CMPE 2016","022500","224","2","224","preferred","panel","accepted",104,26846,0.932692307692308,0.897936377858899,4,"alta_80_o_mas","CAR-CMPE2011-P65-0108","2026-09-13"
"CMPE 2016","022600","225","2","225","preferred","panel","accepted",75,28936,0.946666666666667,0.951582803428255,4,"alta_80_o_mas","CAR-CMPE2011-P65-0109","2026-09-13"
"CMPE 2016","031000",,,"123|127|220|310|312","unresolved","panel","candidate",91,20694,0.461538461538462,0.405189910118875,4,"sin_regla_aceptada",,"2026-09-13"
"CMPE 2016","031100","311","3","311","preferred","panel","accepted",1573,434866,0.966306420851875,0.970892182879324,4,"alta_80_o_mas","CAR-CMPE2011-P65-0110","2026-09-13"
"CMPE 2016","031200","312","3","312","preferred","panel","accepted",136,67035,0.948529411764706,0.947490117103006,4,"alta_80_o_mas","CAR-CMPE2011-P65-0111","2026-09-13"
"CMPE 2016","031300","313","3","313","preferred","panel","accepted",241,82808,0.91701244813278,0.956163655685441,4,"alta_80_o_mas","CAR-CMPE2011-P65-0112","2026-09-13"
"CMPE 2016","031400","314","3","314","preferred","panel","accepted",314,120502,0.961783439490446,0.960880317339131,4,"alta_80_o_mas","CAR-CMPE2011-P65-0113","2026-09-13"
"CMPE 2016","031500","315","3","315","preferred","panel","accepted",628,157723,0.99203821656051,0.988657329622186,4,"alta_80_o_mas","CAR-CMPE2011-P65-0114","2026-09-13"
"CMPE 2016","032100","321","3","321","preferred","panel","accepted",621,166220,0.964573268921095,0.949855613042955,4,"alta_80_o_mas","CAR-CMPE2011-P65-0115","2026-09-13"
"CMPE 2016","032200",,,"111|322|517","unresolved","panel","candidate",17,4699,0.764705882352941,0.894658437965525,4,"sin_regla_aceptada",,"2026-09-13"
"CMPE 2016","033100","341","3","341","preferred","panel","accepted",3689,1049800,0.99512062889672,0.995804915221947,4,"alta_80_o_mas","CAR-CMPE2011-P65-0116","2026-09-13"
"CMPE 2016","033200","342","3","342","preferred","panel","accepted",340,95651,0.991176470588235,0.989106229940095,4,"alta_80_o_mas","CAR-CMPE2011-P65-0117","2026-09-13"
"CMPE 2016","041000",,,"330","unresolved","panel","candidate",1,189,1,1,1,"sin_regla_aceptada",,"2026-09-13"
"CMPE 2016","041100","331","3","331","preferred","panel","accepted",1262,406687,0.881141045958796,0.898420652737855,4,"alta_80_o_mas","CAR-CMPE2011-P65-0118","2026-09-13"
"CMPE 2016","041200","332","3","332","preferred","panel","accepted",663,180722,0.986425339366516,0.9830347163046,4,"alta_80_o_mas","CAR-CMPE2011-P65-0119","2026-09-13"
"CMPE 2016","041300","333","3","333","preferred","panel","accepted",233,61319,0.918454935622318,0.911038992808102,4,"alta_80_o_mas","CAR-CMPE2011-P65-0120","2026-09-13"
"CMPE 2016","041400","334","3","334","preferred","panel","accepted",4609,1235719,0.965936211759601,0.968072838566049,4,"alta_80_o_mas","CAR-CMPE2011-P65-0121","2026-09-13"
"CMPE 2016","042000","330","3","330","preferred","panel","accepted",1202,337820,0.974209650582363,0.966544313539755,4,"alta_80_o_mas","CAR-CMPE2011-P65-0122","2026-09-13"
"CMPE 2016","042100","335","3","335","preferred","panel","accepted",3320,975892,0.957831325301205,0.95702700708685,4,"alta_80_o_mas","CAR-CMPE2011-P65-0123","2026-09-13"
"CMPE 2016","042200","335","3","335","preferred","panel","accepted",165,36146,0.987878787878788,0.985945886128479,4,"alta_80_o_mas","CAR-CMPE2011-P65-0124","2026-09-13"
"CMPE 2016","042300","335","3","335","preferred","panel","accepted",98,25214,0.969387755102041,0.987031014515745,4,"alta_80_o_mas","CAR-CMPE2011-P65-0125","2026-09-13"
"CMPE 2016","042400","335","3","335","preferred","panel","accepted",240,80566,0.854166666666667,0.845108358364571,4,"alta_80_o_mas","CAR-CMPE2011-P65-0126","2026-09-13"
"CMPE 2016","042500","335","3","335","preferred","panel","accepted",38,10175,0.763157894736842,0.844422604422604,4,"aceptada_65_a_79","CAR-CMPE2011-P65-0127","2026-09-13"
"CMPE 2016","051000",,,"127|311|710","unresolved","panel","candidate",3,2880,0.333333333333333,0.627083333333333,1,"sin_regla_aceptada",,"2026-09-13"
"CMPE 2016","051100","411","4","411","preferred","panel","accepted",344,99684,0.875,0.896031459411741,4,"alta_80_o_mas","CAR-CMPE2011-P65-0128","2026-09-13"
"CMPE 2016","051200","411","4","411","preferred","panel","accepted",392,120364,0.691326530612245,0.660679272872287,4,"aceptada_65_a_79","CAR-CMPE2011-P65-0129","2026-09-13"
"CMPE 2016","051300",,,"127|312|411|412|516|531|613|831","unresolved","panel","candidate",101,25388,0.485148514851485,0.382503544981881,4,"sin_regla_aceptada",,"2026-09-13"
"CMPE 2016","052000",,,"411|421|423|532","unresolved","panel","candidate",4,1099,0.25,0.689717925386715,1,"sin_regla_aceptada",,"2026-09-13"
"CMPE 2016","052100","421","4","421","preferred","panel","accepted",60,27692,0.95,0.982810920121335,4,"alta_80_o_mas","CAR-CMPE2011-P65-0130","2026-09-13"
"CMPE 2016","052200","422","4","422","preferred","panel","accepted",139,45723,0.697841726618705,0.819434420313628,4,"aceptada_65_a_79","CAR-CMPE2011-P65-0131","2026-09-13"
"CMPE 2016","052300","423","4","423","preferred","panel","accepted",81,19773,0.814814814814815,0.816365751276994,4,"alta_80_o_mas","CAR-CMPE2011-P65-0132","2026-09-13"
"CMPE 2016","053100","431","4","431","preferred","panel","accepted",108,47586,0.972222222222222,0.985815155718068,4,"alta_80_o_mas","CAR-CMPE2011-P65-0133","2026-09-13"
"CMPE 2016","053200",,,"432|510","unresolved","panel","candidate",18,6778,0.944444444444444,0.971968132192387,4,"sin_regla_aceptada",,"2026-09-13"
"CMPE 2016","061000",,,"321|334|441|510|517","unresolved","panel","candidate",114,43968,0.605263157894737,0.683428857350801,4,"sin_regla_aceptada",,"2026-09-13"
"CMPE 2016","061100","321","3","321","preferred","panel","accepted",235,102059,0.846808510638298,0.882695303696881,4,"alta_80_o_mas","CAR-CMPE2011-P65-0134","2026-09-13"
"CMPE 2016","061200",,,"513|517","unresolved","panel","candidate",2,1133,0.5,0.885260370697264,1,"sin_regla_aceptada",,"2026-09-13"
"CMPE 2016","061300","517","5","517","preferred","panel","accepted",1617,482117,0.714904143475572,0.696357938010898,4,"aceptada_65_a_79","CAR-CMPE2011-P65-0135","2026-09-13"
"CMPE 2016","062000","441","4","441","preferred","panel","accepted",143,61459,0.916083916083916,0.837566507753136,4,"alta_80_o_mas","CAR-CMPE2011-P65-0136","2026-09-13"
"CMPE 2016","062100","517","5","517","preferred","panel","accepted",136,61105,0.919117647058824,0.936764585549464,4,"alta_80_o_mas","CAR-CMPE2011-P65-0137","2026-09-13"
"CMPE 2016","062200","441","4","441","preferred","panel","accepted",961,276001,0.90426638917794,0.914525672008435,4,"alta_80_o_mas","CAR-CMPE2011-P65-0138","2026-09-13"
"CMPE 2016","062300",,,"517","unresolved","panel","candidate",8,6694,1,1,3,"sin_regla_aceptada",,"2026-09-13"
"CMPE 2016","071000",,,"411|420|421|422|510|511|515|517|520|524|532|714|716","unresolved","panel","candidate",62,15676,0.451612903225806,0.430275580505231,4,"sin_regla_aceptada",,"2026-09-13"
"CMPE 2016","071100","511","5","511","preferred","panel","accepted",893,268205,0.96080627099664,0.959795678678623,4,"alta_80_o_mas","CAR-CMPE2011-P65-0139","2026-09-13"
"CMPE 2016","071200","512","5","512","preferred","panel","accepted",505,120579,0.956435643564356,0.924605445392647,4,"alta_80_o_mas","CAR-CMPE2011-P65-0140","2026-09-13"
"CMPE 2016","071300",,,"212|213|441|510|511|512|513|515|517|520|711|800","unresolved","panel","candidate",1558,446947,0.453145057766367,0.439474926557288,4,"sin_regla_aceptada",,"2026-09-13"
"CMPE 2016","071400","514","5","514","preferred","panel","accepted",624,177160,0.934294871794872,0.935736057800858,4,"alta_80_o_mas","CAR-CMPE2011-P65-0141","2026-09-13"
"CMPE 2016","071500","515","5","515","preferred","panel","accepted",410,129983,0.921951219512195,0.947131547971658,4,"alta_80_o_mas","CAR-CMPE2011-P65-0142","2026-09-13"
"CMPE 2016","071600","516","5","516","preferred","panel","accepted",135,32391,0.866666666666667,0.836991756969529,4,"alta_80_o_mas","CAR-CMPE2011-P65-0143","2026-09-13"
"CMPE 2016","071700","510","5","510","preferred","panel","accepted",1922,519833,0.914672216441207,0.920807259254414,4,"alta_80_o_mas","CAR-CMPE2011-P65-0144","2026-09-13"
"CMPE 2016","072000",,,"510|511|520|523","unresolved","panel","candidate",29,7079,0.896551724137931,0.912840796722701,4,"sin_regla_aceptada",,"2026-09-13"
"CMPE 2016","072100","521","5","521","preferred","panel","accepted",153,43787,0.941176470588235,0.952405965240825,4,"alta_80_o_mas","CAR-CMPE2011-P65-0145","2026-09-13"
"CMPE 2016","072200",,,"214|522","unresolved","panel","candidate",18,5714,0.888888888888889,0.933846692334617,4,"sin_regla_aceptada",,"2026-09-13"
"CMPE 2016","072300",,,"422|520|523","unresolved","panel","candidate",8,1974,0.625,0.462512664640324,4,"sin_regla_aceptada",,"2026-09-13"
"CMPE 2016","072400","524","5","524","preferred","panel","accepted",184,34277,0.847826086956522,0.713043731948537,4,"aceptada_65_a_79","CAR-CMPE2011-P65-0146","2026-09-13"
"CMPE 2016","073100","531","5","531","preferred","panel","accepted",1090,325099,0.973394495412844,0.97111956665508,4,"alta_80_o_mas","CAR-CMPE2011-P65-0147","2026-09-13"
"CMPE 2016","073200","532","5","532","preferred","panel","accepted",1134,302282,0.978835978835979,0.975218504575198,4,"alta_80_o_mas","CAR-CMPE2011-P65-0148","2026-09-13"
"CMPE 2016","081100","611","6","611","preferred","panel","accepted",676,195387,0.973372781065089,0.978985295848752,4,"alta_80_o_mas","CAR-CMPE2011-P65-0149","2026-09-13"
"CMPE 2016","081200",,,"611|612","unresolved","panel","candidate",7,1737,0.857142857142857,0.904432930339666,4,"sin_regla_aceptada",,"2026-09-13"
"CMPE 2016","081300","613","6","613","preferred","panel","accepted",34,10055,0.941176470588235,0.969965191447041,4,"alta_80_o_mas","CAR-CMPE2011-P65-0150","2026-09-13"
"CMPE 2016","081400","614","6","614","preferred","panel","accepted",32,4656,0.90625,0.884664948453608,4,"alta_80_o_mas","CAR-CMPE2011-P65-0151","2026-09-13"
"CMPE 2016","082100","621","6","621","preferred","panel","accepted",333,80005,0.990990990990991,0.990663083557278,4,"alta_80_o_mas","CAR-CMPE2011-P65-0152","2026-09-13"
"CMPE 2016","091100","711","7","711","preferred","panel","accepted",1157,331013,0.985306828003457,0.980771147960956,4,"alta_80_o_mas","CAR-CMPE2011-P65-0153","2026-09-13"
"CMPE 2016","091200",,,"711","unresolved","panel","candidate",10,3604,1,1,4,"sin_regla_aceptada",,"2026-09-13"
"CMPE 2016","091301",,,"711","unresolved","panel","candidate",19,4584,1,1,4,"sin_regla_aceptada",,"2026-09-13"
"CMPE 2016","091303",,,"711","unresolved","panel","candidate",3,1047,1,1,3,"sin_regla_aceptada",,"2026-09-13"
"CMPE 2016","091304",,,"711","unresolved","panel","candidate",8,2455,1,1,4,"sin_regla_aceptada",,"2026-09-13"
"CMPE 2016","091305",,,"711","unresolved","panel","candidate",12,2222,1,1,3,"sin_regla_aceptada",,"2026-09-13"
"CMPE 2016","091307",,,"711","unresolved","panel","candidate",2,293,1,1,2,"sin_regla_aceptada",,"2026-09-13"
"CMPE 2016","091309",,,"711","unresolved","panel","candidate",5,678,1,1,3,"sin_regla_aceptada",,"2026-09-13"
"CMPE 2016","091310",,,"711","unresolved","panel","candidate",3,3869,1,1,2,"sin_regla_aceptada",,"2026-09-13"
"CMPE 2016","091311",,,"711","unresolved","panel","candidate",1,145,1,1,1,"sin_regla_aceptada",,"2026-09-13"
"CMPE 2016","091313",,,"711","unresolved","panel","candidate",4,620,1,1,3,"sin_regla_aceptada",,"2026-09-13"
"CMPE 2016","091314",,,"711","unresolved","panel","candidate",1,118,1,1,1,"sin_regla_aceptada",,"2026-09-13"
"CMPE 2016","091315",,,"711","unresolved","panel","candidate",4,1924,1,1,2,"sin_regla_aceptada",,"2026-09-13"
"CMPE 2016","091316",,,"711","unresolved","panel","candidate",23,5563,1,1,4,"sin_regla_aceptada",,"2026-09-13"
"CMPE 2016","091317",,,"711","unresolved","panel","candidate",1,440,1,1,1,"sin_regla_aceptada",,"2026-09-13"
"CMPE 2016","091318",,,"711|717","unresolved","panel","candidate",2,223,0.5,0.632286995515695,1,"sin_regla_aceptada",,"2026-09-13"
"CMPE 2016","091319",,,"711","unresolved","panel","candidate",1,51,1,1,1,"sin_regla_aceptada",,"2026-09-13"
"CMPE 2016","091321",,,"712","unresolved","panel","candidate",1,1458,1,1,1,"sin_regla_aceptada",,"2026-09-13"
"CMPE 2016","091322",,,"715","unresolved","panel","candidate",4,748,1,1,3,"sin_regla_aceptada",,"2026-09-13"
"CMPE 2016","091323",,,"711|712|841","unresolved","panel","candidate",17,7289,0.823529411764706,0.867197146384964,4,"sin_regla_aceptada",,"2026-09-13"
"CMPE 2016","091324",,,"711|715","unresolved","panel","candidate",2,477,0.5,0.825995807127883,1,"sin_regla_aceptada",,"2026-09-13"
"CMPE 2016","091325",,,"711|717","unresolved","panel","candidate",5,2143,0.8,0.933271115258983,3,"sin_regla_aceptada",,"2026-09-13"
"CMPE 2016","091326","711","7","711","preferred","panel","accepted",39,12487,0.974358974358974,0.97909826219268,4,"alta_80_o_mas","CAR-CMPE2011-P65-0154","2026-09-13"
"CMPE 2016","091327",,,"711","unresolved","panel","candidate",18,5091,1,1,4,"sin_regla_aceptada",,"2026-09-13"
"CMPE 2016","091328",,,"711","unresolved","panel","candidate",4,493,1,1,2,"sin_regla_aceptada",,"2026-09-13"
"CMPE 2016","091331",,,"711","unresolved","panel","candidate",5,621,1,1,2,"sin_regla_aceptada",,"2026-09-13"
"CMPE 2016","091332",,,"711","unresolved","panel","candidate",2,1175,1,1,2,"sin_regla_aceptada",,"2026-09-13"
"CMPE 2016","091333",,,"710","unresolved","panel","candidate",1,64,1,1,1,"sin_regla_aceptada",,"2026-09-13"
"CMPE 2016","091334",,,"711","unresolved","panel","candidate",2,217,1,1,2,"sin_regla_aceptada",,"2026-09-13"
"CMPE 2016","091335",,,"711","unresolved","panel","candidate",5,1873,1,1,3,"sin_regla_aceptada",,"2026-09-13"
"CMPE 2016","091336",,,"711","unresolved","panel","candidate",6,1054,1,1,3,"sin_regla_aceptada",,"2026-09-13"
"CMPE 2016","091337",,,"711","unresolved","panel","candidate",15,1995,1,1,4,"sin_regla_aceptada",,"2026-09-13"
"CMPE 2016","091338",,,"711","unresolved","panel","candidate",4,534,1,1,3,"sin_regla_aceptada",,"2026-09-13"
"CMPE 2016","091339",,,"711","unresolved","panel","candidate",3,319,1,1,1,"sin_regla_aceptada",,"2026-09-13"
"CMPE 2016","091340",,,"711","unresolved","panel","candidate",28,5310,1,1,4,"sin_regla_aceptada",,"2026-09-13"
"CMPE 2016","091341",,,"311|711","unresolved","panel","candidate",6,1300,0.833333333333333,0.761538461538461,4,"sin_regla_aceptada",,"2026-09-13"
"CMPE 2016","091342",,,"711|714","unresolved","panel","candidate",7,690,0.571428571428571,0.614492753623188,3,"sin_regla_aceptada",,"2026-09-13"
"CMPE 2016","091343",,,"711","unresolved","panel","candidate",2,229,1,1,2,"sin_regla_aceptada",,"2026-09-13"
"CMPE 2016","091344",,,"711","unresolved","panel","candidate",4,1510,1,1,2,"sin_regla_aceptada",,"2026-09-13"
"CMPE 2016","091345",,,"710|711|717","unresolved","panel","candidate",19,6689,0.736842105263158,0.737927941396322,4,"sin_regla_aceptada",,"2026-09-13"
"CMPE 2016","092100","712","7","712","preferred","panel","accepted",2381,711003,0.99370012599748,0.990090055878808,4,"alta_80_o_mas","CAR-CMPE2011-P65-0155","2026-09-13"
"CMPE 2016","092200",,,"712","unresolved","panel","candidate",1,138,1,1,1,"sin_regla_aceptada",,"2026-09-13"
"CMPE 2016","092202",,,"712","unresolved","panel","candidate",5,1113,1,1,3,"sin_regla_aceptada",,"2026-09-13"
"CMPE 2016","092204",,,"335|712","unresolved","panel","candidate",2,227,0.5,0.704845814977974,1,"sin_regla_aceptada",,"2026-09-13"
"CMPE 2016","092206",,,"711|717","unresolved","panel","candidate",2,459,0.5,0.915032679738562,1,"sin_regla_aceptada",,"2026-09-13"
"CMPE 2016","092207",,,"212|712","unresolved","panel","candidate",9,1161,0.777777777777778,0.835486649440138,3,"sin_regla_aceptada",,"2026-09-13"
"CMPE 2016","092208",,,"335|712|715","unresolved","panel","candidate",23,4418,0.91304347826087,0.69013128112268,4,"sin_regla_aceptada",,"2026-09-13"
"CMPE 2016","093100","713","7","713","preferred","panel","accepted",668,219034,0.997005988023952,0.998255978523882,4,"alta_80_o_mas","CAR-CMPE2011-P65-0156","2026-09-13"
"CMPE 2016","093201",,,"713","unresolved","panel","candidate",4,815,1,1,2,"sin_regla_aceptada",,"2026-09-13"
"CMPE 2016","093202",,,"713","unresolved","panel","candidate",2,168,1,1,2,"sin_regla_aceptada",,"2026-09-13"
"CMPE 2016","093203",,,"713","unresolved","panel","candidate",3,435,1,1,3,"sin_regla_aceptada",,"2026-09-13"
"CMPE 2016","093204",,,"713","unresolved","panel","candidate",17,2831,1,1,4,"sin_regla_aceptada",,"2026-09-13"
"CMPE 2016","093205",,,"713","unresolved","panel","candidate",3,861,1,1,3,"sin_regla_aceptada",,"2026-09-13"
"CMPE 2016","093206",,,"713","unresolved","panel","candidate",2,179,1,1,1,"sin_regla_aceptada",,"2026-09-13"
"CMPE 2016","093207",,,"713","unresolved","panel","candidate",4,1634,1,1,3,"sin_regla_aceptada",,"2026-09-13"
"CMPE 2016","094000",,,"715","unresolved","panel","candidate",1,101,1,1,1,"sin_regla_aceptada",,"2026-09-13"
"CMPE 2016","094100","715","7","715","preferred","panel","accepted",287,83177,0.989547038327526,0.945189174892098,4,"alta_80_o_mas","CAR-CMPE2011-P65-0157","2026-09-13"
"CMPE 2016","094200","715","7","715","preferred","panel","accepted",400,112542,0.995,0.991887473121146,4,"alta_80_o_mas","CAR-CMPE2011-P65-0158","2026-09-13"
"CMPE 2016","094300",,,"711|712|813","unresolved","panel","candidate",13,6503,0.615384615384615,0.544056589266492,4,"sin_regla_aceptada",,"2026-09-13"
"CMPE 2016","095000",,,"125|710|717|813|831","unresolved","panel","candidate",16,4932,0.75,0.779399837793998,4,"sin_regla_aceptada",,"2026-09-13"
"CMPE 2016","095100",,,"335|711|712","unresolved","panel","candidate",27,9880,0.851851851851852,0.635931174089069,4,"sin_regla_aceptada",,"2026-09-13"
"CMPE 2016","095200",,,"335|411|712","unresolved","panel","candidate",14,2468,0.785714285714286,0.605753646677472,4,"sin_regla_aceptada",,"2026-09-13"
"CMPE 2016","095300","714","7","714","preferred","panel","accepted",129,30077,0.937984496124031,0.94371114140373,4,"alta_80_o_mas","CAR-CMPE2011-P65-0159","2026-09-13"
"CMPE 2016","095400","716","7","716","preferred","panel","accepted",64,25191,0.9375,0.985907665436068,4,"alta_80_o_mas","CAR-CMPE2011-P65-0160","2026-09-13"
"CMPE 2016","095500","715","7","715","preferred","panel","accepted",31,15581,1,1,4,"alta_80_o_mas","CAR-CMPE2011-P65-0161","2026-09-13"
"CMPE 2016","095600","717","7","717","preferred","panel","accepted",49,11544,0.938775510204082,0.969334719334719,4,"alta_80_o_mas","CAR-CMPE2011-P65-0162","2026-09-13"
"CMPE 2016","101100","811","8","811","preferred","panel","accepted",89,32194,0.910112359550562,0.91234391501522,4,"alta_80_o_mas","CAR-CMPE2011-P65-0163","2026-09-13"
"CMPE 2016","101200",,,"411|812","unresolved","panel","candidate",3,385,0.666666666666667,0.714285714285714,2,"sin_regla_aceptada",,"2026-09-13"
"CMPE 2016","101300","813","8","813","preferred","panel","accepted",144,47396,0.888888888888889,0.922377415815681,4,"alta_80_o_mas","CAR-CMPE2011-P65-0164","2026-09-13"
"CMPE 2016","101400","814","8","814","preferred","panel","accepted",2200,611316,0.821818181818182,0.842011332927651,4,"alta_80_o_mas","CAR-CMPE2011-P65-0165","2026-09-13"
"CMPE 2016","101500","335","3","335","preferred","panel","accepted",483,134962,0.989648033126294,0.997458543886427,4,"alta_80_o_mas","CAR-CMPE2011-P65-0166","2026-09-13"
"CMPE 2016","101600","335","3","335","preferred","panel","accepted",451,125393,0.988913525498891,0.995175169267822,4,"alta_80_o_mas","CAR-CMPE2011-P65-0167","2026-09-13"
"CMPE 2016","102100","821","8","821","preferred","panel","accepted",72,19520,0.930555555555556,0.962551229508197,4,"alta_80_o_mas","CAR-CMPE2011-P65-0168","2026-09-13"
"CMPE 2016","103100",,,"831","unresolved","panel","candidate",11,3554,1,1,4,"sin_regla_aceptada",,"2026-09-13"
"CMPE 2016","104100","841","8","841","preferred","panel","accepted",41,9300,0.926829268292683,0.945161290322581,4,"alta_80_o_mas","CAR-CMPE2011-P65-0169","2026-09-13"
"CMPE 2016","104200",,,"423|517|841|842","unresolved","panel","candidate",8,2404,0.625,0.844425956738769,3,"sin_regla_aceptada",,"2026-09-13"
"Carreras 2005","0011",,,"800","unresolved","panel","candidate",6,1304,1,1,3,"sin_regla_aceptada",,"2026-09-13"
"Carreras 2005","0111",,,"800","unresolved","panel","candidate",1,135,1,1,1,"sin_regla_aceptada",,"2026-09-13"
"Carreras 2005","0121",,,"800","unresolved","panel","candidate",1,109,1,1,1,"sin_regla_aceptada",,"2026-09-13"
"Carreras 2005","0211",,,"800","unresolved","panel","candidate",28,7272,1,1,4,"sin_regla_aceptada",,"2026-09-13"
"Carreras 2005","0311",,,"800","unresolved","panel","candidate",2,335,1,1,1,"sin_regla_aceptada",,"2026-09-13"
"Carreras 2005","0511",,,"800","unresolved","panel","candidate",3,1326,1,1,2,"sin_regla_aceptada",,"2026-09-13"
"Carreras 2005","0521","800","8","800","preferred","panel","accepted",251,55428,1,1,4,"alta_80_o_mas","CAR-CMPE2011-P65-0001","2026-09-13"
"Carreras 2005","0531","800","8","800","preferred","panel","accepted",121,23597,1,1,4,"alta_80_o_mas","CAR-CMPE2011-P65-0002","2026-09-13"
"Carreras 2005","0551","800","8","800","preferred","panel","accepted",624,165213,0.998397435897436,0.996053579318819,4,"alta_80_o_mas","CAR-CMPE2011-P65-0003","2026-09-13"
"Carreras 2005","0591",,,"800","unresolved","panel","candidate",3,1531,1,1,3,"sin_regla_aceptada",,"2026-09-13"
"Carreras 2005","0611",,,"800","unresolved","panel","candidate",4,823,1,1,2,"sin_regla_aceptada",,"2026-09-13"
"Carreras 2005","0721",,,"800","unresolved","panel","candidate",3,980,1,1,3,"sin_regla_aceptada",,"2026-09-13"
"Carreras 2005","0731",,,"800","unresolved","panel","candidate",9,1810,1,1,4,"sin_regla_aceptada",,"2026-09-13"
"Carreras 2005","0741",,,"800","unresolved","panel","candidate",8,2188,1,1,4,"sin_regla_aceptada",,"2026-09-13"
"Carreras 2005","0751",,,"800","unresolved","panel","candidate",6,1659,1,1,3,"sin_regla_aceptada",,"2026-09-13"
"Carreras 2005","0761",,,"800","unresolved","panel","candidate",15,2873,1,1,3,"sin_regla_aceptada",,"2026-09-13"
"Carreras 2005","0811","800","8","800","preferred","panel","accepted",32,10329,0.96875,0.868428695904734,4,"alta_80_o_mas","CAR-CMPE2011-P65-0004","2026-09-13"
"Carreras 2005","0991",,,"800","unresolved","panel","candidate",1,178,1,1,1,"sin_regla_aceptada",,"2026-09-13"
"Carreras 2005","1112",,,"213|214|441|511|522|531|532","unresolved","panel","candidate",148,52570,0.533783783783784,0.472341639718471,4,"sin_regla_aceptada",,"2026-09-13"
"Carreras 2005","1113",,,"213|214|215|510|511|522|532","unresolved","panel","candidate",34,9716,0.441176470588235,0.547035817208728,4,"sin_regla_aceptada",,"2026-09-13"
"Carreras 2005","1212",,,"412","unresolved","panel","candidate",1,144,1,1,1,"sin_regla_aceptada",,"2026-09-13"
"Carreras 2005","1213",,,"516","unresolved","panel","candidate",2,206,1,1,2,"sin_regla_aceptada",,"2026-09-13"
"Carreras 2005","1312","611","6","611","preferred","panel","accepted",54,15218,0.851851851851852,0.72164541989749,4,"aceptada_65_a_79","CAR-CMPE2011-P65-0005","2026-09-13"
"Carreras 2005","1313",,,"611|612","unresolved","panel","candidate",10,3029,0.9,0.968966655661935,3,"sin_regla_aceptada",,"2026-09-13"
"Carreras 2005","1322",,,"613","unresolved","panel","candidate",5,1342,1,1,3,"sin_regla_aceptada",,"2026-09-13"
"Carreras 2005","1332",,,"614","unresolved","panel","candidate",2,183,1,1,2,"sin_regla_aceptada",,"2026-09-13"
"Carreras 2005","1392",,,"611","unresolved","panel","candidate",1,468,1,1,1,"sin_regla_aceptada",,"2026-09-13"
"Carreras 2005","1393",,,"614","unresolved","panel","candidate",1,268,1,1,1,"sin_regla_aceptada",,"2026-09-13"
"Carreras 2005","1412",,,"128|711|712|714|715","unresolved","panel","candidate",53,20188,0.415094339622642,0.499752328115712,4,"sin_regla_aceptada",,"2026-09-13"
"Carreras 2005","1413",,,"128|711|712|714|715|716|717|813","unresolved","panel","candidate",41,7454,0.560975609756098,0.496780252213577,4,"sin_regla_aceptada",,"2026-09-13"
"Carreras 2005","1422",,,"713","unresolved","panel","candidate",28,8726,1,1,4,"sin_regla_aceptada",,"2026-09-13"
"Carreras 2005","1423",,,"713","unresolved","panel","candidate",21,4188,1,1,4,"sin_regla_aceptada",,"2026-09-13"
"Carreras 2005","1432","315","3","315","preferred","panel","accepted",190,39807,0.931578947368421,0.871705981360062,4,"alta_80_o_mas","CAR-CMPE2011-P65-0006","2026-09-13"
"Carreras 2005","1433",,,"311|312|315|841","unresolved","panel","candidate",20,10621,0.15,0.532718199792863,4,"sin_regla_aceptada",,"2026-09-13"
"Carreras 2005","1442","712","7","712","preferred","panel","accepted",826,237986,1,1,4,"alta_80_o_mas","CAR-CMPE2011-P65-0007","2026-09-13"
"Carreras 2005","1443","712","7","712","preferred","panel","accepted",96,23736,1,1,4,"alta_80_o_mas","CAR-CMPE2011-P65-0008","2026-09-13"
"Carreras 2005","1512",,,"411|422|514|521|524|714|716|812","unresolved","panel","candidate",68,24359,0.588235294117647,0.712713986616856,4,"sin_regla_aceptada",,"2026-09-13"
"Carreras 2005","1513",,,"411|422|514|711|714","unresolved","panel","candidate",21,5502,0.285714285714286,0.44529262086514,4,"sin_regla_aceptada",,"2026-09-13"
"Carreras 2005","1612",,,"321|332|513|517","unresolved","panel","candidate",15,9866,0.333333333333333,0.528481654165822,3,"sin_regla_aceptada",,"2026-09-13"
"Carreras 2005","1613",,,"321|517","unresolved","panel","candidate",6,1014,0.5,0.530571992110454,2,"sin_regla_aceptada",,"2026-09-13"
"Carreras 2005","1622",,,"222","unresolved","panel","candidate",8,3262,1,1,4,"sin_regla_aceptada",,"2026-09-13"
"Carreras 2005","1623",,,"222","unresolved","panel","candidate",4,637,1,1,3,"sin_regla_aceptada",,"2026-09-13"
"Carreras 2005","1712",,,"126|211|212|213","unresolved","panel","candidate",22,5665,0.590909090909091,0.663724624889673,4,"sin_regla_aceptada",,"2026-09-13"
"Carreras 2005","1713",,,"211|212|213|215","unresolved","panel","candidate",9,1655,0.444444444444444,0.43202416918429,2,"sin_regla_aceptada",,"2026-09-13"
"Carreras 2005","1812",,,"121|330|331|332|334|335|441|517|814","unresolved","panel","candidate",226,68889,0.349557522123894,0.351246207667407,4,"sin_regla_aceptada",,"2026-09-13"
"Carreras 2005","1813",,,"222|330|331|332|333|334|335|441|811|814","unresolved","panel","candidate",60,17369,0.383333333333333,0.361390983936899,4,"sin_regla_aceptada",,"2026-09-13"
"Carreras 2005","1822",,,"322","unresolved","panel","candidate",3,661,1,1,2,"sin_regla_aceptada",,"2026-09-13"
"Carreras 2005","1832","334","3","334","preferred","panel","accepted",1590,392191,0.987421383647799,0.990356739445831,4,"alta_80_o_mas","CAR-CMPE2011-P65-0009","2026-09-13"
"Carreras 2005","1833","334","3","334","preferred","panel","accepted",107,20180,0.990654205607477,0.992616451932606,4,"alta_80_o_mas","CAR-CMPE2011-P65-0010","2026-09-13"
"Carreras 2005","1842","331","3","331","preferred","panel","accepted",250,63583,0.908,0.922668008744476,4,"alta_80_o_mas","CAR-CMPE2011-P65-0011","2026-09-13"
"Carreras 2005","1843",,,"331|332|515","unresolved","panel","candidate",51,10515,0.627450980392157,0.514122681883024,4,"sin_regla_aceptada",,"2026-09-13"
"Carreras 2005","1852","335","3","335","preferred","panel","accepted",156,47325,0.942307692307692,0.961922873745378,4,"alta_80_o_mas","CAR-CMPE2011-P65-0012","2026-09-13"
"Carreras 2005","1853","335","3","335","preferred","panel","accepted",55,11131,0.909090909090909,0.750516575330159,4,"aceptada_65_a_79","CAR-CMPE2011-P65-0013","2026-09-13"
"Carreras 2005","1862","814","8","814","preferred","panel","accepted",2964,804924,0.998313090418354,0.998701740785466,4,"alta_80_o_mas","CAR-CMPE2011-P65-0014","2026-09-13"
"Carreras 2005","1863","814","8","814","preferred","panel","accepted",131,28763,0.931297709923664,0.924590619893613,4,"alta_80_o_mas","CAR-CMPE2011-P65-0015","2026-09-13"
"Carreras 2005","1892",,,"331","unresolved","panel","candidate",6,1135,1,1,4,"sin_regla_aceptada",,"2026-09-13"
"Carreras 2005","1893",,,"331|335|814","unresolved","panel","candidate",10,1272,0.8,0.557389937106918,3,"sin_regla_aceptada",,"2026-09-13"
"Carreras 2005","1912",,,"112|120|121|122|126|128|211|811|814","unresolved","panel","candidate",213,64579,0.591549295774648,0.647532479598631,4,"sin_regla_aceptada",,"2026-09-13"
"Carreras 2005","1913",,,"110|111|112|120|121|122|127|128|811","unresolved","panel","candidate",47,9505,0.48936170212766,0.484902682798527,4,"sin_regla_aceptada",,"2026-09-13"
"Carreras 2005","2012",,,"531|532","unresolved","panel","candidate",28,9598,0.75,0.739529068555949,4,"sin_regla_aceptada",,"2026-09-13"
"Carreras 2005","2013",,,"531|532","unresolved","panel","candidate",8,1456,0.875,0.864010989010989,4,"sin_regla_aceptada",,"2026-09-13"
"Carreras 2005","2022",,,"511|524","unresolved","panel","candidate",8,3012,0.375,0.678950863213811,3,"sin_regla_aceptada",,"2026-09-13"
"Carreras 2005","2023",,,"514|524","unresolved","panel","candidate",4,462,0.75,0.766233766233766,1,"sin_regla_aceptada",,"2026-09-13"
"Carreras 2005","2032","441","4","441","preferred","panel","accepted",643,194770,0.847589424572317,0.870821995173795,4,"alta_80_o_mas","CAR-CMPE2011-P65-0016","2026-09-13"
"Carreras 2005","2033","441","4","441","preferred","panel","accepted",172,46100,0.848837209302326,0.900694143167028,4,"alta_80_o_mas","CAR-CMPE2011-P65-0017","2026-09-13"
"Carreras 2005","2042",,,"213|441|511|512|513|515|517|831","unresolved","panel","candidate",279,81638,0.512544802867383,0.527952669100174,4,"sin_regla_aceptada",,"2026-09-13"
"Carreras 2005","2043",,,"212|511|512|513|515|517","unresolved","panel","candidate",43,11719,0.465116279069767,0.483232357709702,4,"sin_regla_aceptada",,"2026-09-13"
"Carreras 2005","2052",,,"213|510|511|512|513|515|821","unresolved","panel","candidate",449,143644,0.412026726057906,0.437950767174403,4,"sin_regla_aceptada",,"2026-09-13"
"Carreras 2005","2053",,,"510|511|512|515|520","unresolved","panel","candidate",100,19757,0.59,0.481955762514552,4,"sin_regla_aceptada",,"2026-09-13"
"Carreras 2005","2062",,,"126|213|214|215|220|335|510|511|512|513|515|520|521|522|523|532|611|712|831","unresolved","panel","candidate",251,71447,0.597609561752988,0.57122062507873,4,"sin_regla_aceptada",,"2026-09-13"
"Carreras 2005","2063",,,"212|214|332|335|510|511|513|514|515|516|520|521|522|524","unresolved","panel","candidate",67,14285,0.343283582089552,0.353307665383269,4,"sin_regla_aceptada",,"2026-09-13"
"Carreras 2005","2072",,,"515|517|821|842","unresolved","panel","candidate",13,2836,0.461538461538462,0.421015514809591,4,"sin_regla_aceptada",,"2026-09-13"
"Carreras 2005","2073",,,"821","unresolved","panel","candidate",6,724,1,1,4,"sin_regla_aceptada",,"2026-09-13"
"Carreras 2005","2092",,,"510","unresolved","panel","candidate",1,114,1,1,1,"sin_regla_aceptada",,"2026-09-13"
"Carreras 2005","2093",,,"511","unresolved","panel","candidate",1,175,1,1,1,"sin_regla_aceptada",,"2026-09-13"
"Carreras 2005","2112","813","8","813","preferred","panel","accepted",174,56949,0.988505747126437,0.98844580238459,4,"alta_80_o_mas","CAR-CMPE2011-P65-0018","2026-09-13"
"Carreras 2005","2113",,,"813","unresolved","panel","candidate",13,2106,1,1,4,"sin_regla_aceptada",,"2026-09-13"
"Carreras 2005","2212",,,"842","unresolved","panel","candidate",2,82,1,1,1,"sin_regla_aceptada",,"2026-09-13"
"Carreras 2005","2222",,,"342","unresolved","panel","candidate",1,252,1,1,1,"sin_regla_aceptada",,"2026-09-13"
"Carreras 2005","2992",,,"221|311|341|420|510|514|811|831","unresolved","panel","candidate",29,6650,0.724137931034483,0.758796992481203,4,"sin_regla_aceptada",,"2026-09-13"
"Carreras 2005","2993",,,"342|431|611|711|814|841","unresolved","panel","candidate",13,2315,0.307692307692308,0.24060475161987,3,"sin_regla_aceptada",,"2026-09-13"
"Carreras 2005","3111","531","5","531","preferred","panel","accepted",1000,255424,0.993,0.997964169381108,4,"alta_80_o_mas","CAR-CMPE2011-P65-0019","2026-09-13"
"Carreras 2005","3112",,,"531","unresolved","panel","candidate",9,2320,1,1,4,"sin_regla_aceptada",,"2026-09-13"
"Carreras 2005","3121",,,"214","unresolved","panel","candidate",10,4063,1,1,4,"sin_regla_aceptada",,"2026-09-13"
"Carreras 2005","3122","511","5","511","preferred","panel","accepted",58,26900,0.931034482758621,0.984126394052045,4,"alta_80_o_mas","CAR-CMPE2011-P65-0020","2026-09-13"
"Carreras 2005","3123","214","2","214","preferred","panel","accepted",44,11895,0.977272727272727,0.996132828919714,4,"alta_80_o_mas","CAR-CMPE2011-P65-0021","2026-09-13"
"Carreras 2005","3124","214","2","214","preferred","panel","accepted",58,14698,0.982758620689655,0.994080827323445,4,"alta_80_o_mas","CAR-CMPE2011-P65-0022","2026-09-13"
"Carreras 2005","3129",,,"531","unresolved","panel","candidate",1,247,1,1,1,"sin_regla_aceptada",,"2026-09-13"
"Carreras 2005","3131","213","2","213","preferred","panel","accepted",505,139697,0.992079207920792,0.994251845064676,4,"alta_80_o_mas","CAR-CMPE2011-P65-0023","2026-09-13"
"Carreras 2005","3211","411","4","411","preferred","panel","accepted",262,69045,0.969465648854962,0.991425881671374,4,"alta_80_o_mas","CAR-CMPE2011-P65-0024","2026-09-13"
"Carreras 2005","3212","127","1","127","preferred","panel","accepted",35,14749,1,1,4,"alta_80_o_mas","CAR-CMPE2011-P65-0025","2026-09-13"
"Carreras 2005","3213",,,"514","unresolved","panel","candidate",17,9058,1,1,4,"sin_regla_aceptada",,"2026-09-13"
"Carreras 2005","3219",,,"411","unresolved","panel","candidate",1,71,1,1,1,"sin_regla_aceptada",,"2026-09-13"
"Carreras 2005","3221",,,"412|516|621","unresolved","panel","candidate",26,5532,0.730769230769231,0.693239334779465,4,"sin_regla_aceptada",,"2026-09-13"
"Carreras 2005","3222","516","5","516","preferred","panel","accepted",83,13824,0.783132530120482,0.787977430555556,4,"aceptada_65_a_79","CAR-CMPE2011-P65-0026","2026-09-13"
"Carreras 2005","3223",,,"423","unresolved","panel","candidate",1,159,1,1,1,"sin_regla_aceptada",,"2026-09-13"
"Carreras 2005","3231",,,"335|423","unresolved","panel","candidate",6,1190,0.833333333333333,0.885714285714286,4,"sin_regla_aceptada",,"2026-09-13"
"Carreras 2005","3311","611","6","611","preferred","panel","accepted",651,163690,0.947772657450077,0.943759545482314,4,"alta_80_o_mas","CAR-CMPE2011-P65-0027","2026-09-13"
"Carreras 2005","3312",,,"611|612","unresolved","panel","candidate",3,394,0.666666666666667,0.736040609137056,2,"sin_regla_aceptada",,"2026-09-13"
"Carreras 2005","3313",,,"611","unresolved","panel","candidate",2,464,1,1,2,"sin_regla_aceptada",,"2026-09-13"
"Carreras 2005","3314",,,"611","unresolved","panel","candidate",1,1462,1,1,1,"sin_regla_aceptada",,"2026-09-13"
"Carreras 2005","3315",,,"312","unresolved","panel","candidate",1,127,1,1,1,"sin_regla_aceptada",,"2026-09-13"
"Carreras 2005","3321","621","6","621","preferred","panel","accepted",336,98596,0.991071428571429,0.996216885066331,4,"alta_80_o_mas","CAR-CMPE2011-P65-0028","2026-09-13"
"Carreras 2005","3322",,,"335|611|621","unresolved","panel","candidate",30,5784,0.633333333333333,0.593360995850622,4,"sin_regla_aceptada",,"2026-09-13"
"Carreras 2005","3331","613","6","613","preferred","panel","accepted",32,8779,1,1,4,"alta_80_o_mas","CAR-CMPE2011-P65-0029","2026-09-13"
"Carreras 2005","3341",,,"423|520|614","unresolved","panel","candidate",15,2267,0.866666666666667,0.853550948389943,4,"sin_regla_aceptada",,"2026-09-13"
"Carreras 2005","3411","711","7","711","preferred","panel","accepted",1169,289855,0.989734816082121,0.986324196581049,4,"alta_80_o_mas","CAR-CMPE2011-P65-0030","2026-09-13"
"Carreras 2005","3412","715","7","715","preferred","panel","accepted",57,11347,0.859649122807018,0.73526042125672,4,"aceptada_65_a_79","CAR-CMPE2011-P65-0031","2026-09-13"
"Carreras 2005","3413",,,"715","unresolved","panel","candidate",13,8720,1,1,4,"sin_regla_aceptada",,"2026-09-13"
"Carreras 2005","3419",,,"711|712|714","unresolved","panel","candidate",3,443,0.333333333333333,0.620767494356659,1,"sin_regla_aceptada",,"2026-09-13"
"Carreras 2005","3421","713","7","713","preferred","panel","accepted",670,166501,0.992537313432836,0.986108191542393,4,"alta_80_o_mas","CAR-CMPE2011-P65-0032","2026-09-13"
"Carreras 2005","3431","712","7","712","preferred","panel","accepted",1008,235961,1,1,4,"alta_80_o_mas","CAR-CMPE2011-P65-0033","2026-09-13"
"Carreras 2005","3441","715","7","715","preferred","panel","accepted",222,49270,0.995495495495496,0.993180434341384,4,"alta_80_o_mas","CAR-CMPE2011-P65-0034","2026-09-13"
"Carreras 2005","3451",,,"411|514|711|714","unresolved","panel","candidate",10,4277,0.6,0.69721767594108,4,"sin_regla_aceptada",,"2026-09-13"
"Carreras 2005","3461",,,"717","unresolved","panel","candidate",5,3063,1,1,3,"sin_regla_aceptada",,"2026-09-13"
"Carreras 2005","3462",,,"831","unresolved","panel","candidate",2,2002,1,1,1,"sin_regla_aceptada",,"2026-09-13"
"Carreras 2005","3499",,,"321|710|712|813","unresolved","panel","candidate",4,4224,0.25,0.449337121212121,1,"sin_regla_aceptada",,"2026-09-13"
"Carreras 2005","3511","225","2","225","preferred","panel","accepted",78,22651,0.987179487179487,0.99805748090592,4,"alta_80_o_mas","CAR-CMPE2011-P65-0035","2026-09-13"
"Carreras 2005","3512",,,"220|310|341","unresolved","panel","candidate",9,1916,0.777777777777778,0.809498956158664,3,"sin_regla_aceptada",,"2026-09-13"
"Carreras 2005","3521","224","2","224","preferred","panel","accepted",101,24563,0.95049504950495,0.960387574807638,4,"alta_80_o_mas","CAR-CMPE2011-P65-0036","2026-09-13"
"Carreras 2005","3531","312","3","312","preferred","panel","accepted",36,10120,0.888888888888889,0.952272727272727,4,"alta_80_o_mas","CAR-CMPE2011-P65-0037","2026-09-13"
"Carreras 2005","3532",,,"224","unresolved","panel","candidate",4,1715,1,1,2,"sin_regla_aceptada",,"2026-09-13"
"Carreras 2005","3533",,,"312","unresolved","panel","candidate",1,1014,1,1,1,"sin_regla_aceptada",,"2026-09-13"
"Carreras 2005","3541","223","2","223","preferred","panel","accepted",43,14153,0.883720930232558,0.915706917261358,4,"alta_80_o_mas","CAR-CMPE2011-P65-0038","2026-09-13"
"Carreras 2005","3542",,,"127|223","unresolved","panel","candidate",28,6663,0.964285714285714,0.989043974185802,4,"sin_regla_aceptada",,"2026-09-13"
"Carreras 2005","3543",,,"222|223","unresolved","panel","candidate",15,1839,0.866666666666667,0.776508972267537,4,"sin_regla_aceptada",,"2026-09-13"
"Carreras 2005","3544","222","2","222","preferred","panel","accepted",101,18381,0.782178217821782,0.802023828953811,4,"aceptada_65_a_79","CAR-CMPE2011-P65-0039","2026-09-13"
"Carreras 2005","3545","222","2","222","preferred","panel","accepted",152,32065,0.927631578947368,0.892000623733042,4,"alta_80_o_mas","CAR-CMPE2011-P65-0040","2026-09-13"
"Carreras 2005","3551","311","3","311","preferred","panel","accepted",1181,315158,0.981371718882303,0.971836348752054,4,"alta_80_o_mas","CAR-CMPE2011-P65-0041","2026-09-13"
"Carreras 2005","3561","221","2","221","preferred","panel","accepted",38,5238,1,1,4,"alta_80_o_mas","CAR-CMPE2011-P65-0042","2026-09-13"
"Carreras 2005","3611",,,"213|411|420|422|514|521|524|714","unresolved","panel","candidate",127,36344,0.503937007874016,0.506493506493506,4,"sin_regla_aceptada",,"2026-09-13"
"Carreras 2005","3612","514","5","514","preferred","panel","accepted",368,112132,0.953804347826087,0.958914493632505,4,"alta_80_o_mas","CAR-CMPE2011-P65-0043","2026-09-13"
"Carreras 2005","3613","521","5","521","preferred","panel","accepted",57,17777,1,1,4,"alta_80_o_mas","CAR-CMPE2011-P65-0044","2026-09-13"
"Carreras 2005","3619",,,"514|521","unresolved","panel","candidate",2,1102,0.5,0.907441016333938,1,"sin_regla_aceptada",,"2026-09-13"
"Carreras 2005","3621","411","4","411","preferred","panel","accepted",391,91291,0.910485933503836,0.915084729053247,4,"alta_80_o_mas","CAR-CMPE2011-P65-0045","2026-09-13"
"Carreras 2005","3631",,,"411|514|521","unresolved","panel","candidate",120,21904,0.416666666666667,0.517804967129291,4,"sin_regla_aceptada",,"2026-09-13"
"Carreras 2005","3711","312","3","312","preferred","panel","accepted",53,21759,0.981132075471698,0.973482237235167,4,"alta_80_o_mas","CAR-CMPE2011-P65-0046","2026-09-13"
"Carreras 2005","3712","315","3","315","preferred","panel","accepted",290,59554,0.986206896551724,0.986331732545253,4,"alta_80_o_mas","CAR-CMPE2011-P65-0047","2026-09-13"
"Carreras 2005","3713","127","1","127","preferred","panel","accepted",66,15818,0.939393939393939,0.95599949424706,4,"alta_80_o_mas","CAR-CMPE2011-P65-0048","2026-09-13"
"Carreras 2005","3714",,,"312","unresolved","panel","candidate",2,375,1,1,2,"sin_regla_aceptada",,"2026-09-13"
"Carreras 2005","3721","313","3","313","preferred","panel","accepted",110,43781,0.954545454545455,0.956487974235399,4,"alta_80_o_mas","CAR-CMPE2011-P65-0049","2026-09-13"
"Carreras 2005","3722","335","3","335","preferred","panel","accepted",39,6613,0.846153846153846,0.910933010736428,4,"alta_80_o_mas","CAR-CMPE2011-P65-0050","2026-09-13"
"Carreras 2005","3723","335","3","335","preferred","panel","accepted",69,17700,0.942028985507246,0.962937853107345,4,"alta_80_o_mas","CAR-CMPE2011-P65-0051","2026-09-13"
"Carreras 2005","3724","313","3","313","preferred","panel","accepted",124,56616,0.879032258064516,0.888830012717253,4,"alta_80_o_mas","CAR-CMPE2011-P65-0052","2026-09-13"
"Carreras 2005","3729",,,"332|335","unresolved","panel","candidate",2,536,0.5,0.867537313432836,1,"sin_regla_aceptada",,"2026-09-13"
"Carreras 2005","3731","321","3","321","preferred","panel","accepted",858,241530,0.91025641025641,0.905299548710305,4,"alta_80_o_mas","CAR-CMPE2011-P65-0053","2026-09-13"
"Carreras 2005","3732",,,"213|321|332","unresolved","panel","candidate",27,6148,0.851851851851852,0.798308392973325,4,"sin_regla_aceptada",,"2026-09-13"
"Carreras 2005","3741","341","3","341","preferred","panel","accepted",3320,814816,0.965361445783132,0.957348652947414,4,"alta_80_o_mas","CAR-CMPE2011-P65-0054","2026-09-13"
"Carreras 2005","3751",,,"423","unresolved","panel","candidate",27,8972,1,1,4,"sin_regla_aceptada",,"2026-09-13"
"Carreras 2005","3799",,,"213|841","unresolved","panel","candidate",2,261,0.5,0.524904214559387,1,"sin_regla_aceptada",,"2026-09-13"
"Carreras 2005","3811","211","2","211","preferred","panel","accepted",98,27725,0.744897959183674,0.681695220919748,4,"aceptada_65_a_79","CAR-CMPE2011-P65-0055","2026-09-13"
"Carreras 2005","3821","212","2","212","preferred","panel","accepted",78,24093,0.987179487179487,0.996388992653468,4,"alta_80_o_mas","CAR-CMPE2011-P65-0056","2026-09-13"
"Carreras 2005","3822",,,"212","unresolved","panel","candidate",17,5357,1,1,4,"sin_regla_aceptada",,"2026-09-13"
"Carreras 2005","3831",,,"212","unresolved","panel","candidate",17,8029,1,1,4,"sin_regla_aceptada",,"2026-09-13"
"Carreras 2005","3832",,,"210|212|213","unresolved","panel","candidate",5,2359,0.6,0.795676133955066,2,"sin_regla_aceptada",,"2026-09-13"
"Carreras 2005","3833",,,"211","unresolved","panel","candidate",1,246,1,1,1,"sin_regla_aceptada",,"2026-09-13"
"Carreras 2005","3899",,,"213","unresolved","panel","candidate",1,60,1,1,1,"sin_regla_aceptada",,"2026-09-13"
"Carreras 2005","3911","314","3","314","preferred","panel","accepted",329,89501,0.993920972644377,0.996268198120691,4,"alta_80_o_mas","CAR-CMPE2011-P65-0057","2026-09-13"
"Carreras 2005","3921","335","3","335","preferred","panel","accepted",3373,845034,0.782093092202787,0.827331207975064,4,"aceptada_65_a_79","CAR-CMPE2011-P65-0058","2026-09-13"
"Carreras 2005","3922","335","3","335","preferred","panel","accepted",74,17938,0.878378378378378,0.895194559036682,4,"alta_80_o_mas","CAR-CMPE2011-P65-0059","2026-09-13"
"Carreras 2005","3923","331","3","331","preferred","panel","accepted",546,149001,0.924908424908425,0.953966751900994,4,"alta_80_o_mas","CAR-CMPE2011-P65-0060","2026-09-13"
"Carreras 2005","3924","811","8","811","preferred","panel","accepted",58,14481,0.827586206896552,0.855880118776328,4,"alta_80_o_mas","CAR-CMPE2011-P65-0061","2026-09-13"
"Carreras 2005","3929",,,"331|441","unresolved","panel","candidate",2,1479,0.5,0.933739012846518,1,"sin_regla_aceptada",,"2026-09-13"
"Carreras 2005","3931","334","3","334","preferred","panel","accepted",3380,835378,0.999408284023669,0.999563072046427,4,"alta_80_o_mas","CAR-CMPE2011-P65-0062","2026-09-13"
"Carreras 2005","3932","333","3","333","preferred","panel","accepted",48,20439,0.958333333333333,0.98796418611478,4,"alta_80_o_mas","CAR-CMPE2011-P65-0063","2026-09-13"
"Carreras 2005","3941","335","3","335","preferred","panel","accepted",676,150208,0.998520710059172,0.990646303792075,4,"alta_80_o_mas","CAR-CMPE2011-P65-0064","2026-09-13"
"Carreras 2005","3951",,,"322","unresolved","panel","candidate",13,4562,1,1,4,"sin_regla_aceptada",,"2026-09-13"
"Carreras 2005","3961","332","3","332","preferred","panel","accepted",552,151563,0.922101449275362,0.929791571821619,4,"alta_80_o_mas","CAR-CMPE2011-P65-0065","2026-09-13"
"Carreras 2005","3999",,,"225|331|811|821|841","unresolved","panel","candidate",5,486,0.2,0.292181069958848,1,"sin_regla_aceptada",,"2026-09-13"
"Carreras 2005","4011","121","1","121","preferred","panel","accepted",839,197402,0.898688915375447,0.875224161862595,4,"alta_80_o_mas","CAR-CMPE2011-P65-0066","2026-09-13"
"Carreras 2005","4012","122","1","122","preferred","panel","accepted",1472,349977,0.943614130434783,0.931446923654983,4,"alta_80_o_mas","CAR-CMPE2011-P65-0067","2026-09-13"
"Carreras 2005","4021",,,"110|111|113|120|122|123|124|125|126|127|128|212|222|223|225|312|431","unresolved","panel","candidate",563,116744,0.557726465364121,0.573314260261769,4,"sin_regla_aceptada",,"2026-09-13"
"Carreras 2005","4031","111","1","111","preferred","panel","accepted",439,174078,0.96127562642369,0.972420409241834,4,"alta_80_o_mas","CAR-CMPE2011-P65-0068","2026-09-13"
"Carreras 2005","4032",,,"110|111|120|123|125|126|127","unresolved","panel","candidate",61,12149,0.491803278688525,0.516585727220347,4,"sin_regla_aceptada",,"2026-09-13"
"Carreras 2005","4033","110","1","110","preferred","panel","accepted",680,164510,0.905882352941176,0.929438939882074,4,"alta_80_o_mas","CAR-CMPE2011-P65-0069","2026-09-13"
"Carreras 2005","4039",,,"110","unresolved","panel","candidate",1,414,1,1,1,"sin_regla_aceptada",,"2026-09-13"
"Carreras 2005","4041","128","1","128","preferred","panel","accepted",187,37169,0.994652406417112,0.996179612042293,4,"alta_80_o_mas","CAR-CMPE2011-P65-0070","2026-09-13"
"Carreras 2005","4051","126","1","126","preferred","panel","accepted",333,71020,0.96996996996997,0.959729653618699,4,"alta_80_o_mas","CAR-CMPE2011-P65-0071","2026-09-13"
"Carreras 2005","4061","126","1","126","preferred","panel","accepted",30,4364,1,1,4,"alta_80_o_mas","CAR-CMPE2011-P65-0072","2026-09-13"
"Carreras 2005","4099","120","1","120","preferred","panel","accepted",100,26653,0.96,0.945221926237197,4,"alta_80_o_mas","CAR-CMPE2011-P65-0073","2026-09-13"
"Carreras 2005","4111","532","5","532","preferred","panel","accepted",967,208136,0.980351602895553,0.967237767613484,4,"alta_80_o_mas","CAR-CMPE2011-P65-0074","2026-09-13"
"Carreras 2005","4121",,,"511|512|514|520|524","unresolved","panel","candidate",57,11001,0.543859649122807,0.622397963821471,4,"sin_regla_aceptada",,"2026-09-13"
"Carreras 2005","4122",,,"512","unresolved","panel","candidate",6,2095,1,1,3,"sin_regla_aceptada",,"2026-09-13"
"Carreras 2005","4123","524","5","524","preferred","panel","accepted",35,12894,0.828571428571429,0.879246161005119,4,"alta_80_o_mas","CAR-CMPE2011-P65-0075","2026-09-13"
"Carreras 2005","4131",,,"213|321|322|330|332|335|422|423|432|441|511|513|517","unresolved","panel","candidate",1973,529220,0.507349214394323,0.500481841200257,4,"sin_regla_aceptada",,"2026-09-13"
"Carreras 2005","4141","512","5","512","preferred","panel","accepted",211,50384,0.95260663507109,0.873392346776754,4,"alta_80_o_mas","CAR-CMPE2011-P65-0076","2026-09-13"
"Carreras 2005","4142","512","5","512","preferred","panel","accepted",206,51065,0.985436893203884,0.971467737197689,4,"alta_80_o_mas","CAR-CMPE2011-P65-0077","2026-09-13"
"Carreras 2005","4143",,,"321|512|513|517","unresolved","panel","candidate",32,9995,0.5,0.477638819409705,4,"sin_regla_aceptada",,"2026-09-13"
"Carreras 2005","4144","513","5","513","preferred","panel","accepted",484,129215,0.828512396694215,0.767348991990094,4,"aceptada_65_a_79","CAR-CMPE2011-P65-0078","2026-09-13"
"Carreras 2005","4151","511","5","511","preferred","panel","accepted",896,233143,0.845982142857143,0.821637364192792,4,"alta_80_o_mas","CAR-CMPE2011-P65-0079","2026-09-13"
"Carreras 2005","4152","510","5","510","preferred","panel","accepted",1299,332760,0.872209391839877,0.880415314340666,4,"alta_80_o_mas","CAR-CMPE2011-P65-0080","2026-09-13"
"Carreras 2005","4153",,,"520|523","unresolved","panel","candidate",5,1576,0.8,0.604695431472081,3,"sin_regla_aceptada",,"2026-09-13"
"Carreras 2005","4154",,,"522","unresolved","panel","candidate",20,15593,1,1,4,"sin_regla_aceptada",,"2026-09-13"
"Carreras 2005","4159",,,"335|511|520","unresolved","panel","candidate",21,6368,0.80952380952381,0.865106783919598,4,"sin_regla_aceptada",,"2026-09-13"
"Carreras 2005","4161",,,"515|821","unresolved","panel","candidate",28,13830,0.857142857142857,0.816341287057122,4,"sin_regla_aceptada",,"2026-09-13"
"Carreras 2005","4162",,,"515|821","unresolved","panel","candidate",21,4743,0.952380952380952,0.923044486611849,4,"sin_regla_aceptada",,"2026-09-13"
"Carreras 2005","4163",,,"335|821","unresolved","panel","candidate",4,3103,0.75,0.968095391556558,3,"sin_regla_aceptada",,"2026-09-13"
"Carreras 2005","4169",,,"821","unresolved","panel","candidate",1,46,1,1,1,"sin_regla_aceptada",,"2026-09-13"
"Carreras 2005","4171","532","5","532","preferred","panel","accepted",65,12479,0.938461538461538,0.963939418222614,4,"alta_80_o_mas","CAR-CMPE2011-P65-0081","2026-09-13"
"Carreras 2005","4172",,,"423|524|532","unresolved","panel","candidate",51,8405,0.529411764705882,0.727305175490779,4,"sin_regla_aceptada",,"2026-09-13"
"Carreras 2005","4173",,,"532","unresolved","panel","candidate",2,435,1,1,2,"sin_regla_aceptada",,"2026-09-13"
"Carreras 2005","4179",,,"514","unresolved","panel","candidate",1,521,1,1,1,"sin_regla_aceptada",,"2026-09-13"
"Carreras 2005","4199",,,"510|513|842","unresolved","panel","candidate",3,347,0.333333333333333,0.435158501440922,1,"sin_regla_aceptada",,"2026-09-13"
"Carreras 2005","4211","431","4","431","preferred","panel","accepted",130,33983,0.976923076923077,0.964129123385222,4,"alta_80_o_mas","CAR-CMPE2011-P65-0082","2026-09-13"
"Carreras 2005","4212",,,"432","unresolved","panel","candidate",1,957,1,1,1,"sin_regla_aceptada",,"2026-09-13"
"Carreras 2005","4213",,,"333|334|432","unresolved","panel","candidate",24,10778,0.916666666666667,0.982464279087029,4,"sin_regla_aceptada",,"2026-09-13"
"Carreras 2005","4219",,,"511","unresolved","panel","candidate",1,101,1,1,1,"sin_regla_aceptada",,"2026-09-13"
"Carreras 2005","4221","421","4","421","preferred","panel","accepted",58,18610,0.827586206896552,0.935464803868888,4,"alta_80_o_mas","CAR-CMPE2011-P65-0083","2026-09-13"
"Carreras 2005","4990",,,"120|211|222|331|335|341|510|813|841|842","unresolved","panel","candidate",25,5157,0.08,0.296102385107621,3,"sin_regla_aceptada",,"2026-09-13"
"Carreras 2005","5110","531","5","531","preferred","panel","accepted",47,14285,0.74468085106383,0.765698284914246,4,"aceptada_65_a_79","CAR-CMPE2011-P65-0084","2026-09-13"
"Carreras 2005","5120",,,"213|214|332|511|517","unresolved","panel","candidate",15,2146,0.4,0.425442684063374,4,"sin_regla_aceptada",,"2026-09-13"
"Carreras 2005","5210",,,"127|411|412|420|514|611","unresolved","panel","candidate",52,11461,0.634615384615385,0.631271267777681,4,"sin_regla_aceptada",,"2026-09-13"
"Carreras 2005","5220",,,"312|412|423|516","unresolved","panel","candidate",21,7432,0.714285714285714,0.727664155005382,4,"sin_regla_aceptada",,"2026-09-13"
"Carreras 2005","5230",,,"412|423|614","unresolved","panel","candidate",14,2216,0.642857142857143,0.834837545126354,4,"sin_regla_aceptada",,"2026-09-13"
"Carreras 2005","5310",,,"331|423|610|611|612","unresolved","panel","candidate",23,6053,0.652173913043478,0.685940855773996,4,"sin_regla_aceptada",,"2026-09-13"
"Carreras 2005","5320",,,"411|611|621|711","unresolved","panel","candidate",17,3855,0.529411764705882,0.570168612191958,4,"sin_regla_aceptada",,"2026-09-13"
"Carreras 2005","5330",,,"613","unresolved","panel","candidate",2,693,1,1,2,"sin_regla_aceptada",,"2026-09-13"
"Carreras 2005","5390",,,"611","unresolved","panel","candidate",1,130,1,1,1,"sin_regla_aceptada",,"2026-09-13"
"Carreras 2005","5410","711","7","711","preferred","panel","accepted",279,61456,0.899641577060932,0.941209971361624,4,"alta_80_o_mas","CAR-CMPE2011-P65-0085","2026-09-13"
"Carreras 2005","5420","713","7","713","preferred","panel","accepted",33,7618,0.939393939393939,0.978209503806773,4,"alta_80_o_mas","CAR-CMPE2011-P65-0086","2026-09-13"
"Carreras 2005","5430",,,"712","unresolved","panel","candidate",12,1888,1,1,4,"sin_regla_aceptada",,"2026-09-13"
"Carreras 2005","5440",,,"517|521|715","unresolved","panel","candidate",7,677,0.714285714285714,0.589364844903988,2,"sin_regla_aceptada",,"2026-09-13"
"Carreras 2005","5450",,,"411|711","unresolved","panel","candidate",9,2192,0.444444444444444,0.527828467153285,3,"sin_regla_aceptada",,"2026-09-13"
"Carreras 2005","5460",,,"311|335|420|511|710|711|717","unresolved","panel","candidate",37,8376,0.648648648648649,0.579393505253104,4,"sin_regla_aceptada",,"2026-09-13"
"Carreras 2005","5490",,,"342|711|715","unresolved","panel","candidate",3,418,0.333333333333333,0.545454545454545,1,"sin_regla_aceptada",,"2026-09-13"
"Carreras 2005","5510",,,"112|220|225|313|335","unresolved","panel","candidate",23,5953,0.130434782608696,0.461951956996472,4,"sin_regla_aceptada",,"2026-09-13"
"Carreras 2005","5520",,,"211|224","unresolved","panel","candidate",15,1542,0.933333333333333,0.856679636835279,4,"sin_regla_aceptada",,"2026-09-13"
"Carreras 2005","5530",,,"312","unresolved","panel","candidate",10,1850,1,1,4,"sin_regla_aceptada",,"2026-09-13"
"Carreras 2005","5540",,,"222|223|715","unresolved","panel","candidate",26,6268,0.653846153846154,0.75877472878111,4,"sin_regla_aceptada",,"2026-09-13"
"Carreras 2005","5550","311","3","311","preferred","panel","accepted",113,36633,0.867256637168142,0.931373351895832,4,"alta_80_o_mas","CAR-CMPE2011-P65-0087","2026-09-13"
"Carreras 2005","5560",,,"221","unresolved","panel","candidate",2,156,1,1,2,"sin_regla_aceptada",,"2026-09-13"
"Carreras 2005","5590",,,"220","unresolved","panel","candidate",1,143,1,1,1,"sin_regla_aceptada",,"2026-09-13"
"Carreras 2005","5610",,,"411|420|422|510|511|512|514|521|523|621|714|716","unresolved","panel","candidate",56,17396,0.267857142857143,0.405725454127386,4,"sin_regla_aceptada",,"2026-09-13"
"Carreras 2005","5710",,,"224|310|312|315|335","unresolved","panel","candidate",32,9042,0.5625,0.568458305684583,4,"sin_regla_aceptada",,"2026-09-13"
"Carreras 2005","5720",,,"313|330|332|335|341|412","unresolved","panel","candidate",53,11471,0.490566037735849,0.478162322378171,4,"sin_regla_aceptada",,"2026-09-13"
"Carreras 2005","5730",,,"114|213|223|321|332|441|517","unresolved","panel","candidate",25,7041,0.6,0.502201391847749,4,"sin_regla_aceptada",,"2026-09-13"
"Carreras 2005","5740","341","3","341","preferred","panel","accepted",195,42725,0.917948717948718,0.879204212990053,4,"alta_80_o_mas","CAR-CMPE2011-P65-0088","2026-09-13"
"Carreras 2005","5750",,,"423","unresolved","panel","candidate",4,2559,1,1,2,"sin_regla_aceptada",,"2026-09-13"
"Carreras 2005","5790",,,"420","unresolved","panel","candidate",1,742,1,1,1,"sin_regla_aceptada",,"2026-09-13"
"Carreras 2005","5810",,,"126|210|211|212|321|811","unresolved","panel","candidate",18,4453,0.277777777777778,0.384010779249944,4,"sin_regla_aceptada",,"2026-09-13"
"Carreras 2005","5910",,,"312|313|314|330|331|335|341|412","unresolved","panel","candidate",47,14015,0.48936170212766,0.565822333214413,4,"sin_regla_aceptada",,"2026-09-13"
"Carreras 2005","5920",,,"120|313|330|331|332|333|334|335|341|520|532","unresolved","panel","candidate",362,91783,0.519337016574586,0.447370428074916,4,"sin_regla_aceptada",,"2026-09-13"
"Carreras 2005","5930",,,"331|333|334|335","unresolved","panel","candidate",93,29520,0.505376344086022,0.565481029810298,4,"sin_regla_aceptada",,"2026-09-13"
"Carreras 2005","5940",,,"127|335","unresolved","panel","candidate",2,145,0.5,0.682758620689655,1,"sin_regla_aceptada",,"2026-09-13"
"Carreras 2005","5950",,,"322","unresolved","panel","candidate",1,895,1,1,1,"sin_regla_aceptada",,"2026-09-13"
"Carreras 2005","5960",,,"330|331|332|335","unresolved","panel","candidate",41,10909,0.390243902439024,0.526079383994867,4,"sin_regla_aceptada",,"2026-09-13"
"Carreras 2005","5990",,,"311|335","unresolved","panel","candidate",2,78,0.5,0.512820512820513,1,"sin_regla_aceptada",,"2026-09-13"
"Carreras 2005","6010",,,"110|111|112|113|114|120|121|122|123|124|125|126|127|128|222|223|311|312|313|330|335|341|412|431|511|811","unresolved","panel","candidate",596,125009,0.476510067114094,0.429465078514347,4,"sin_regla_aceptada",,"2026-09-13"
"Carreras 2005","6110",,,"110|314|330|331|335|512|531|532|821","unresolved","panel","candidate",31,8474,0.645161290322581,0.591102194949257,4,"sin_regla_aceptada",,"2026-09-13"
"Carreras 2005","6120",,,"511|512|514|524","unresolved","panel","candidate",12,1613,0.5,0.51828890266584,3,"sin_regla_aceptada",,"2026-09-13"
"Carreras 2005","6130",,,"312|335|441|512|514|517|531","unresolved","panel","candidate",64,16567,0.515625,0.564495684191465,4,"sin_regla_aceptada",,"2026-09-13"
"Carreras 2005","6140",,,"214|441|510|511|512|513|515|517","unresolved","panel","candidate",33,6360,0.484848484848485,0.474685534591195,4,"sin_regla_aceptada",,"2026-09-13"
"Carreras 2005","6150",,,"314|330|331|335|510|511|515|520|521|522","unresolved","panel","candidate",48,13814,0.208333333333333,0.384030693499348,4,"sin_regla_aceptada",,"2026-09-13"
"Carreras 2005","6160",,,"532","unresolved","panel","candidate",3,239,1,1,2,"sin_regla_aceptada",,"2026-09-13"
"Carreras 2005","6170",,,"224|420|423|511|611","unresolved","panel","candidate",16,4809,0.4375,0.600956539821169,4,"sin_regla_aceptada",,"2026-09-13"
"Carreras 2005","6190",,,"331|421","unresolved","panel","candidate",2,372,0.5,0.626344086021505,1,"sin_regla_aceptada",,"2026-09-13"
"Carreras 2005","6210",,,"333|420|421|431|432","unresolved","panel","candidate",26,7944,0.769230769230769,0.44889224572004,4,"sin_regla_aceptada",,"2026-09-13"
"Carreras 2005","6220",,,"334|412|421|422|516|532","unresolved","panel","candidate",20,4948,0.55,0.784357316087308,4,"sin_regla_aceptada",,"2026-09-13"
"Carreras 2005","6990",,,"111|123|335|420|510|520|711","unresolved","panel","candidate",13,3431,0.0769230769230769,0.350918099679394,3,"sin_regla_aceptada",,"2026-09-13"
"Carreras 2005","7110",,,"120|121|122|123|126","unresolved","panel","candidate",1253,291062,0.520351157222666,0.562120785262247,4,"sin_regla_aceptada",,"2026-09-13"
