"variable_nombre","codigo","etiqueta","fuente"
"asiste","0","No asiste a la escuela","procesar_vars_sociodemo.R"
"asiste","1","Asiste a la escuela","procesar_vars_sociodemo.R"
"calificada_damian","0","No calificado","procesar_clases_damian.R"
"calificada_damian","1","Calificado","procesar_clases_damian.R"
"care_industry","0","No cuidado","class_cuidado_rem.R"
"care_industry","1","Industria del cuidado","class_cuidado_rem.R"
"care_industry","2","Hogares con servicio domestico","class_cuidado_rem.R"
"care_industry","3","Excluir veterinaria","class_cuidado_rem.R"
"care_w","0","Resto de trabajadores","class_cuidado_rem.R"
"care_w","1","Trabajadores de cuidado en el sector de cuidado","class_cuidado_rem.R"
"care_w","2","Trabajadores contratados por hogares","class_cuidado_rem.R"
"care_w","3","Trabajadores de cuidado en otros sectores","class_cuidado_rem.R"
"care_w","4","Otros trabajadores del sector de cuidado","class_cuidado_rem.R"
"clase_egp13_damian","1","I. Clase de servicio alta","procesar_clases_damian.R"
"clase_egp13_damian","10","VIIag. Manual no calificado en establecimiento grande","procesar_clases_damian.R"
"clase_egp13_damian","11","VIIap. Manual no calificado pequeno o cuenta propia","procesar_clases_damian.R"
"clase_egp13_damian","12","IVc. Pequenos propietarios y cuenta propia agricolas","procesar_clases_damian.R"
"clase_egp13_damian","13","VIIb. Subordinados agricolas","procesar_clases_damian.R"
"clase_egp13_damian","2","II. Clase de servicio baja","procesar_clases_damian.R"
"clase_egp13_damian","3","IIIa. No manual de rutina alto","procesar_clases_damian.R"
"clase_egp13_damian","4","IIIb. No manual de rutina bajo","procesar_clases_damian.R"
"clase_egp13_damian","5","IVa. Pequenos empleadores","procesar_clases_damian.R"
"clase_egp13_damian","6","IVb. Cuenta propia calificada","procesar_clases_damian.R"
"clase_egp13_damian","7","V. Supervisores manuales y tecnicos bajos","procesar_clases_damian.R"
"clase_egp13_damian","8","VIg. Manual calificado en establecimiento grande","procesar_clases_damian.R"
"clase_egp13_damian","9","VIp. Manual calificado en establecimiento pequeno","procesar_clases_damian.R"
"clase_ocu_damian","1","No manual calificado","procesar_clases_damian.R"
"clase_ocu_damian","2","No manual no calificado","procesar_clases_damian.R"
"clase_ocu_damian","3","Manual calificado","procesar_clases_damian.R"
"clase_ocu_damian","4","Manual no calificado","procesar_clases_damian.R"
"clase1","1","PoblaciC3n econC3micamente activa","ArmonizaciC3n renoe"
"clase1","2","PoblaciC3n no econC3micamente activa","ArmonizaciC3n renoe"
"clase2","0","No aplica","ArmonizaciC3n renoe"
"clase2","1","Ocupada/o","ArmonizaciC3n renoe"
"clase2","2","Desocupada/o","ArmonizaciC3n renoe"
"clase2","3","Disponible para trabajar","ArmonizaciC3n renoe"
"clase2","4","No disponible para trabajar","ArmonizaciC3n renoe"
"class_ocu","0","No cuidado","class_cuidado_rem.R"
"class_ocu","11","Cuidado directo","class_cuidado_rem.R"
"class_ocu","12","Cuidado directo ampliado","class_cuidado_rem.R"
"class_ocu","13","Ocupaciones indirectas","class_cuidado_rem.R"
"contrato0","0","Sin contrato","procesar_vars_laborales.R"
"contrato0","1","Con contrato","procesar_vars_laborales.R"
"contrato1","0","Contrato indefinido","procesar_vars_laborales.R"
"contrato1","1","Contrato temporal","procesar_vars_laborales.R"
"cuida_1d","0","No cuidado","class_cuidado_rem.R"
"cuida_1d","1","Cuidado directo","class_cuidado_rem.R"
"cuida_1d","2","Cuidado directo ampliado","class_cuidado_rem.R"
"cuida_1d","3","Ocupaciones indirectas","class_cuidado_rem.R"
"cuida_1d","4","Otros trabajadores del sector de cuidado","class_cuidado_rem.R"
"cuida_total","0","No","class_cuidado_rem.R"
"cuida_total","1","Si","class_cuidado_rem.R"
"cuidado_posicion_remunerada","0","No","procesar_cuidado_remunerado.R"
"cuidado_posicion_remunerada","1","Sí","procesar_cuidado_remunerado.R"
"cuidado_sin_pago","0","No","procesar_cuidado_remunerado.R"
"cuidado_sin_pago","1","Sí","procesar_cuidado_remunerado.R"
"d_00_05","0","No","procesar_vars_hogar.R"
"d_00_05","1","S<U+00ED>","procesar_vars_hogar.R"
"d_06_12","0","No","procesar_vars_hogar.R"
"d_06_12","1","S<U+00ED>","procesar_vars_hogar.R"
"d_13_17","0","No","procesar_vars_hogar.R"
"d_13_17","1","S<U+00ED>","procesar_vars_hogar.R"
"d_18m","0","No","procesar_vars_hogar.R"
"d_18m","1","S<U+00ED>","procesar_vars_hogar.R"
"d_adm","0","No","procesar_vars_hogar.R"
"d_adm","1","S<U+00ED>","procesar_vars_hogar.R"
"d_joven1","0","No","procesar_vars_hogar.R"
"d_joven1","1","S<U+00ED>","procesar_vars_hogar.R"
"d_joven2","0","No","procesar_vars_hogar.R"
"d_joven2","1","S<U+00ED>","procesar_vars_hogar.R"
"educacion_universitaria","0","No","procesar_libro1.R"
"educacion_universitaria","1","Si","procesar_libro1.R"
"estado_ingreso_cuidado","imputado_positivo","Ingreso positivo imputado","procesar_cuidado_remunerado.R"
"estado_ingreso_cuidado","no_determinado","Estado de ingreso no determinado","procesar_cuidado_remunerado.R"
"estado_ingreso_cuidado","observado_positivo","Ingreso positivo observado","procesar_cuidado_remunerado.R"
"estado_ingreso_cuidado","sin_ingreso_identificado","Ausencia de ingreso identificada","procesar_cuidado_remunerado.R"
"extr","0","Nacida en Mexico","procesar_libro1.R"
"extr","1","Nacida en el extranjero","procesar_libro1.R"
"extr_especificado","0","Pais extranjero no especificado","procesar_libro1.R"
"extr_especificado","1","Region de origen identificada","procesar_libro1.R"
"familyt","1","Unipersonal","procesar_vars_hogar.R"
"familyt","2","Corresidentes","procesar_vars_hogar.R"
"familyt","3","Parejas sin hijos","procesar_vars_hogar.R"
"familyt","4","Parejas con hijos","procesar_vars_hogar.R"
"familyt","5","Jefa/e con hijos","procesar_vars_hogar.R"
"familyt","6","Hogares extensos","procesar_vars_hogar.R"
"familyt","7","Compuestos","procesar_vars_hogar.R"
"manual_damian","0","No manual","procesar_clases_damian.R"
"manual_damian","1","Manual","procesar_clases_damian.R"
"mismatch","-1","Sobreeducación","procesar_vars_laborales.R"
"mismatch","0","Ajuste","procesar_vars_laborales.R"
"mismatch","1","Subeducación","procesar_vars_laborales.R"
"mismatch2","-1","Sobreeducación","calcular_desajuste_estadistico.R"
"mismatch2","0","Ajuste","calcular_desajuste_estadistico.R"
"mismatch2","1","Subeducación","calcular_desajuste_estadistico.R"
"mujer_universitaria","0","No","procesar_libro1.R"
"mujer_universitaria","1","Si","procesar_libro1.R"
"neet_buscador","0","No","procesar_estudio_trabajo.R"
"neet_buscador","1","S<U+00ED>","procesar_estudio_trabajo.R"
"neet_cuidador","0","No","procesar_estudio_trabajo.R"
"neet_cuidador","1","S<U+00ED>","procesar_estudio_trabajo.R"
"neet_disponible","0","No","procesar_estudio_trabajo.R"
"neet_disponible","1","S<U+00ED>","procesar_estudio_trabajo.R"
"no_estudia_no_trabaja","0","No","procesar_estudio_trabajo.R"
"no_estudia_no_trabaja","1","S<U+00ED>","procesar_estudio_trabajo.R"
"no_ocupacion_cuidados","0","No","procesar_libro1.R"
"no_ocupacion_cuidados","1","Si","procesar_libro1.R"
"nunca_trabajo","0","Ya hab<U+00ED>a trabajado","procesar_vars_laborales.R"
"nunca_trabajo","1","Nunca hab<U+00ED>a trabajado","procesar_vars_laborales.R"
"parentesco","1","Jefa/e","procesar_vars_sociodemo.R"
"parentesco","2","C<U+00F3>nyuge o pareja","procesar_vars_sociodemo.R"
"parentesco","3","Hija/o","procesar_vars_sociodemo.R"
"parentesco","4","Otro parentesco","procesar_vars_sociodemo.R"
"pos_ocu","1","Trabajadora/or subordinado y remunerado","ArmonizaciC3n renoe"
"pos_ocu","2","Empleadora/or","ArmonizaciC3n renoe"
"pos_ocu","3","Trabajadora/or por cuenta propia","ArmonizaciC3n renoe"
"pos_ocu","4","Trabajadora/or sin pago","ArmonizaciC3n renoe"
"quintil_ing_hog_pc","1","Quintil 1 (m<U+00E1>s bajo)","procesar_contribucion_hogar.R"
"quintil_ing_hog_pc","2","Quintil 2","procesar_contribucion_hogar.R"
"quintil_ing_hog_pc","3","Quintil 3","procesar_contribucion_hogar.R"
"quintil_ing_hog_pc","4","Quintil 4","procesar_contribucion_hogar.R"
"quintil_ing_hog_pc","5","Quintil 5 (m<U+00E1>s alto)","procesar_contribucion_hogar.R"
"quintil_ing_hog_pc_sego","1","Quintil 1 (m<U+00E1>s bajo)","procesar_contribucion_hogar.R"
"quintil_ing_hog_pc_sego","2","Quintil 2","procesar_contribucion_hogar.R"
"quintil_ing_hog_pc_sego","3","Quintil 3","procesar_contribucion_hogar.R"
"quintil_ing_hog_pc_sego","4","Quintil 4","procesar_contribucion_hogar.R"
"quintil_ing_hog_pc_sego","5","Quintil 5 (m<U+00E1>s alto)","procesar_contribucion_hogar.R"
"quintil_ing_ind","1","Quintil 1 (m<U+00E1>s bajo)","procesar_contribucion_hogar.R"
"quintil_ing_ind","2","Quintil 2","procesar_contribucion_hogar.R"
"quintil_ing_ind","3","Quintil 3","procesar_contribucion_hogar.R"
"quintil_ing_ind","4","Quintil 4","procesar_contribucion_hogar.R"
"quintil_ing_ind","5","Quintil 5 (m<U+00E1>s alto)","procesar_contribucion_hogar.R"
"quintil_norem_pc","1","Quintil 1 (m<U+00E1>s bajo)","procesar_contribucion_hogar.R"
"quintil_norem_pc","2","Quintil 2","procesar_contribucion_hogar.R"
"quintil_norem_pc","3","Quintil 3","procesar_contribucion_hogar.R"
"quintil_norem_pc","4","Quintil 4","procesar_contribucion_hogar.R"
"quintil_norem_pc","5","Quintil 5 (m<U+00E1>s alto)","procesar_contribucion_hogar.R"
"region_origen_long","0","Mexico","procesar_libro1.R"
"region_origen_long","1","Estados Unidos","procesar_libro1.R"
"region_origen_long","2","Guatemala","procesar_libro1.R"
"region_origen_long","3","Resto de America","procesar_libro1.R"
"region_origen_long","4","Europa","procesar_libro1.R"
"region_origen_long","5","Resto del mundo","procesar_libro1.R"
"region_origen_long","6","Pais extranjero no especificado","procesar_libro1.R"
"relative","1","Jefa/e","procesar_vars_hogar.R"
"relative","2","C<U+00F3>nyuge o pareja","procesar_vars_hogar.R"
"relative","3","Hija/o","procesar_vars_hogar.R"
"relative","4","Madre o padre","procesar_vars_hogar.R"
"relative","5","Otros parientes","procesar_vars_hogar.R"
"relative","6","No parientes u otros","procesar_vars_hogar.R"
"relative","7","Servicio dom<U+00E9>stico y familiares","procesar_vars_hogar.R"
"sexo","1","Hombre","ArmonizaciC3n renoe"
"sexo","2","Mujer","ArmonizaciC3n renoe"
"sindicato","0","No afiliada/o","procesar_libro1.R"
"sindicato","1","Afiliada/o","procesar_libro1.R"
"sindicato_medible","0","No","procesar_libro1.R"
"sindicato_medible","1","Si","procesar_libro1.R"
"situacion_estudio_trabajo","1","Estudia","procesar_estudio_trabajo.R"
"situacion_estudio_trabajo","2","Trabaja","procesar_estudio_trabajo.R"
"situacion_estudio_trabajo","3","Estudia y trabaja","procesar_estudio_trabajo.R"
"situacion_estudio_trabajo","4","No estudia ni trabaja","procesar_estudio_trabajo.R"
"skill_actual","0","Ninguna","procesar_vars_laborales.R"
"skill_actual","1","Primaria","procesar_vars_laborales.R"
"skill_actual","2","Secundaria","procesar_vars_laborales.R"
"skill_actual","3","Terciaria","procesar_vars_laborales.R"
"skill_level","1","Competencia básica","procesar_vars_laborales.R"
"skill_level","2","Competencia media","procesar_vars_laborales.R"
"skill_level","3","Competencia alta","procesar_vars_laborales.R"
"status_seq","1","Ocupado","procesar_vars_laborales.R"
"status_seq","2","Desempleado con experiencia","procesar_vars_laborales.R"
"status_seq","3","Disponible con experiencia","procesar_vars_laborales.R"
"status_seq","4","No disponible con experiencia","procesar_vars_laborales.R"
"status_seq","5","Desempleado sin experiencia","procesar_vars_laborales.R"
"status_seq","6","Disponible sin experiencia","procesar_vars_laborales.R"
"status_seq","7","No disponible sin experiencia","procesar_vars_laborales.R"
"supervisa_damian","0","No","procesar_clases_damian.R"
"supervisa_damian","1","Si","procesar_clases_damian.R"
"t_compras_estado","bateria_no_medible","Batería no medible","procesar_tiempo.R"
"t_compras_estado","duracion_incompleta","Duración incompleta","procesar_tiempo.R"
"t_compras_estado","duracion_observada","Duración observada","procesar_tiempo.R"
"t_compras_estado","no_aplica_instrumento","Actividad ausente del instrumento","procesar_tiempo.R"
"t_compras_estado","no_seleccionada","Actividad no seleccionada","procesar_tiempo.R"
"t_compras_estado","realizacion_desconocida","Realización desconocida","procesar_tiempo.R"
"t_compras_estado","realizada_duracion_desconocida","Actividad realizada con duración desconocida","procesar_tiempo.R"
"t_compras_estado","valor_invalido","Valor inválido","procesar_tiempo.R"
"t_comun_estado","bateria_no_medible","Batería no medible","procesar_tiempo.R"
"t_comun_estado","duracion_incompleta","Duración incompleta","procesar_tiempo.R"
"t_comun_estado","duracion_observada","Duración observada","procesar_tiempo.R"
"t_comun_estado","no_aplica_instrumento","Actividad ausente del instrumento","procesar_tiempo.R"
"t_comun_estado","no_seleccionada","Actividad no seleccionada","procesar_tiempo.R"
"t_comun_estado","realizacion_desconocida","Realización desconocida","procesar_tiempo.R"
"t_comun_estado","realizada_duracion_desconocida","Actividad realizada con duración desconocida","procesar_tiempo.R"
"t_comun_estado","valor_invalido","Valor inválido","procesar_tiempo.R"
"t_construir_estado","bateria_no_medible","Batería no medible","procesar_tiempo.R"
"t_construir_estado","duracion_incompleta","Duración incompleta","procesar_tiempo.R"
"t_construir_estado","duracion_observada","Duración observada","procesar_tiempo.R"
"t_construir_estado","no_aplica_instrumento","Actividad ausente del instrumento","procesar_tiempo.R"
"t_construir_estado","no_seleccionada","Actividad no seleccionada","procesar_tiempo.R"
"t_construir_estado","realizacion_desconocida","Realización desconocida","procesar_tiempo.R"
"t_construir_estado","realizada_duracion_desconocida","Actividad realizada con duración desconocida","procesar_tiempo.R"
"t_construir_estado","valor_invalido","Valor inválido","procesar_tiempo.R"
"t_cuidado_estado","bateria_no_medible","Batería no medible","procesar_tiempo.R"
"t_cuidado_estado","duracion_incompleta","Duración incompleta","procesar_tiempo.R"
"t_cuidado_estado","duracion_observada","Duración observada","procesar_tiempo.R"
"t_cuidado_estado","no_aplica_instrumento","Actividad ausente del instrumento","procesar_tiempo.R"
"t_cuidado_estado","no_seleccionada","Actividad no seleccionada","procesar_tiempo.R"
"t_cuidado_estado","realizacion_desconocida","Realización desconocida","procesar_tiempo.R"
"t_cuidado_estado","realizada_duracion_desconocida","Actividad realizada con duración desconocida","procesar_tiempo.R"
"t_cuidado_estado","valor_invalido","Valor inválido","procesar_tiempo.R"
"t_estudiar_estado","bateria_no_medible","Batería no medible","procesar_tiempo.R"
"t_estudiar_estado","duracion_incompleta","Duración incompleta","procesar_tiempo.R"
"t_estudiar_estado","duracion_observada","Duración observada","procesar_tiempo.R"
"t_estudiar_estado","no_aplica_instrumento","Actividad ausente del instrumento","procesar_tiempo.R"
"t_estudiar_estado","no_seleccionada","Actividad no seleccionada","procesar_tiempo.R"
"t_estudiar_estado","realizacion_desconocida","Realización desconocida","procesar_tiempo.R"
"t_estudiar_estado","realizada_duracion_desconocida","Actividad realizada con duración desconocida","procesar_tiempo.R"
"t_estudiar_estado","valor_invalido","Valor inválido","procesar_tiempo.R"
"t_loc","1","100 000 o m<U+00E1>s habitantes","procesar_vars_sociodemo.R"
"t_loc","2","15 000 a 99 999 habitantes","procesar_vars_sociodemo.R"
"t_loc","3","2 500 a 14 999 habitantes","procesar_vars_sociodemo.R"
"t_loc","4","Menos de 2 500 habitantes","procesar_vars_sociodemo.R"
"t_quehacer_estado","bateria_no_medible","Batería no medible","procesar_tiempo.R"
"t_quehacer_estado","duracion_incompleta","Duración incompleta","procesar_tiempo.R"
"t_quehacer_estado","duracion_observada","Duración observada","procesar_tiempo.R"
"t_quehacer_estado","no_aplica_instrumento","Actividad ausente del instrumento","procesar_tiempo.R"
"t_quehacer_estado","no_seleccionada","Actividad no seleccionada","procesar_tiempo.R"
"t_quehacer_estado","realizacion_desconocida","Realización desconocida","procesar_tiempo.R"
"t_quehacer_estado","realizada_duracion_desconocida","Actividad realizada con duración desconocida","procesar_tiempo.R"
"t_quehacer_estado","valor_invalido","Valor inválido","procesar_tiempo.R"
"t_reparar_estado","bateria_no_medible","Batería no medible","procesar_tiempo.R"
"t_reparar_estado","duracion_incompleta","Duración incompleta","procesar_tiempo.R"
"t_reparar_estado","duracion_observada","Duración observada","procesar_tiempo.R"
"t_reparar_estado","no_aplica_instrumento","Actividad ausente del instrumento","procesar_tiempo.R"
"t_reparar_estado","no_seleccionada","Actividad no seleccionada","procesar_tiempo.R"
"t_reparar_estado","realizacion_desconocida","Realización desconocida","procesar_tiempo.R"
"t_reparar_estado","realizada_duracion_desconocida","Actividad realizada con duración desconocida","procesar_tiempo.R"
"t_reparar_estado","valor_invalido","Valor inválido","procesar_tiempo.R"
"t_traslado_estado","bateria_no_medible","Batería no medible","procesar_tiempo.R"
"t_traslado_estado","duracion_incompleta","Duración incompleta","procesar_tiempo.R"
"t_traslado_estado","duracion_observada","Duración observada","procesar_tiempo.R"
"t_traslado_estado","no_aplica_instrumento","Actividad ausente del instrumento","procesar_tiempo.R"
"t_traslado_estado","no_seleccionada","Actividad no seleccionada","procesar_tiempo.R"
"t_traslado_estado","realizacion_desconocida","Realización desconocida","procesar_tiempo.R"
"t_traslado_estado","realizada_duracion_desconocida","Actividad realizada con duración desconocida","procesar_tiempo.R"
"t_traslado_estado","valor_invalido","Valor inválido","procesar_tiempo.R"
"temporal","1","Asalariado con contrato temporal","procesar_vars_laborales.R"
"temporal","2","Asalariado con contrato indefinido","procesar_vars_laborales.R"
"temporal","3","Asalariado sin contrato","procesar_vars_laborales.R"
"temporal","4","No asalariado","procesar_vars_laborales.R"
"temporal_seq","0","Fuera de la poblaci<U+00F3>n ocupada","procesar_vars_laborales.R"
"temporal_seq","1","Asalariado con contrato temporal","procesar_vars_laborales.R"
"temporal_seq","2","Asalariado con contrato indefinido","procesar_vars_laborales.R"
"temporal_seq","3","Asalariado sin contrato","procesar_vars_laborales.R"
"temporal_seq","4","No asalariado","procesar_vars_laborales.R"
"tipo_hog","1","Unipersonal","procesar_vars_hogar.R"
"tipo_hog","2","Corresidentes","procesar_vars_hogar.R"
"tipo_hog","3","Nuclear","procesar_vars_hogar.R"
"tipo_hog","6","Hogares extensos","procesar_vars_hogar.R"
"tipo_hog","7","Compuestos","procesar_vars_hogar.R"
"tipo_hog2","1","No familiar","procesar_vars_hogar.R"
"tipo_hog2","3","Nuclear","procesar_vars_hogar.R"
"tipo_hog2","6","Extensos","procesar_vars_hogar.R"
"tipo_neet","1","Buscador","procesar_estudio_trabajo.R"
"tipo_neet","2","Cuidador","procesar_estudio_trabajo.R"
"tipo_neet","3","Disponible no cuidador","procesar_estudio_trabajo.R"
"tipo_neet","4","No disponible y no cuidador","procesar_estudio_trabajo.R"
"trabajo_cuidado_mercado","0","No","procesar_cuidado_remunerado.R"
"trabajo_cuidado_mercado","1","Sí","procesar_cuidado_remunerado.R"
"trabajo_cuidado_rem","0","No","procesar_cuidado_remunerado.R"
"trabajo_cuidado_rem","1","Sí","procesar_cuidado_remunerado.R"
"unido","0","No vive en uni<U+00F3>n","procesar_vars_sociodemo.R"
"unido","1","Vive en uni<U+00F3>n","procesar_vars_sociodemo.R"
"urb_rur","1","Urbana","procesar_vars_sociodemo.R"
"urb_rur","2","Rural","procesar_vars_sociodemo.R"
"zona_econ","1","Noreste","procesar_vars_sociodemo.R"
"zona_econ","2","Noroeste","procesar_vars_sociodemo.R"
"zona_econ","3","Occidente","procesar_vars_sociodemo.R"
"zona_econ","4","Oriente","procesar_vars_sociodemo.R"
"zona_econ","5","Centro norte","procesar_vars_sociodemo.R"
"zona_econ","6","Centro sur","procesar_vars_sociodemo.R"
"zona_econ","7","Suroeste","procesar_vars_sociodemo.R"
"zona_econ","8","Sureste","procesar_vars_sociodemo.R"
