sinco2019,sinco2011,n_destinos_2011,calidad_puente,pagina_pdf,fuente_url
1111,1111,1,Directa,357,https://www.inegi.org.mx/app/biblioteca/ficha.html?upc=702825198411
1112,1112,1,Directa,357,https://www.inegi.org.mx/app/biblioteca/ficha.html?upc=702825198411
1113,1113,1,Directa,357,https://www.inegi.org.mx/app/biblioteca/ficha.html?upc=702825198411
1121,1121,1,Directa,357,https://www.inegi.org.mx/app/biblioteca/ficha.html?upc=702825198411
1122,1122,1,Directa,357,https://www.inegi.org.mx/app/biblioteca/ficha.html?upc=702825198411
1129,1129,1,Directa,357,https://www.inegi.org.mx/app/biblioteca/ficha.html?upc=702825198411
1131,1131,1,Directa,357,https://www.inegi.org.mx/app/biblioteca/ficha.html?upc=702825198411
1132,1132,1,Directa,357,https://www.inegi.org.mx/app/biblioteca/ficha.html?upc=702825198411
1133,1133,1,Directa,357,https://www.inegi.org.mx/app/biblioteca/ficha.html?upc=702825198411
1134,1134,1,Directa,357,https://www.inegi.org.mx/app/biblioteca/ficha.html?upc=702825198411
1135,1135,1,Directa,357,https://www.inegi.org.mx/app/biblioteca/ficha.html?upc=702825198411
1211,1211,1,Directa,357,https://www.inegi.org.mx/app/biblioteca/ficha.html?upc=702825198411
1212,1212,1,Directa,358,https://www.inegi.org.mx/app/biblioteca/ficha.html?upc=702825198411
1221,1221,1,Directa,358,https://www.inegi.org.mx/app/biblioteca/ficha.html?upc=702825198411
1222,1222,1,Directa,358,https://www.inegi.org.mx/app/biblioteca/ficha.html?upc=702825198411
1223,1223,1,Directa,358,https://www.inegi.org.mx/app/biblioteca/ficha.html?upc=702825198411
1224,1224,1,Directa,358,https://www.inegi.org.mx/app/biblioteca/ficha.html?upc=702825198411
1225,1225,1,Directa,358,https://www.inegi.org.mx/app/biblioteca/ficha.html?upc=702825198411
1226,1226,1,Directa,358,https://www.inegi.org.mx/app/biblioteca/ficha.html?upc=702825198411
1311,1311,1,Directa,358,https://www.inegi.org.mx/app/biblioteca/ficha.html?upc=702825198411
1312,1312,1,Directa,358,https://www.inegi.org.mx/app/biblioteca/ficha.html?upc=702825198411
1313,1313,1,Directa,358,https://www.inegi.org.mx/app/biblioteca/ficha.html?upc=702825198411
1314,1314,1,Directa,358,https://www.inegi.org.mx/app/biblioteca/ficha.html?upc=702825198411
1315,1315,1,Directa,358,https://www.inegi.org.mx/app/biblioteca/ficha.html?upc=702825198411
1319,,0,Sin equivalencia,358,https://www.inegi.org.mx/app/biblioteca/ficha.html?upc=702825198411
1321,1321,1,Directa,358,https://www.inegi.org.mx/app/biblioteca/ficha.html?upc=702825198411
1322,1322,1,Directa,358,https://www.inegi.org.mx/app/biblioteca/ficha.html?upc=702825198411
1323,1323,1,Directa,359,https://www.inegi.org.mx/app/biblioteca/ficha.html?upc=702825198411
1324,1324,1,Directa,359,https://www.inegi.org.mx/app/biblioteca/ficha.html?upc=702825198411
1329,,0,Sin equivalencia,359,https://www.inegi.org.mx/app/biblioteca/ficha.html?upc=702825198411
1411,1411,1,Directa,359,https://www.inegi.org.mx/app/biblioteca/ficha.html?upc=702825198411
1412,1412,1,Directa,359,https://www.inegi.org.mx/app/biblioteca/ficha.html?upc=702825198411
1421,1421,1,Directa,359,https://www.inegi.org.mx/app/biblioteca/ficha.html?upc=702825198411
1422,1422,1,Directa,359,https://www.inegi.org.mx/app/biblioteca/ficha.html?upc=702825198411
1423,1423,1,Directa,359,https://www.inegi.org.mx/app/biblioteca/ficha.html?upc=702825198411
1511,1511,1,Directa,359,https://www.inegi.org.mx/app/biblioteca/ficha.html?upc=702825198411
1512,1512,1,Directa,359,https://www.inegi.org.mx/app/biblioteca/ficha.html?upc=702825198411
1521,1521,1,Directa,359,https://www.inegi.org.mx/app/biblioteca/ficha.html?upc=702825198411
1522,1522,1,Directa,359,https://www.inegi.org.mx/app/biblioteca/ficha.html?upc=702825198411
1523,1523,1,Directa,359,https://www.inegi.org.mx/app/biblioteca/ficha.html?upc=702825198411
1524,1524,1,Directa,359,https://www.inegi.org.mx/app/biblioteca/ficha.html?upc=702825198411
1525,1525,1,Directa,359,https://www.inegi.org.mx/app/biblioteca/ficha.html?upc=702825198411
1526,1526,1,Directa,360,https://www.inegi.org.mx/app/biblioteca/ficha.html?upc=702825198411
1611,1611,1,Directa,360,https://www.inegi.org.mx/app/biblioteca/ficha.html?upc=702825198411
1612,1612,1,Directa,360,https://www.inegi.org.mx/app/biblioteca/ficha.html?upc=702825198411
1613,1613,1,Directa,360,https://www.inegi.org.mx/app/biblioteca/ficha.html?upc=702825198411
1614,1614,1,Directa,360,https://www.inegi.org.mx/app/biblioteca/ficha.html?upc=702825198411
1615,1615,1,Directa,360,https://www.inegi.org.mx/app/biblioteca/ficha.html?upc=702825198411
1619,1619,1,Directa,360,https://www.inegi.org.mx/app/biblioteca/ficha.html?upc=702825198411
1621,1621,1,Directa,360,https://www.inegi.org.mx/app/biblioteca/ficha.html?upc=702825198411
1622,1622,1,Directa,360,https://www.inegi.org.mx/app/biblioteca/ficha.html?upc=702825198411
1623,1623,1,Directa,360,https://www.inegi.org.mx/app/biblioteca/ficha.html?upc=702825198411
1624,1624,1,Directa,360,https://www.inegi.org.mx/app/biblioteca/ficha.html?upc=702825198411
1629,1629,1,Directa,360,https://www.inegi.org.mx/app/biblioteca/ficha.html?upc=702825198411
1711,1711,1,Directa,360,https://www.inegi.org.mx/app/biblioteca/ficha.html?upc=702825198411
1712,1712,1,Directa,361,https://www.inegi.org.mx/app/biblioteca/ficha.html?upc=702825198411
1721,1721,1,Directa,361,https://www.inegi.org.mx/app/biblioteca/ficha.html?upc=702825198411
1722,1722,1,Directa,361,https://www.inegi.org.mx/app/biblioteca/ficha.html?upc=702825198411
1723,1723,1,Directa,361,https://www.inegi.org.mx/app/biblioteca/ficha.html?upc=702825198411
1999,1999,1,Directa,361,https://www.inegi.org.mx/app/biblioteca/ficha.html?upc=702825198411
2111,2111,1,Directa,361,https://www.inegi.org.mx/app/biblioteca/ficha.html?upc=702825198411
2112,2112,1,Directa,361,https://www.inegi.org.mx/app/biblioteca/ficha.html?upc=702825198411
2113,2113,1,Directa,361,https://www.inegi.org.mx/app/biblioteca/ficha.html?upc=702825198411
2121,2121,1,Directa,361,https://www.inegi.org.mx/app/biblioteca/ficha.html?upc=702825198411
2122,2122,1,Directa,361,https://www.inegi.org.mx/app/biblioteca/ficha.html?upc=702825198411
2131,2131,1,Directa,361,https://www.inegi.org.mx/app/biblioteca/ficha.html?upc=702825198411
2132,2132,1,Directa,361,https://www.inegi.org.mx/app/biblioteca/ficha.html?upc=702825198411
2133,2133,1,Directa,361,https://www.inegi.org.mx/app/biblioteca/ficha.html?upc=702825198411
2134,2134,1,Directa,361,https://www.inegi.org.mx/app/biblioteca/ficha.html?upc=702825198411
2135,2135,1,Directa,361,https://www.inegi.org.mx/app/biblioteca/ficha.html?upc=702825198411
2136,2123,1,Directa,362,https://www.inegi.org.mx/app/biblioteca/ficha.html?upc=702825198411
2141,2141,1,Directa,362,https://www.inegi.org.mx/app/biblioteca/ficha.html?upc=702825198411
2142,2142,1,Directa,362,https://www.inegi.org.mx/app/biblioteca/ficha.html?upc=702825198411
2143,2143,1,Directa,362,https://www.inegi.org.mx/app/biblioteca/ficha.html?upc=702825198411
2144,2144,1,Directa,362,https://www.inegi.org.mx/app/biblioteca/ficha.html?upc=702825198411
2145,2145,1,Directa,362,https://www.inegi.org.mx/app/biblioteca/ficha.html?upc=702825198411
2151,2151,1,Directa,362,https://www.inegi.org.mx/app/biblioteca/ficha.html?upc=702825198411
2152,2152,1,Directa,362,https://www.inegi.org.mx/app/biblioteca/ficha.html?upc=702825198411
2153,2153,1,Directa,362,https://www.inegi.org.mx/app/biblioteca/ficha.html?upc=702825198411
2161,2161,1,Directa,362,https://www.inegi.org.mx/app/biblioteca/ficha.html?upc=702825198411
2162,2162,1,Directa,362,https://www.inegi.org.mx/app/biblioteca/ficha.html?upc=702825198411
2163,2163,1,Directa,362,https://www.inegi.org.mx/app/biblioteca/ficha.html?upc=702825198411
2164,2164,1,Directa,362,https://www.inegi.org.mx/app/biblioteca/ficha.html?upc=702825198411
2171,2171,1,Directa,362,https://www.inegi.org.mx/app/biblioteca/ficha.html?upc=702825198411
2172,2172,1,Directa,362,https://www.inegi.org.mx/app/biblioteca/ficha.html?upc=702825198411
2173,2173,1,Directa,362,https://www.inegi.org.mx/app/biblioteca/ficha.html?upc=702825198411
2174,2174,1,Directa,362,https://www.inegi.org.mx/app/biblioteca/ficha.html?upc=702825198411
2175,2175,1,Directa,362,https://www.inegi.org.mx/app/biblioteca/ficha.html?upc=702825198411
2211,2211,1,Directa,362,https://www.inegi.org.mx/app/biblioteca/ficha.html?upc=702825198411
2212,2212,1,Directa,362,https://www.inegi.org.mx/app/biblioteca/ficha.html?upc=702825198411
2221,2221,1,Directa,362,https://www.inegi.org.mx/app/biblioteca/ficha.html?upc=702825198411
2222,2222,1,Directa,362,https://www.inegi.org.mx/app/biblioteca/ficha.html?upc=702825198411
2223,2223,1,Directa,362,https://www.inegi.org.mx/app/biblioteca/ficha.html?upc=702825198411
2231,2231,1,Directa,363,https://www.inegi.org.mx/app/biblioteca/ficha.html?upc=702825198411
2232,2232,1,Directa,363,https://www.inegi.org.mx/app/biblioteca/ficha.html?upc=702825198411
2233,2233,1,Directa,363,https://www.inegi.org.mx/app/biblioteca/ficha.html?upc=702825198411
2234,2234,1,Directa,363,https://www.inegi.org.mx/app/biblioteca/ficha.html?upc=702825198411
2241,2241,1,Directa,363,https://www.inegi.org.mx/app/biblioteca/ficha.html?upc=702825198411
2242,2242,1,Directa,363,https://www.inegi.org.mx/app/biblioteca/ficha.html?upc=702825198411
2251,2251,1,Directa,363,https://www.inegi.org.mx/app/biblioteca/ficha.html?upc=702825198411
2252,2252,1,Directa,363,https://www.inegi.org.mx/app/biblioteca/ficha.html?upc=702825198411
2253,2253,1,Directa,363,https://www.inegi.org.mx/app/biblioteca/ficha.html?upc=702825198411
2254,2254,1,Directa,363,https://www.inegi.org.mx/app/biblioteca/ficha.html?upc=702825198411
2261,2261,1,Directa,363,https://www.inegi.org.mx/app/biblioteca/ficha.html?upc=702825198411
2262,2262,1,Directa,363,https://www.inegi.org.mx/app/biblioteca/ficha.html?upc=702825198411
2263,2263,1,Directa,363,https://www.inegi.org.mx/app/biblioteca/ficha.html?upc=702825198411
2271,2271,1,Directa,363,https://www.inegi.org.mx/app/biblioteca/ficha.html?upc=702825198411
2272,2272,1,Directa,363,https://www.inegi.org.mx/app/biblioteca/ficha.html?upc=702825198411
2281,2281,1,Directa,363,https://www.inegi.org.mx/app/biblioteca/ficha.html?upc=702825198411
2311,2311,1,Directa,363,https://www.inegi.org.mx/app/biblioteca/ficha.html?upc=702825198411
2312,2312,1,Directa,363,https://www.inegi.org.mx/app/biblioteca/ficha.html?upc=702825198411
2321,2321,1,Directa,363,https://www.inegi.org.mx/app/biblioteca/ficha.html?upc=702825198411
2322,2322,1,Directa,363,https://www.inegi.org.mx/app/biblioteca/ficha.html?upc=702825198411
2331,2331,1,Directa,363,https://www.inegi.org.mx/app/biblioteca/ficha.html?upc=702825198411
2332,2332,1,Directa,363,https://www.inegi.org.mx/app/biblioteca/ficha.html?upc=702825198411
2333,2333,1,Directa,364,https://www.inegi.org.mx/app/biblioteca/ficha.html?upc=702825198411
2334,2334,1,Directa,364,https://www.inegi.org.mx/app/biblioteca/ficha.html?upc=702825198411
2335,2335,1,Directa,364,https://www.inegi.org.mx/app/biblioteca/ficha.html?upc=702825198411
2339,2339,1,Directa,364,https://www.inegi.org.mx/app/biblioteca/ficha.html?upc=702825198411
2341,2341,1,Directa,364,https://www.inegi.org.mx/app/biblioteca/ficha.html?upc=702825198411
2342,2342,1,Directa,364,https://www.inegi.org.mx/app/biblioteca/ficha.html?upc=702825198411
2343,2343,1,Directa,364,https://www.inegi.org.mx/app/biblioteca/ficha.html?upc=702825198411
2399,2391,1,Directa,364,https://www.inegi.org.mx/app/biblioteca/ficha.html?upc=702825198411
2411,2411,1,Directa,364,https://www.inegi.org.mx/app/biblioteca/ficha.html?upc=702825198411
2412,2413,1,Directa,364,https://www.inegi.org.mx/app/biblioteca/ficha.html?upc=702825198411
2421,2412,1,Directa,364,https://www.inegi.org.mx/app/biblioteca/ficha.html?upc=702825198411
2422,2412,1,Directa,364,https://www.inegi.org.mx/app/biblioteca/ficha.html?upc=702825198411
2423,2412,1,Directa,364,https://www.inegi.org.mx/app/biblioteca/ficha.html?upc=702825198411
2424,2412,1,Directa,364,https://www.inegi.org.mx/app/biblioteca/ficha.html?upc=702825198411
2425,2412,1,Directa,364,https://www.inegi.org.mx/app/biblioteca/ficha.html?upc=702825198411
2426,2412,1,Directa,364,https://www.inegi.org.mx/app/biblioteca/ficha.html?upc=702825198411
2427,2412,1,Directa,364,https://www.inegi.org.mx/app/biblioteca/ficha.html?upc=702825198411
2428,2412,1,Directa,364,https://www.inegi.org.mx/app/biblioteca/ficha.html?upc=702825198411
2429,2412,2,Múltiple,364,https://www.inegi.org.mx/app/biblioteca/ficha.html?upc=702825198411
2429,2427,2,Múltiple,364,https://www.inegi.org.mx/app/biblioteca/ficha.html?upc=702825198411
2431,2421,1,Directa,364,https://www.inegi.org.mx/app/biblioteca/ficha.html?upc=702825198411
2432,2422,1,Directa,364,https://www.inegi.org.mx/app/biblioteca/ficha.html?upc=702825198411
2433,2423,1,Directa,364,https://www.inegi.org.mx/app/biblioteca/ficha.html?upc=702825198411
2434,2424,1,Directa,364,https://www.inegi.org.mx/app/biblioteca/ficha.html?upc=702825198411
2435,2425,1,Directa,364,https://www.inegi.org.mx/app/biblioteca/ficha.html?upc=702825198411
2436,2426,1,Directa,364,https://www.inegi.org.mx/app/biblioteca/ficha.html?upc=702825198411
2437,2427,1,Directa,365,https://www.inegi.org.mx/app/biblioteca/ficha.html?upc=702825198411
2438,2428,1,Directa,365,https://www.inegi.org.mx/app/biblioteca/ficha.html?upc=702825198411
2511,2511,1,Directa,365,https://www.inegi.org.mx/app/biblioteca/ficha.html?upc=702825198411
2512,2512,1,Directa,365,https://www.inegi.org.mx/app/biblioteca/ficha.html?upc=702825198411
2513,2513,1,Directa,365,https://www.inegi.org.mx/app/biblioteca/ficha.html?upc=702825198411
2514,2514,1,Directa,365,https://www.inegi.org.mx/app/biblioteca/ficha.html?upc=702825198411
2521,2521,1,Directa,365,https://www.inegi.org.mx/app/biblioteca/ficha.html?upc=702825198411
2522,2522,1,Directa,365,https://www.inegi.org.mx/app/biblioteca/ficha.html?upc=702825198411
2523,2523,1,Directa,365,https://www.inegi.org.mx/app/biblioteca/ficha.html?upc=702825198411
2524,2524,1,Directa,365,https://www.inegi.org.mx/app/biblioteca/ficha.html?upc=702825198411
2531,2512,2,Múltiple,365,https://www.inegi.org.mx/app/biblioteca/ficha.html?upc=702825198411
2531,2531,2,Múltiple,365,https://www.inegi.org.mx/app/biblioteca/ficha.html?upc=702825198411
2532,2532,1,Directa,365,https://www.inegi.org.mx/app/biblioteca/ficha.html?upc=702825198411
2533,2533,1,Directa,365,https://www.inegi.org.mx/app/biblioteca/ficha.html?upc=702825198411
2541,2541,1,Directa,366,https://www.inegi.org.mx/app/biblioteca/ficha.html?upc=702825198411
2542,2542,1,Directa,366,https://www.inegi.org.mx/app/biblioteca/ficha.html?upc=702825198411
2543,2543,1,Directa,366,https://www.inegi.org.mx/app/biblioteca/ficha.html?upc=702825198411
2544,2544,1,Directa,366,https://www.inegi.org.mx/app/biblioteca/ficha.html?upc=702825198411
2551,2551,1,Directa,366,https://www.inegi.org.mx/app/biblioteca/ficha.html?upc=702825198411
2552,2552,1,Directa,366,https://www.inegi.org.mx/app/biblioteca/ficha.html?upc=702825198411
2553,2553,1,Directa,366,https://www.inegi.org.mx/app/biblioteca/ficha.html?upc=702825198411
2561,2561,1,Directa,366,https://www.inegi.org.mx/app/biblioteca/ficha.html?upc=702825198411
2562,2562,1,Directa,366,https://www.inegi.org.mx/app/biblioteca/ficha.html?upc=702825198411
2563,2563,1,Directa,366,https://www.inegi.org.mx/app/biblioteca/ficha.html?upc=702825198411
2611,2611,1,Directa,366,https://www.inegi.org.mx/app/biblioteca/ficha.html?upc=702825198411
2612,2612,1,Directa,366,https://www.inegi.org.mx/app/biblioteca/ficha.html?upc=702825198411
2613,2613,1,Directa,366,https://www.inegi.org.mx/app/biblioteca/ficha.html?upc=702825198411
2614,2614,1,Directa,366,https://www.inegi.org.mx/app/biblioteca/ficha.html?upc=702825198411
2621,2621,1,Directa,367,https://www.inegi.org.mx/app/biblioteca/ficha.html?upc=702825198411
2622,2622,1,Directa,367,https://www.inegi.org.mx/app/biblioteca/ficha.html?upc=702825198411
2623,2623,1,Directa,367,https://www.inegi.org.mx/app/biblioteca/ficha.html?upc=702825198411
2624,2624,1,Directa,367,https://www.inegi.org.mx/app/biblioteca/ficha.html?upc=702825198411
2625,2625,1,Directa,367,https://www.inegi.org.mx/app/biblioteca/ficha.html?upc=702825198411
2630,2630,1,Directa,367,https://www.inegi.org.mx/app/biblioteca/ficha.html?upc=702825198411
2631,2631,1,Directa,367,https://www.inegi.org.mx/app/biblioteca/ficha.html?upc=702825198411
2632,2632,1,Directa,367,https://www.inegi.org.mx/app/biblioteca/ficha.html?upc=702825198411
2633,2633,1,Directa,367,https://www.inegi.org.mx/app/biblioteca/ficha.html?upc=702825198411
2634,2634,1,Directa,367,https://www.inegi.org.mx/app/biblioteca/ficha.html?upc=702825198411
2635,2635,1,Directa,367,https://www.inegi.org.mx/app/biblioteca/ficha.html?upc=702825198411
2636,2636,1,Directa,367,https://www.inegi.org.mx/app/biblioteca/ficha.html?upc=702825198411
2637,2637,1,Directa,367,https://www.inegi.org.mx/app/biblioteca/ficha.html?upc=702825198411
2638,2638,1,Directa,367,https://www.inegi.org.mx/app/biblioteca/ficha.html?upc=702825198411
2639,2639,1,Directa,367,https://www.inegi.org.mx/app/biblioteca/ficha.html?upc=702825198411
2640,2640,1,Directa,368,https://www.inegi.org.mx/app/biblioteca/ficha.html?upc=702825198411
2641,2641,1,Directa,368,https://www.inegi.org.mx/app/biblioteca/ficha.html?upc=702825198411
2642,2642,1,Directa,368,https://www.inegi.org.mx/app/biblioteca/ficha.html?upc=702825198411
2643,2643,1,Directa,368,https://www.inegi.org.mx/app/biblioteca/ficha.html?upc=702825198411
2644,2644,1,Directa,368,https://www.inegi.org.mx/app/biblioteca/ficha.html?upc=702825198411
2645,2645,1,Directa,368,https://www.inegi.org.mx/app/biblioteca/ficha.html?upc=702825198411
2646,2646,1,Directa,368,https://www.inegi.org.mx/app/biblioteca/ficha.html?upc=702825198411
2649,2649,1,Directa,368,https://www.inegi.org.mx/app/biblioteca/ficha.html?upc=702825198411
2651,2651,1,Directa,368,https://www.inegi.org.mx/app/biblioteca/ficha.html?upc=702825198411
2652,2652,1,Directa,368,https://www.inegi.org.mx/app/biblioteca/ficha.html?upc=702825198411
2653,2653,1,Directa,368,https://www.inegi.org.mx/app/biblioteca/ficha.html?upc=702825198411
2654,2654,1,Directa,368,https://www.inegi.org.mx/app/biblioteca/ficha.html?upc=702825198411
2655,2655,1,Directa,368,https://www.inegi.org.mx/app/biblioteca/ficha.html?upc=702825198411
2661,2661,1,Directa,368,https://www.inegi.org.mx/app/biblioteca/ficha.html?upc=702825198411
2662,2662,1,Directa,368,https://www.inegi.org.mx/app/biblioteca/ficha.html?upc=702825198411
2711,2711,1,Directa,369,https://www.inegi.org.mx/app/biblioteca/ficha.html?upc=702825198411
2712,2712,1,Directa,369,https://www.inegi.org.mx/app/biblioteca/ficha.html?upc=702825198411
2713,2713,1,Directa,369,https://www.inegi.org.mx/app/biblioteca/ficha.html?upc=702825198411
2714,2714,1,Directa,369,https://www.inegi.org.mx/app/biblioteca/ficha.html?upc=702825198411
2715,2715,1,Directa,369,https://www.inegi.org.mx/app/biblioteca/ficha.html?upc=702825198411
2716,2716,1,Directa,369,https://www.inegi.org.mx/app/biblioteca/ficha.html?upc=702825198411
2811,2811,1,Directa,369,https://www.inegi.org.mx/app/biblioteca/ficha.html?upc=702825198411
2812,2812,1,Directa,369,https://www.inegi.org.mx/app/biblioteca/ficha.html?upc=702825198411
2813,2813,1,Directa,369,https://www.inegi.org.mx/app/biblioteca/ficha.html?upc=702825198411
2814,2814,1,Directa,369,https://www.inegi.org.mx/app/biblioteca/ficha.html?upc=702825198411
2815,2815,1,Directa,369,https://www.inegi.org.mx/app/biblioteca/ficha.html?upc=702825198411
2816,2816,1,Directa,369,https://www.inegi.org.mx/app/biblioteca/ficha.html?upc=702825198411
2817,2817,1,Directa,369,https://www.inegi.org.mx/app/biblioteca/ficha.html?upc=702825198411
2821,2821,1,Directa,369,https://www.inegi.org.mx/app/biblioteca/ficha.html?upc=702825198411
2822,2822,1,Directa,369,https://www.inegi.org.mx/app/biblioteca/ficha.html?upc=702825198411
2823,2823,1,Directa,369,https://www.inegi.org.mx/app/biblioteca/ficha.html?upc=702825198411
2824,2824,1,Directa,369,https://www.inegi.org.mx/app/biblioteca/ficha.html?upc=702825198411
2825,2825,1,Directa,370,https://www.inegi.org.mx/app/biblioteca/ficha.html?upc=702825198411
2826,2826,1,Directa,370,https://www.inegi.org.mx/app/biblioteca/ficha.html?upc=702825198411
2827,2827,1,Directa,370,https://www.inegi.org.mx/app/biblioteca/ficha.html?upc=702825198411
2991,2991,1,Directa,370,https://www.inegi.org.mx/app/biblioteca/ficha.html?upc=702825198411
2992,2992,1,Directa,370,https://www.inegi.org.mx/app/biblioteca/ficha.html?upc=702825198411
3101,3101,1,Directa,370,https://www.inegi.org.mx/app/biblioteca/ficha.html?upc=702825198411
3111,3111,1,Directa,370,https://www.inegi.org.mx/app/biblioteca/ficha.html?upc=702825198411
3112,3112,1,Directa,370,https://www.inegi.org.mx/app/biblioteca/ficha.html?upc=702825198411
3113,3113,1,Directa,370,https://www.inegi.org.mx/app/biblioteca/ficha.html?upc=702825198411
3114,3114,1,Directa,370,https://www.inegi.org.mx/app/biblioteca/ficha.html?upc=702825198411
3115,3115,1,Directa,370,https://www.inegi.org.mx/app/biblioteca/ficha.html?upc=702825198411
3121,3121,1,Directa,370,https://www.inegi.org.mx/app/biblioteca/ficha.html?upc=702825198411
3122,3122,1,Directa,371,https://www.inegi.org.mx/app/biblioteca/ficha.html?upc=702825198411
3131,3131,1,Directa,371,https://www.inegi.org.mx/app/biblioteca/ficha.html?upc=702825198411
3132,3132,1,Directa,371,https://www.inegi.org.mx/app/biblioteca/ficha.html?upc=702825198411
3141,3141,1,Directa,371,https://www.inegi.org.mx/app/biblioteca/ficha.html?upc=702825198411
3142,3142,1,Directa,371,https://www.inegi.org.mx/app/biblioteca/ficha.html?upc=702825198411
3201,3201,1,Directa,371,https://www.inegi.org.mx/app/biblioteca/ficha.html?upc=702825198411
3211,3211,1,Directa,371,https://www.inegi.org.mx/app/biblioteca/ficha.html?upc=702825198411
3212,3212,1,Directa,371,https://www.inegi.org.mx/app/biblioteca/ficha.html?upc=702825198411
3213,3213,1,Directa,371,https://www.inegi.org.mx/app/biblioteca/ficha.html?upc=702825198411
3221,3221,1,Directa,371,https://www.inegi.org.mx/app/biblioteca/ficha.html?upc=702825198411
3222,3222,1,Directa,371,https://www.inegi.org.mx/app/biblioteca/ficha.html?upc=702825198411
3231,3231,1,Directa,371,https://www.inegi.org.mx/app/biblioteca/ficha.html?upc=702825198411
3232,3232,1,Directa,371,https://www.inegi.org.mx/app/biblioteca/ficha.html?upc=702825198411
3999,3999,1,Directa,372,https://www.inegi.org.mx/app/biblioteca/ficha.html?upc=702825198411
4111,4111,1,Directa,372,https://www.inegi.org.mx/app/biblioteca/ficha.html?upc=702825198411
4201,4201,1,Directa,372,https://www.inegi.org.mx/app/biblioteca/ficha.html?upc=702825198411
4211,4211,1,Directa,372,https://www.inegi.org.mx/app/biblioteca/ficha.html?upc=702825198411
4212,4212,1,Directa,372,https://www.inegi.org.mx/app/biblioteca/ficha.html?upc=702825198411
4213,4213,1,Directa,372,https://www.inegi.org.mx/app/biblioteca/ficha.html?upc=702825198411
4214,4214,1,Directa,372,https://www.inegi.org.mx/app/biblioteca/ficha.html?upc=702825198411
4221,4221,1,Directa,372,https://www.inegi.org.mx/app/biblioteca/ficha.html?upc=702825198411
4222,4222,1,Directa,372,https://www.inegi.org.mx/app/biblioteca/ficha.html?upc=702825198411
4223,4223,1,Directa,373,https://www.inegi.org.mx/app/biblioteca/ficha.html?upc=702825198411
4224,4224,1,Directa,373,https://www.inegi.org.mx/app/biblioteca/ficha.html?upc=702825198411
4231,4231,1,Directa,373,https://www.inegi.org.mx/app/biblioteca/ficha.html?upc=702825198411
4232,4232,1,Directa,373,https://www.inegi.org.mx/app/biblioteca/ficha.html?upc=702825198411
4233,4233,1,Directa,373,https://www.inegi.org.mx/app/biblioteca/ficha.html?upc=702825198411
4301,4201,1,Directa,373,https://www.inegi.org.mx/app/biblioteca/ficha.html?upc=702825198411
4311,4311,1,Directa,373,https://www.inegi.org.mx/app/biblioteca/ficha.html?upc=702825198411
4312,4312,1,Directa,373,https://www.inegi.org.mx/app/biblioteca/ficha.html?upc=702825198411
4999,4999,1,Directa,373,https://www.inegi.org.mx/app/biblioteca/ficha.html?upc=702825198411
5101,5101,1,Directa,373,https://www.inegi.org.mx/app/biblioteca/ficha.html?upc=702825198411
5111,5111,1,Directa,374,https://www.inegi.org.mx/app/biblioteca/ficha.html?upc=702825198411
5112,5112,1,Directa,374,https://www.inegi.org.mx/app/biblioteca/ficha.html?upc=702825198411
5113,5113,1,Directa,374,https://www.inegi.org.mx/app/biblioteca/ficha.html?upc=702825198411
5114,5114,1,Directa,374,https://www.inegi.org.mx/app/biblioteca/ficha.html?upc=702825198411
5115,5115,1,Directa,374,https://www.inegi.org.mx/app/biblioteca/ficha.html?upc=702825198411
5116,5116,1,Directa,374,https://www.inegi.org.mx/app/biblioteca/ficha.html?upc=702825198411
5119,,0,Sin equivalencia,374,https://www.inegi.org.mx/app/biblioteca/ficha.html?upc=702825198411
5201,5201,1,Directa,374,https://www.inegi.org.mx/app/biblioteca/ficha.html?upc=702825198411
5211,5211,1,Directa,374,https://www.inegi.org.mx/app/biblioteca/ficha.html?upc=702825198411
5212,5212,1,Directa,374,https://www.inegi.org.mx/app/biblioteca/ficha.html?upc=702825198411
5213,5213,1,Directa,374,https://www.inegi.org.mx/app/biblioteca/ficha.html?upc=702825198411
5221,5221,1,Directa,374,https://www.inegi.org.mx/app/biblioteca/ficha.html?upc=702825198411
5222,5222,1,Directa,374,https://www.inegi.org.mx/app/biblioteca/ficha.html?upc=702825198411
5231,5231,1,Directa,374,https://www.inegi.org.mx/app/biblioteca/ficha.html?upc=702825198411
5241,5241,1,Directa,375,https://www.inegi.org.mx/app/biblioteca/ficha.html?upc=702825198411
5242,5242,1,Directa,375,https://www.inegi.org.mx/app/biblioteca/ficha.html?upc=702825198411
5251,5251,1,Directa,375,https://www.inegi.org.mx/app/biblioteca/ficha.html?upc=702825198411
5252,5252,1,Directa,375,https://www.inegi.org.mx/app/biblioteca/ficha.html?upc=702825198411
5253,5253,1,Directa,375,https://www.inegi.org.mx/app/biblioteca/ficha.html?upc=702825198411
5254,5254,1,Directa,375,https://www.inegi.org.mx/app/biblioteca/ficha.html?upc=702825198411
5299,,0,Sin equivalencia,375,https://www.inegi.org.mx/app/biblioteca/ficha.html?upc=702825198411
5301,5301,1,Directa,375,https://www.inegi.org.mx/app/biblioteca/ficha.html?upc=702825198411
5311,5311,1,Directa,375,https://www.inegi.org.mx/app/biblioteca/ficha.html?upc=702825198411
5312,5312,1,Directa,375,https://www.inegi.org.mx/app/biblioteca/ficha.html?upc=702825198411
5313,5313,1,Directa,375,https://www.inegi.org.mx/app/biblioteca/ficha.html?upc=702825198411
5314,5314,1,Directa,375,https://www.inegi.org.mx/app/biblioteca/ficha.html?upc=702825198411
5319,,0,Sin equivalencia,375,https://www.inegi.org.mx/app/biblioteca/ficha.html?upc=702825198411
5401,5401,1,Directa,375,https://www.inegi.org.mx/app/biblioteca/ficha.html?upc=702825198411
5411,5411,1,Directa,376,https://www.inegi.org.mx/app/biblioteca/ficha.html?upc=702825198411
5412,5412,1,Directa,376,https://www.inegi.org.mx/app/biblioteca/ficha.html?upc=702825198411
5413,5413,1,Directa,376,https://www.inegi.org.mx/app/biblioteca/ficha.html?upc=702825198411
5419,,0,Sin equivalencia,376,https://www.inegi.org.mx/app/biblioteca/ficha.html?upc=702825198411
6101,6101,1,Directa,376,https://www.inegi.org.mx/app/biblioteca/ficha.html?upc=702825198411
6111,6111,1,Directa,376,https://www.inegi.org.mx/app/biblioteca/ficha.html?upc=702825198411
6112,6112,1,Directa,376,https://www.inegi.org.mx/app/biblioteca/ficha.html?upc=702825198411
6113,6113,1,Directa,376,https://www.inegi.org.mx/app/biblioteca/ficha.html?upc=702825198411
6114,6114,1,Directa,376,https://www.inegi.org.mx/app/biblioteca/ficha.html?upc=702825198411
6115,6115,1,Directa,376,https://www.inegi.org.mx/app/biblioteca/ficha.html?upc=702825198411
6116,6116,1,Directa,376,https://www.inegi.org.mx/app/biblioteca/ficha.html?upc=702825198411
6117,6117,1,Directa,376,https://www.inegi.org.mx/app/biblioteca/ficha.html?upc=702825198411
6119,6119,1,Directa,376,https://www.inegi.org.mx/app/biblioteca/ficha.html?upc=702825198411
6121,6121,1,Directa,377,https://www.inegi.org.mx/app/biblioteca/ficha.html?upc=702825198411
6122,6122,1,Directa,377,https://www.inegi.org.mx/app/biblioteca/ficha.html?upc=702825198411
6123,6123,1,Directa,377,https://www.inegi.org.mx/app/biblioteca/ficha.html?upc=702825198411
6124,6124,1,Directa,377,https://www.inegi.org.mx/app/biblioteca/ficha.html?upc=702825198411
6125,6125,1,Directa,377,https://www.inegi.org.mx/app/biblioteca/ficha.html?upc=702825198411
6126,6126,1,Directa,377,https://www.inegi.org.mx/app/biblioteca/ficha.html?upc=702825198411
6127,6127,1,Directa,377,https://www.inegi.org.mx/app/biblioteca/ficha.html?upc=702825198411
6128,6128,1,Directa,377,https://www.inegi.org.mx/app/biblioteca/ficha.html?upc=702825198411
6129,6129,1,Directa,377,https://www.inegi.org.mx/app/biblioteca/ficha.html?upc=702825198411
6131,6131,1,Directa,377,https://www.inegi.org.mx/app/biblioteca/ficha.html?upc=702825198411
6201,6201,1,Directa,377,https://www.inegi.org.mx/app/biblioteca/ficha.html?upc=702825198411
6211,6211,1,Directa,377,https://www.inegi.org.mx/app/biblioteca/ficha.html?upc=702825198411
6212,6212,1,Directa,377,https://www.inegi.org.mx/app/biblioteca/ficha.html?upc=702825198411
6213,6213,1,Directa,377,https://www.inegi.org.mx/app/biblioteca/ficha.html?upc=702825198411
6221,6221,1,Directa,378,https://www.inegi.org.mx/app/biblioteca/ficha.html?upc=702825198411
6222,6222,1,Directa,378,https://www.inegi.org.mx/app/biblioteca/ficha.html?upc=702825198411
6223,6223,1,Directa,378,https://www.inegi.org.mx/app/biblioteca/ficha.html?upc=702825198411
6224,6224,1,Directa,378,https://www.inegi.org.mx/app/biblioteca/ficha.html?upc=702825198411
6225,6225,1,Directa,378,https://www.inegi.org.mx/app/biblioteca/ficha.html?upc=702825198411
6226,6226,1,Directa,378,https://www.inegi.org.mx/app/biblioteca/ficha.html?upc=702825198411
6227,6227,1,Directa,378,https://www.inegi.org.mx/app/biblioteca/ficha.html?upc=702825198411
6231,6231,1,Directa,378,https://www.inegi.org.mx/app/biblioteca/ficha.html?upc=702825198411
6311,6311,1,Directa,378,https://www.inegi.org.mx/app/biblioteca/ficha.html?upc=702825198411
6999,6999,1,Directa,378,https://www.inegi.org.mx/app/biblioteca/ficha.html?upc=702825198411
7101,7101,1,Directa,378,https://www.inegi.org.mx/app/biblioteca/ficha.html?upc=702825198411
7111,7111,1,Directa,379,https://www.inegi.org.mx/app/biblioteca/ficha.html?upc=702825198411
7112,7112,1,Directa,379,https://www.inegi.org.mx/app/biblioteca/ficha.html?upc=702825198411
7113,7113,1,Directa,379,https://www.inegi.org.mx/app/biblioteca/ficha.html?upc=702825198411
7121,7121,1,Directa,379,https://www.inegi.org.mx/app/biblioteca/ficha.html?upc=702825198411
7122,7122,1,Directa,379,https://www.inegi.org.mx/app/biblioteca/ficha.html?upc=702825198411
7123,7123,1,Directa,379,https://www.inegi.org.mx/app/biblioteca/ficha.html?upc=702825198411
7131,7131,1,Directa,379,https://www.inegi.org.mx/app/biblioteca/ficha.html?upc=702825198411
7132,7132,1,Directa,379,https://www.inegi.org.mx/app/biblioteca/ficha.html?upc=702825198411
7133,7133,1,Directa,379,https://www.inegi.org.mx/app/biblioteca/ficha.html?upc=702825198411
7134,7134,1,Directa,379,https://www.inegi.org.mx/app/biblioteca/ficha.html?upc=702825198411
7135,7135,1,Directa,379,https://www.inegi.org.mx/app/biblioteca/ficha.html?upc=702825198411
7199,,0,Sin equivalencia,379,https://www.inegi.org.mx/app/biblioteca/ficha.html?upc=702825198411
7201,7201,1,Directa,379,https://www.inegi.org.mx/app/biblioteca/ficha.html?upc=702825198411
7211,7211,1,Directa,380,https://www.inegi.org.mx/app/biblioteca/ficha.html?upc=702825198411
7212,7212,1,Directa,380,https://www.inegi.org.mx/app/biblioteca/ficha.html?upc=702825198411
7213,7213,1,Directa,380,https://www.inegi.org.mx/app/biblioteca/ficha.html?upc=702825198411
7214,7214,1,Directa,380,https://www.inegi.org.mx/app/biblioteca/ficha.html?upc=702825198411
7221,7221,1,Directa,380,https://www.inegi.org.mx/app/biblioteca/ficha.html?upc=702825198411
7222,7222,1,Directa,380,https://www.inegi.org.mx/app/biblioteca/ficha.html?upc=702825198411
7223,7223,1,Directa,380,https://www.inegi.org.mx/app/biblioteca/ficha.html?upc=702825198411
7299,,0,Sin equivalencia,380,https://www.inegi.org.mx/app/biblioteca/ficha.html?upc=702825198411
7301,7301,1,Directa,380,https://www.inegi.org.mx/app/biblioteca/ficha.html?upc=702825198411
7311,7311,1,Directa,380,https://www.inegi.org.mx/app/biblioteca/ficha.html?upc=702825198411
7312,7312,1,Directa,380,https://www.inegi.org.mx/app/biblioteca/ficha.html?upc=702825198411
7313,7313,1,Directa,380,https://www.inegi.org.mx/app/biblioteca/ficha.html?upc=702825198411
7321,7321,1,Directa,381,https://www.inegi.org.mx/app/biblioteca/ficha.html?upc=702825198411
7322,7322,1,Directa,381,https://www.inegi.org.mx/app/biblioteca/ficha.html?upc=702825198411
7323,7323,1,Directa,381,https://www.inegi.org.mx/app/biblioteca/ficha.html?upc=702825198411
7331,7331,1,Directa,381,https://www.inegi.org.mx/app/biblioteca/ficha.html?upc=702825198411
7332,7332,1,Directa,381,https://www.inegi.org.mx/app/biblioteca/ficha.html?upc=702825198411
7341,7341,2,Múltiple,381,https://www.inegi.org.mx/app/biblioteca/ficha.html?upc=702825198411
7341,7352,2,Múltiple,381,https://www.inegi.org.mx/app/biblioteca/ficha.html?upc=702825198411
7342,7342,2,Múltiple,381,https://www.inegi.org.mx/app/biblioteca/ficha.html?upc=702825198411
7342,7352,2,Múltiple,381,https://www.inegi.org.mx/app/biblioteca/ficha.html?upc=702825198411
7343,7343,1,Directa,381,https://www.inegi.org.mx/app/biblioteca/ficha.html?upc=702825198411
7344,7344,1,Directa,381,https://www.inegi.org.mx/app/biblioteca/ficha.html?upc=702825198411
7351,7351,1,Directa,381,https://www.inegi.org.mx/app/biblioteca/ficha.html?upc=702825198411
7352,7352,1,Directa,381,https://www.inegi.org.mx/app/biblioteca/ficha.html?upc=702825198411
7353,7353,1,Directa,381,https://www.inegi.org.mx/app/biblioteca/ficha.html?upc=702825198411
7399,,0,Sin equivalencia,382,https://www.inegi.org.mx/app/biblioteca/ficha.html?upc=702825198411
7401,7401,1,Directa,382,https://www.inegi.org.mx/app/biblioteca/ficha.html?upc=702825198411
7411,7411,1,Directa,382,https://www.inegi.org.mx/app/biblioteca/ficha.html?upc=702825198411
7412,7412,1,Directa,382,https://www.inegi.org.mx/app/biblioteca/ficha.html?upc=702825198411
7501,7501,1,Directa,382,https://www.inegi.org.mx/app/biblioteca/ficha.html?upc=702825198411
7511,7511,1,Directa,382,https://www.inegi.org.mx/app/biblioteca/ficha.html?upc=702825198411
7512,7512,1,Directa,382,https://www.inegi.org.mx/app/biblioteca/ficha.html?upc=702825198411
7513,7513,1,Directa,382,https://www.inegi.org.mx/app/biblioteca/ficha.html?upc=702825198411
7514,7514,1,Directa,382,https://www.inegi.org.mx/app/biblioteca/ficha.html?upc=702825198411
7515,7515,1,Directa,383,https://www.inegi.org.mx/app/biblioteca/ficha.html?upc=702825198411
7516,7516,1,Directa,383,https://www.inegi.org.mx/app/biblioteca/ficha.html?upc=702825198411
7517,7517,1,Directa,383,https://www.inegi.org.mx/app/biblioteca/ficha.html?upc=702825198411
7518,7515,1,Directa,383,https://www.inegi.org.mx/app/biblioteca/ficha.html?upc=702825198411
7599,,0,Sin equivalencia,383,https://www.inegi.org.mx/app/biblioteca/ficha.html?upc=702825198411
7601,7601,1,Directa,383,https://www.inegi.org.mx/app/biblioteca/ficha.html?upc=702825198411
7611,7611,1,Directa,383,https://www.inegi.org.mx/app/biblioteca/ficha.html?upc=702825198411
7612,7612,1,Directa,383,https://www.inegi.org.mx/app/biblioteca/ficha.html?upc=702825198411
7613,7613,1,Directa,383,https://www.inegi.org.mx/app/biblioteca/ficha.html?upc=702825198411
7614,7614,1,Directa,383,https://www.inegi.org.mx/app/biblioteca/ficha.html?upc=702825198411
7999,7999,1,Directa,384,https://www.inegi.org.mx/app/biblioteca/ficha.html?upc=702825198411
8101,8101,1,Directa,384,https://www.inegi.org.mx/app/biblioteca/ficha.html?upc=702825198411
8111,8111,1,Directa,384,https://www.inegi.org.mx/app/biblioteca/ficha.html?upc=702825198411
8112,8112,1,Directa,384,https://www.inegi.org.mx/app/biblioteca/ficha.html?upc=702825198411
8113,8113,1,Directa,384,https://www.inegi.org.mx/app/biblioteca/ficha.html?upc=702825198411
8114,8114,1,Directa,384,https://www.inegi.org.mx/app/biblioteca/ficha.html?upc=702825198411
8121,8121,1,Directa,384,https://www.inegi.org.mx/app/biblioteca/ficha.html?upc=702825198411
8122,8122,1,Directa,384,https://www.inegi.org.mx/app/biblioteca/ficha.html?upc=702825198411
8123,8123,1,Directa,384,https://www.inegi.org.mx/app/biblioteca/ficha.html?upc=702825198411
8131,8131,1,Directa,384,https://www.inegi.org.mx/app/biblioteca/ficha.html?upc=702825198411
8132,8132,1,Directa,384,https://www.inegi.org.mx/app/biblioteca/ficha.html?upc=702825198411
8133,8133,1,Directa,384,https://www.inegi.org.mx/app/biblioteca/ficha.html?upc=702825198411
8134,8134,1,Directa,385,https://www.inegi.org.mx/app/biblioteca/ficha.html?upc=702825198411
8135,8135,1,Directa,385,https://www.inegi.org.mx/app/biblioteca/ficha.html?upc=702825198411
8141,8141,1,Directa,385,https://www.inegi.org.mx/app/biblioteca/ficha.html?upc=702825198411
8142,8142,1,Directa,385,https://www.inegi.org.mx/app/biblioteca/ficha.html?upc=702825198411
8143,8143,1,Directa,385,https://www.inegi.org.mx/app/biblioteca/ficha.html?upc=702825198411
8144,8144,1,Directa,385,https://www.inegi.org.mx/app/biblioteca/ficha.html?upc=702825198411
8145,8145,1,Directa,385,https://www.inegi.org.mx/app/biblioteca/ficha.html?upc=702825198411
8151,8151,1,Directa,385,https://www.inegi.org.mx/app/biblioteca/ficha.html?upc=702825198411
8152,8152,1,Directa,385,https://www.inegi.org.mx/app/biblioteca/ficha.html?upc=702825198411
8153,8153,1,Directa,385,https://www.inegi.org.mx/app/biblioteca/ficha.html?upc=702825198411
8154,8154,2,Múltiple,385,https://www.inegi.org.mx/app/biblioteca/ficha.html?upc=702825198411
8154,8155,2,Múltiple,385,https://www.inegi.org.mx/app/biblioteca/ficha.html?upc=702825198411
8155,8155,1,Directa,385,https://www.inegi.org.mx/app/biblioteca/ficha.html?upc=702825198411
8161,8161,1,Directa,386,https://www.inegi.org.mx/app/biblioteca/ficha.html?upc=702825198411
8162,8162,1,Directa,386,https://www.inegi.org.mx/app/biblioteca/ficha.html?upc=702825198411
8163,8163,1,Directa,386,https://www.inegi.org.mx/app/biblioteca/ficha.html?upc=702825198411
8171,8171,1,Directa,386,https://www.inegi.org.mx/app/biblioteca/ficha.html?upc=702825198411
8172,8172,1,Directa,386,https://www.inegi.org.mx/app/biblioteca/ficha.html?upc=702825198411
8173,8173,1,Directa,386,https://www.inegi.org.mx/app/biblioteca/ficha.html?upc=702825198411
8181,8181,1,Directa,386,https://www.inegi.org.mx/app/biblioteca/ficha.html?upc=702825198411
8199,8199,1,Directa,386,https://www.inegi.org.mx/app/biblioteca/ficha.html?upc=702825198411
8201,8201,1,Directa,386,https://www.inegi.org.mx/app/biblioteca/ficha.html?upc=702825198411
8211,8211,1,Directa,386,https://www.inegi.org.mx/app/biblioteca/ficha.html?upc=702825198411
8212,8212,1,Directa,386,https://www.inegi.org.mx/app/biblioteca/ficha.html?upc=702825198411
8301,8301,1,Directa,387,https://www.inegi.org.mx/app/biblioteca/ficha.html?upc=702825198411
8311,8311,1,Directa,387,https://www.inegi.org.mx/app/biblioteca/ficha.html?upc=702825198411
8321,8321,1,Directa,387,https://www.inegi.org.mx/app/biblioteca/ficha.html?upc=702825198411
8322,8322,1,Directa,387,https://www.inegi.org.mx/app/biblioteca/ficha.html?upc=702825198411
8323,8323,1,Directa,387,https://www.inegi.org.mx/app/biblioteca/ficha.html?upc=702825198411
8324,8324,1,Directa,387,https://www.inegi.org.mx/app/biblioteca/ficha.html?upc=702825198411
8331,8331,1,Directa,387,https://www.inegi.org.mx/app/biblioteca/ficha.html?upc=702825198411
8341,8341,1,Directa,387,https://www.inegi.org.mx/app/biblioteca/ficha.html?upc=702825198411
8342,8342,1,Directa,387,https://www.inegi.org.mx/app/biblioteca/ficha.html?upc=702825198411
8343,8343,1,Directa,387,https://www.inegi.org.mx/app/biblioteca/ficha.html?upc=702825198411
8344,8344,1,Directa,387,https://www.inegi.org.mx/app/biblioteca/ficha.html?upc=702825198411
8349,8349,1,Directa,387,https://www.inegi.org.mx/app/biblioteca/ficha.html?upc=702825198411
8351,8351,1,Directa,388,https://www.inegi.org.mx/app/biblioteca/ficha.html?upc=702825198411
8352,8352,1,Directa,388,https://www.inegi.org.mx/app/biblioteca/ficha.html?upc=702825198411
8999,8999,1,Directa,388,https://www.inegi.org.mx/app/biblioteca/ficha.html?upc=702825198411
9111,9111,1,Directa,388,https://www.inegi.org.mx/app/biblioteca/ficha.html?upc=702825198411
9112,9112,1,Directa,388,https://www.inegi.org.mx/app/biblioteca/ficha.html?upc=702825198411
9113,9113,1,Directa,388,https://www.inegi.org.mx/app/biblioteca/ficha.html?upc=702825198411
9121,9121,1,Directa,388,https://www.inegi.org.mx/app/biblioteca/ficha.html?upc=702825198411
9122,9122,1,Directa,388,https://www.inegi.org.mx/app/biblioteca/ficha.html?upc=702825198411
9123,9123,1,Directa,388,https://www.inegi.org.mx/app/biblioteca/ficha.html?upc=702825198411
9124,9124,1,Directa,388,https://www.inegi.org.mx/app/biblioteca/ficha.html?upc=702825198411
9211,9211,1,Directa,388,https://www.inegi.org.mx/app/biblioteca/ficha.html?upc=702825198411
9212,9212,1,Directa,389,https://www.inegi.org.mx/app/biblioteca/ficha.html?upc=702825198411
9213,,0,Sin equivalencia,389,https://www.inegi.org.mx/app/biblioteca/ficha.html?upc=702825198411
9221,9221,1,Directa,389,https://www.inegi.org.mx/app/biblioteca/ficha.html?upc=702825198411
9222,9222,1,Directa,389,https://www.inegi.org.mx/app/biblioteca/ficha.html?upc=702825198411
9231,9231,1,Directa,389,https://www.inegi.org.mx/app/biblioteca/ficha.html?upc=702825198411
9232,9232,1,Directa,389,https://www.inegi.org.mx/app/biblioteca/ficha.html?upc=702825198411
9233,9233,1,Directa,389,https://www.inegi.org.mx/app/biblioteca/ficha.html?upc=702825198411
9234,9234,1,Directa,389,https://www.inegi.org.mx/app/biblioteca/ficha.html?upc=702825198411
9235,9235,1,Directa,389,https://www.inegi.org.mx/app/biblioteca/ficha.html?upc=702825198411
9236,9236,1,Directa,389,https://www.inegi.org.mx/app/biblioteca/ficha.html?upc=702825198411
9237,9237,1,Directa,389,https://www.inegi.org.mx/app/biblioteca/ficha.html?upc=702825198411
9239,9239,1,Directa,389,https://www.inegi.org.mx/app/biblioteca/ficha.html?upc=702825198411
9311,9311,1,Directa,389,https://www.inegi.org.mx/app/biblioteca/ficha.html?upc=702825198411
9312,9312,1,Directa,389,https://www.inegi.org.mx/app/biblioteca/ficha.html?upc=702825198411
9321,9321,1,Directa,390,https://www.inegi.org.mx/app/biblioteca/ficha.html?upc=702825198411
9322,9322,1,Directa,390,https://www.inegi.org.mx/app/biblioteca/ficha.html?upc=702825198411
9331,9331,1,Directa,390,https://www.inegi.org.mx/app/biblioteca/ficha.html?upc=702825198411
9332,9332,1,Directa,390,https://www.inegi.org.mx/app/biblioteca/ficha.html?upc=702825198411
9411,9411,1,Directa,390,https://www.inegi.org.mx/app/biblioteca/ficha.html?upc=702825198411
9511,9511,1,Directa,390,https://www.inegi.org.mx/app/biblioteca/ficha.html?upc=702825198411
9512,9512,1,Directa,390,https://www.inegi.org.mx/app/biblioteca/ficha.html?upc=702825198411
9521,9521,1,Directa,390,https://www.inegi.org.mx/app/biblioteca/ficha.html?upc=702825198411
9599,,0,Sin equivalencia,390,https://www.inegi.org.mx/app/biblioteca/ficha.html?upc=702825198411
9601,9601,1,Directa,390,https://www.inegi.org.mx/app/biblioteca/ficha.html?upc=702825198411
9611,9611,1,Directa,390,https://www.inegi.org.mx/app/biblioteca/ficha.html?upc=702825198411
9621,9621,1,Directa,391,https://www.inegi.org.mx/app/biblioteca/ficha.html?upc=702825198411
9622,9622,1,Directa,391,https://www.inegi.org.mx/app/biblioteca/ficha.html?upc=702825198411
9623,9623,1,Directa,391,https://www.inegi.org.mx/app/biblioteca/ficha.html?upc=702825198411
9624,9624,1,Directa,391,https://www.inegi.org.mx/app/biblioteca/ficha.html?upc=702825198411
9631,9631,1,Directa,391,https://www.inegi.org.mx/app/biblioteca/ficha.html?upc=702825198411
9632,9632,1,Directa,391,https://www.inegi.org.mx/app/biblioteca/ficha.html?upc=702825198411
9633,9633,1,Directa,391,https://www.inegi.org.mx/app/biblioteca/ficha.html?upc=702825198411
9634,9634,1,Directa,391,https://www.inegi.org.mx/app/biblioteca/ficha.html?upc=702825198411
9641,9641,1,Directa,391,https://www.inegi.org.mx/app/biblioteca/ficha.html?upc=702825198411
9642,9642,1,Directa,391,https://www.inegi.org.mx/app/biblioteca/ficha.html?upc=702825198411
9643,9643,1,Directa,391,https://www.inegi.org.mx/app/biblioteca/ficha.html?upc=702825198411
9651,9651,1,Directa,391,https://www.inegi.org.mx/app/biblioteca/ficha.html?upc=702825198411
9661,9661,1,Directa,391,https://www.inegi.org.mx/app/biblioteca/ficha.html?upc=702825198411
9662,9662,1,Directa,391,https://www.inegi.org.mx/app/biblioteca/ficha.html?upc=702825198411
9663,9663,1,Directa,391,https://www.inegi.org.mx/app/biblioteca/ficha.html?upc=702825198411
9664,9663,1,Directa,392,https://www.inegi.org.mx/app/biblioteca/ficha.html?upc=702825198411
9711,9711,1,Directa,392,https://www.inegi.org.mx/app/biblioteca/ficha.html?upc=702825198411
9712,9712,1,Directa,392,https://www.inegi.org.mx/app/biblioteca/ficha.html?upc=702825198411
9713,9713,1,Directa,392,https://www.inegi.org.mx/app/biblioteca/ficha.html?upc=702825198411
9721,9721,1,Directa,392,https://www.inegi.org.mx/app/biblioteca/ficha.html?upc=702825198411
9722,9722,1,Directa,392,https://www.inegi.org.mx/app/biblioteca/ficha.html?upc=702825198411
9723,9723,1,Directa,392,https://www.inegi.org.mx/app/biblioteca/ficha.html?upc=702825198411
9731,9731,1,Directa,392,https://www.inegi.org.mx/app/biblioteca/ficha.html?upc=702825198411
9732,9732,1,Directa,392,https://www.inegi.org.mx/app/biblioteca/ficha.html?upc=702825198411
9733,9733,1,Directa,392,https://www.inegi.org.mx/app/biblioteca/ficha.html?upc=702825198411
9899,9899,1,Directa,392,https://www.inegi.org.mx/app/biblioteca/ficha.html?upc=702825198411
9999,9999,1,Directa,392,https://www.inegi.org.mx/app/biblioteca/ficha.html?upc=702825198411
