cmo,classification,method,rule_id,records,population
8100,isco88_damian,consenso_clasificaciones_panel,CONSENSO_PANEL_1944,3507,985557
1423,isco88_damian,consenso_clasificaciones_panel,CONSENSO_PANEL_1886,482,152065
8311,isco88_damian,consenso_clasificaciones_panel,CONSENSO_PANEL_1961,50,8655
5246,supervisa_damian,consenso_clasificaciones_panel,CONSENSO_PANEL_2678,435,126487
8100,supervisa_damian,consenso_clasificaciones_panel,CONSENSO_PANEL_2784,3507,985557
1105,supervisa_damian,consenso_clasificaciones_panel,CONSENSO_PANEL_2580,657,186122
6270,supervisa_damian,consenso_clasificaciones_panel,CONSENSO_PANEL_2770,3578,825950
5400,supervisa_damian,consenso_clasificaciones_panel,CONSENSO_PANEL_2722,1734,453965
2127,supervisa_damian,consenso_clasificaciones_panel,CONSENSO_PANEL_2632,467,114766
5100,supervisa_damian,consenso_clasificaciones_panel,CONSENSO_PANEL_2649,210,65401
6130,supervisa_damian,consenso_clasificaciones_panel,CONSENSO_PANEL_2748,134,45536
2124,supervisa_damian,consenso_clasificaciones_panel,CONSENSO_PANEL_2630,501,136364
8150,supervisa_damian,consenso_clasificaciones_panel,CONSENSO_PANEL_2798,340,98871
6230,supervisa_damian,consenso_clasificaciones_panel,CONSENSO_PANEL_2763,735,201084
1423,supervisa_damian,consenso_clasificaciones_panel,CONSENSO_PANEL_2620,482,152065
1205,supervisa_damian,consenso_clasificaciones_panel,CONSENSO_PANEL_2598,664,166429
2121,supervisa_damian,consenso_clasificaciones_panel,CONSENSO_PANEL_2627,649,188723
6260,supervisa_damian,consenso_clasificaciones_panel,CONSENSO_PANEL_2769,174,54708
6150,supervisa_damian,consenso_clasificaciones_panel,CONSENSO_PANEL_2752,129,43662
6160,supervisa_damian,consenso_clasificaciones_panel,CONSENSO_PANEL_2753,615,172672
4120,supervisa_damian,consenso_clasificaciones_panel,CONSENSO_PANEL_2645,713,170204
1230,supervisa_damian,consenso_clasificaciones_panel,CONSENSO_PANEL_2602,226,57892
6101,supervisa_damian,consenso_clasificaciones_panel,CONSENSO_PANEL_2742,440,93003
1204,supervisa_damian,consenso_clasificaciones_panel,CONSENSO_PANEL_2597,581,153339
2125,supervisa_damian,consenso_clasificaciones_panel,CONSENSO_PANEL_2631,432,101542
2123,supervisa_damian,consenso_clasificaciones_panel,CONSENSO_PANEL_2629,105,34457
6232,supervisa_damian,consenso_clasificaciones_panel,CONSENSO_PANEL_2765,150,39167
1104,supervisa_damian,consenso_clasificaciones_panel,CONSENSO_PANEL_2579,318,89773
1221,supervisa_damian,consenso_clasificaciones_panel,CONSENSO_PANEL_2601,130,31305
7121,supervisa_damian,consenso_clasificaciones_panel,CONSENSO_PANEL_2774,442,117567
6110,supervisa_damian,consenso_clasificaciones_panel,CONSENSO_PANEL_2744,353,97836
1390,supervisa_damian,consenso_clasificaciones_panel,CONSENSO_PANEL_2616,152,30543
7201,supervisa_damian,consenso_clasificaciones_panel,CONSENSO_PANEL_2780,1551,411499
1250,supervisa_damian,consenso_clasificaciones_panel,CONSENSO_PANEL_2604,421,98103
6100,supervisa_damian,consenso_clasificaciones_panel,CONSENSO_PANEL_2741,220,44470
6180,supervisa_damian,consenso_clasificaciones_panel,CONSENSO_PANEL_2755,181,51703
6121,supervisa_damian,consenso_clasificaciones_panel,CONSENSO_PANEL_2747,194,63894
4109,supervisa_damian,consenso_clasificaciones_panel,CONSENSO_PANEL_2640,187,43443
5380,supervisa_damian,consenso_clasificaciones_panel,CONSENSO_PANEL_2717,126,48291
5410,supervisa_damian,consenso_clasificaciones_panel,CONSENSO_PANEL_2724,48,7842
5170,supervisa_damian,consenso_clasificaciones_panel,CONSENSO_PANEL_2653,63,17537
8100,clase_egp13_damian,consenso_clasificaciones_panel,CONSENSO_PANEL_1072,1508,454543
1105,clase_egp13_damian,consenso_clasificaciones_panel,CONSENSO_PANEL_0899,657,186122
6270,clase_egp13_damian,consenso_clasificaciones_panel,CONSENSO_PANEL_1056,3574,824847
5400,clase_egp13_damian,consenso_clasificaciones_panel,CONSENSO_PANEL_1026,1479,390004
2127,clase_egp13_damian,consenso_clasificaciones_panel,CONSENSO_PANEL_0939,362,87025
6130,clase_egp13_damian,consenso_clasificaciones_panel,CONSENSO_PANEL_1046,117,38695
8100,clase_egp13_damian,consenso_clasificaciones_panel,CONSENSO_PANEL_1071,541,143163
6230,clase_egp13_damian,consenso_clasificaciones_panel,CONSENSO_PANEL_1052,735,201084
1423,clase_egp13_damian,consenso_clasificaciones_panel,CONSENSO_PANEL_0930,299,101620
1205,clase_egp13_damian,consenso_clasificaciones_panel,CONSENSO_PANEL_0914,664,166429
2121,clase_egp13_damian,consenso_clasificaciones_panel,CONSENSO_PANEL_0935,421,137177
4120,clase_egp13_damian,consenso_clasificaciones_panel,CONSENSO_PANEL_0951,506,123190
2125,clase_egp13_damian,consenso_clasificaciones_panel,CONSENSO_PANEL_0937,264,60443
6232,clase_egp13_damian,consenso_clasificaciones_panel,CONSENSO_PANEL_1053,150,39167
1104,clase_egp13_damian,consenso_clasificaciones_panel,CONSENSO_PANEL_0898,318,89773
1221,clase_egp13_damian,consenso_clasificaciones_panel,CONSENSO_PANEL_0917,130,31305
1423,clase_egp13_damian,consenso_clasificaciones_panel,CONSENSO_PANEL_0929,134,35768
1390,clase_egp13_damian,consenso_clasificaciones_panel,CONSENSO_PANEL_0925,152,30543
6100,clase_egp13_damian,consenso_clasificaciones_panel,CONSENSO_PANEL_1044,197,40424
2127,clase_egp13_damian,consenso_clasificaciones_panel,CONSENSO_PANEL_0938,93,24641
5246,clase_egp13_damian,consenso_clasificaciones_panel,CONSENSO_PANEL_0987,2,926
8100,clase_egp7_damian,consenso_clasificaciones_panel,CONSENSO_PANEL_1281,2049,597706
1105,clase_egp7_damian,consenso_clasificaciones_panel,CONSENSO_PANEL_1102,657,186122
6270,clase_egp7_damian,consenso_clasificaciones_panel,CONSENSO_PANEL_1268,3574,824847
5400,clase_egp7_damian,consenso_clasificaciones_panel,CONSENSO_PANEL_1234,1733,453928
2127,clase_egp7_damian,consenso_clasificaciones_panel,CONSENSO_PANEL_1148,455,111666
6130,clase_egp7_damian,consenso_clasificaciones_panel,CONSENSO_PANEL_1254,134,45536
2124,clase_egp7_damian,consenso_clasificaciones_panel,CONSENSO_PANEL_1146,456,127106
6230,clase_egp7_damian,consenso_clasificaciones_panel,CONSENSO_PANEL_1264,735,201084
1423,clase_egp7_damian,consenso_clasificaciones_panel,CONSENSO_PANEL_1138,299,101620
1205,clase_egp7_damian,consenso_clasificaciones_panel,CONSENSO_PANEL_1118,664,166429
2121,clase_egp7_damian,consenso_clasificaciones_panel,CONSENSO_PANEL_1143,636,183740
6150,clase_egp7_damian,consenso_clasificaciones_panel,CONSENSO_PANEL_1255,128,43527
4120,clase_egp7_damian,consenso_clasificaciones_panel,CONSENSO_PANEL_1160,506,123190
1230,clase_egp7_damian,consenso_clasificaciones_panel,CONSENSO_PANEL_1123,226,57892
6101,clase_egp7_damian,consenso_clasificaciones_panel,CONSENSO_PANEL_1250,440,93003
2125,clase_egp7_damian,consenso_clasificaciones_panel,CONSENSO_PANEL_1147,427,98368
2123,clase_egp7_damian,consenso_clasificaciones_panel,CONSENSO_PANEL_1145,96,31195
6232,clase_egp7_damian,consenso_clasificaciones_panel,CONSENSO_PANEL_1265,150,39167
1104,clase_egp7_damian,consenso_clasificaciones_panel,CONSENSO_PANEL_1101,318,89773
1221,clase_egp7_damian,consenso_clasificaciones_panel,CONSENSO_PANEL_1122,130,31305
1423,clase_egp7_damian,consenso_clasificaciones_panel,CONSENSO_PANEL_1137,183,50445
6110,clase_egp7_damian,consenso_clasificaciones_panel,CONSENSO_PANEL_1252,353,97836
1390,clase_egp7_damian,consenso_clasificaciones_panel,CONSENSO_PANEL_1133,152,30543
1250,clase_egp7_damian,consenso_clasificaciones_panel,CONSENSO_PANEL_1124,421,98103
6100,clase_egp7_damian,consenso_clasificaciones_panel,CONSENSO_PANEL_1249,220,44470
5380,clase_egp7_damian,consenso_clasificaciones_panel,CONSENSO_PANEL_1232,124,47935
5246,clase_egp7_damian,consenso_clasificaciones_panel,CONSENSO_PANEL_1192,2,926
8100,clase_alt6_damian,consenso_clasificaciones_panel,CONSENSO_PANEL_0875,1508,454543
1105,clase_alt6_damian,consenso_clasificaciones_panel,CONSENSO_PANEL_0690,657,186122
6270,clase_alt6_damian,consenso_clasificaciones_panel,CONSENSO_PANEL_0860,3574,824847
5400,clase_alt6_damian,consenso_clasificaciones_panel,CONSENSO_PANEL_0820,1733,453928
2127,clase_alt6_damian,consenso_clasificaciones_panel,CONSENSO_PANEL_0735,455,111666
5246,clase_alt6_damian,consenso_clasificaciones_panel,CONSENSO_PANEL_0779,381,111008
6130,clase_alt6_damian,consenso_clasificaciones_panel,CONSENSO_PANEL_0846,134,45536
8100,clase_alt6_damian,consenso_clasificaciones_panel,CONSENSO_PANEL_0874,541,143163
2124,clase_alt6_damian,consenso_clasificaciones_panel,CONSENSO_PANEL_0733,456,127106
6230,clase_alt6_damian,consenso_clasificaciones_panel,CONSENSO_PANEL_0856,735,201084
1423,clase_alt6_damian,consenso_clasificaciones_panel,CONSENSO_PANEL_0725,299,101620
1205,clase_alt6_damian,consenso_clasificaciones_panel,CONSENSO_PANEL_0706,664,166429
2121,clase_alt6_damian,consenso_clasificaciones_panel,CONSENSO_PANEL_0731,636,183740
6150,clase_alt6_damian,consenso_clasificaciones_panel,CONSENSO_PANEL_0847,128,43527
4120,clase_alt6_damian,consenso_clasificaciones_panel,CONSENSO_PANEL_0742,713,170204
1230,clase_alt6_damian,consenso_clasificaciones_panel,CONSENSO_PANEL_0711,226,57892
6101,clase_alt6_damian,consenso_clasificaciones_panel,CONSENSO_PANEL_0842,440,93003
2125,clase_alt6_damian,consenso_clasificaciones_panel,CONSENSO_PANEL_0734,427,98368
2123,clase_alt6_damian,consenso_clasificaciones_panel,CONSENSO_PANEL_0732,96,31195
6232,clase_alt6_damian,consenso_clasificaciones_panel,CONSENSO_PANEL_0857,150,39167
1104,clase_alt6_damian,consenso_clasificaciones_panel,CONSENSO_PANEL_0689,318,89773
1221,clase_alt6_damian,consenso_clasificaciones_panel,CONSENSO_PANEL_0710,130,31305
1423,clase_alt6_damian,consenso_clasificaciones_panel,CONSENSO_PANEL_0726,134,35768
6110,clase_alt6_damian,consenso_clasificaciones_panel,CONSENSO_PANEL_0844,353,97836
1390,clase_alt6_damian,consenso_clasificaciones_panel,CONSENSO_PANEL_0721,152,30543
1250,clase_alt6_damian,consenso_clasificaciones_panel,CONSENSO_PANEL_0712,421,98103
6100,clase_alt6_damian,consenso_clasificaciones_panel,CONSENSO_PANEL_0841,220,44470
5246,clase_alt6_damian,consenso_clasificaciones_panel,CONSENSO_PANEL_0780,2,926
5246,macro_egp4_damian,consenso_clasificaciones_panel,CONSENSO_PANEL_2046,435,126487
8100,macro_egp4_damian,consenso_clasificaciones_panel,CONSENSO_PANEL_2130,3505,985462
1105,macro_egp4_damian,consenso_clasificaciones_panel,CONSENSO_PANEL_1966,657,186122
6270,macro_egp4_damian,consenso_clasificaciones_panel,CONSENSO_PANEL_2118,3574,824847
5400,macro_egp4_damian,consenso_clasificaciones_panel,CONSENSO_PANEL_2085,1733,453928
2127,macro_egp4_damian,consenso_clasificaciones_panel,CONSENSO_PANEL_2010,455,111666
6130,macro_egp4_damian,consenso_clasificaciones_panel,CONSENSO_PANEL_2103,134,45536
2124,macro_egp4_damian,consenso_clasificaciones_panel,CONSENSO_PANEL_2008,456,127106
6230,macro_egp4_damian,consenso_clasificaciones_panel,CONSENSO_PANEL_2113,735,201084
1423,macro_egp4_damian,consenso_clasificaciones_panel,CONSENSO_PANEL_2001,482,152065
1205,macro_egp4_damian,consenso_clasificaciones_panel,CONSENSO_PANEL_1982,664,166429
2121,macro_egp4_damian,consenso_clasificaciones_panel,CONSENSO_PANEL_2006,636,183740
6150,macro_egp4_damian,consenso_clasificaciones_panel,CONSENSO_PANEL_2104,128,43527
4120,macro_egp4_damian,consenso_clasificaciones_panel,CONSENSO_PANEL_2017,713,170204
1230,macro_egp4_damian,consenso_clasificaciones_panel,CONSENSO_PANEL_1986,226,57892
6101,macro_egp4_damian,consenso_clasificaciones_panel,CONSENSO_PANEL_2099,440,93003
2125,macro_egp4_damian,consenso_clasificaciones_panel,CONSENSO_PANEL_2009,427,98368
2123,macro_egp4_damian,consenso_clasificaciones_panel,CONSENSO_PANEL_2007,96,31195
6232,macro_egp4_damian,consenso_clasificaciones_panel,CONSENSO_PANEL_2115,150,39167
1104,macro_egp4_damian,consenso_clasificaciones_panel,CONSENSO_PANEL_1965,318,89773
1221,macro_egp4_damian,consenso_clasificaciones_panel,CONSENSO_PANEL_1985,130,31305
6110,macro_egp4_damian,consenso_clasificaciones_panel,CONSENSO_PANEL_2101,353,97836
1390,macro_egp4_damian,consenso_clasificaciones_panel,CONSENSO_PANEL_1997,152,30543
7201,macro_egp4_damian,consenso_clasificaciones_panel,CONSENSO_PANEL_2126,1551,411499
1250,macro_egp4_damian,consenso_clasificaciones_panel,CONSENSO_PANEL_1987,421,98103
6100,macro_egp4_damian,consenso_clasificaciones_panel,CONSENSO_PANEL_2098,220,44470
5380,macro_egp4_damian,consenso_clasificaciones_panel,CONSENSO_PANEL_2083,126,48291
5246,macro_solis4_damian,consenso_clasificaciones_panel,CONSENSO_PANEL_2236,435,126487
8100,macro_solis4_damian,consenso_clasificaciones_panel,CONSENSO_PANEL_2326,2049,597706
1105,macro_solis4_damian,consenso_clasificaciones_panel,CONSENSO_PANEL_2153,657,186122
6270,macro_solis4_damian,consenso_clasificaciones_panel,CONSENSO_PANEL_2313,3574,824847
5400,macro_solis4_damian,consenso_clasificaciones_panel,CONSENSO_PANEL_2275,1733,453928
2127,macro_solis4_damian,consenso_clasificaciones_panel,CONSENSO_PANEL_2200,455,111666
6130,macro_solis4_damian,consenso_clasificaciones_panel,CONSENSO_PANEL_2294,134,45536
2124,macro_solis4_damian,consenso_clasificaciones_panel,CONSENSO_PANEL_2198,456,127106
8150,macro_solis4_damian,consenso_clasificaciones_panel,CONSENSO_PANEL_2341,258,72406
6230,macro_solis4_damian,consenso_clasificaciones_panel,CONSENSO_PANEL_2307,735,201084
1423,macro_solis4_damian,consenso_clasificaciones_panel,CONSENSO_PANEL_2191,482,152065
1205,macro_solis4_damian,consenso_clasificaciones_panel,CONSENSO_PANEL_2170,664,166429
2121,macro_solis4_damian,consenso_clasificaciones_panel,CONSENSO_PANEL_2196,636,183740
6260,macro_solis4_damian,consenso_clasificaciones_panel,CONSENSO_PANEL_2312,174,54708
6150,macro_solis4_damian,consenso_clasificaciones_panel,CONSENSO_PANEL_2297,128,43527
6160,macro_solis4_damian,consenso_clasificaciones_panel,CONSENSO_PANEL_2298,612,171457
4120,macro_solis4_damian,consenso_clasificaciones_panel,CONSENSO_PANEL_2207,713,170204
1230,macro_solis4_damian,consenso_clasificaciones_panel,CONSENSO_PANEL_2174,226,57892
6101,macro_solis4_damian,consenso_clasificaciones_panel,CONSENSO_PANEL_2289,440,93003
2125,macro_solis4_damian,consenso_clasificaciones_panel,CONSENSO_PANEL_2199,427,98368
2123,macro_solis4_damian,consenso_clasificaciones_panel,CONSENSO_PANEL_2197,96,31195
6232,macro_solis4_damian,consenso_clasificaciones_panel,CONSENSO_PANEL_2309,150,39167
1104,macro_solis4_damian,consenso_clasificaciones_panel,CONSENSO_PANEL_2152,318,89773
1221,macro_solis4_damian,consenso_clasificaciones_panel,CONSENSO_PANEL_2173,130,31305
6110,macro_solis4_damian,consenso_clasificaciones_panel,CONSENSO_PANEL_2291,353,97836
1390,macro_solis4_damian,consenso_clasificaciones_panel,CONSENSO_PANEL_2187,152,30543
1250,macro_solis4_damian,consenso_clasificaciones_panel,CONSENSO_PANEL_2175,421,98103
6100,macro_solis4_damian,consenso_clasificaciones_panel,CONSENSO_PANEL_2288,220,44470
5380,macro_solis4_damian,consenso_clasificaciones_panel,CONSENSO_PANEL_2273,126,48291
5170,macro_solis4_damian,consenso_clasificaciones_panel,CONSENSO_PANEL_2212,62,17410
5246,egp3_damian,consenso_clasificaciones_panel,CONSENSO_PANEL_1594,435,126487
8100,egp3_damian,consenso_clasificaciones_panel,CONSENSO_PANEL_1678,3505,985462
1105,egp3_damian,consenso_clasificaciones_panel,CONSENSO_PANEL_1496,657,186122
6270,egp3_damian,consenso_clasificaciones_panel,CONSENSO_PANEL_1666,3574,824847
5400,egp3_damian,consenso_clasificaciones_panel,CONSENSO_PANEL_1633,1733,453928
2127,egp3_damian,consenso_clasificaciones_panel,CONSENSO_PANEL_1540,455,111666
6130,egp3_damian,consenso_clasificaciones_panel,CONSENSO_PANEL_1651,134,45536
2124,egp3_damian,consenso_clasificaciones_panel,CONSENSO_PANEL_1538,456,127106
6230,egp3_damian,consenso_clasificaciones_panel,CONSENSO_PANEL_1661,735,201084
1423,egp3_damian,consenso_clasificaciones_panel,CONSENSO_PANEL_1531,482,152065
1205,egp3_damian,consenso_clasificaciones_panel,CONSENSO_PANEL_1512,664,166429
2121,egp3_damian,consenso_clasificaciones_panel,CONSENSO_PANEL_1536,636,183740
6150,egp3_damian,consenso_clasificaciones_panel,CONSENSO_PANEL_1652,128,43527
4120,egp3_damian,consenso_clasificaciones_panel,CONSENSO_PANEL_1562,506,123190
1230,egp3_damian,consenso_clasificaciones_panel,CONSENSO_PANEL_1516,226,57892
6101,egp3_damian,consenso_clasificaciones_panel,CONSENSO_PANEL_1647,440,93003
2125,egp3_damian,consenso_clasificaciones_panel,CONSENSO_PANEL_1539,427,98368
2123,egp3_damian,consenso_clasificaciones_panel,CONSENSO_PANEL_1537,96,31195
6232,egp3_damian,consenso_clasificaciones_panel,CONSENSO_PANEL_1663,150,39167
1104,egp3_damian,consenso_clasificaciones_panel,CONSENSO_PANEL_1495,318,89773
1221,egp3_damian,consenso_clasificaciones_panel,CONSENSO_PANEL_1515,130,31305
6110,egp3_damian,consenso_clasificaciones_panel,CONSENSO_PANEL_1649,353,97836
1390,egp3_damian,consenso_clasificaciones_panel,CONSENSO_PANEL_1527,152,30543
7201,egp3_damian,consenso_clasificaciones_panel,CONSENSO_PANEL_1674,1551,411499
1250,egp3_damian,consenso_clasificaciones_panel,CONSENSO_PANEL_1517,421,98103
6100,egp3_damian,consenso_clasificaciones_panel,CONSENSO_PANEL_1646,220,44470
4109,egp3_damian,consenso_clasificaciones_panel,CONSENSO_PANEL_1555,163,34923
4120,egp3_damian,consenso_clasificaciones_panel,CONSENSO_PANEL_1563,207,47014
5380,egp3_damian,consenso_clasificaciones_panel,CONSENSO_PANEL_1631,126,48291
5246,baja_damian,consenso_clasificaciones_panel,CONSENSO_PANEL_0338,435,126487
8100,baja_damian,consenso_clasificaciones_panel,CONSENSO_PANEL_0445,3505,985462
1105,baja_damian,consenso_clasificaciones_panel,CONSENSO_PANEL_0230,657,186122
6270,baja_damian,consenso_clasificaciones_panel,CONSENSO_PANEL_0430,3574,824847
5400,baja_damian,consenso_clasificaciones_panel,CONSENSO_PANEL_0382,1479,390004
2127,baja_damian,consenso_clasificaciones_panel,CONSENSO_PANEL_0283,455,111666
5100,baja_damian,consenso_clasificaciones_panel,CONSENSO_PANEL_0300,209,65204
5141,baja_damian,consenso_clasificaciones_panel,CONSENSO_PANEL_0308,589,162091
6130,baja_damian,consenso_clasificaciones_panel,CONSENSO_PANEL_0408,134,45536
2124,baja_damian,consenso_clasificaciones_panel,CONSENSO_PANEL_0281,456,127106
8150,baja_damian,consenso_clasificaciones_panel,CONSENSO_PANEL_0464,340,98871
6230,baja_damian,consenso_clasificaciones_panel,CONSENSO_PANEL_0423,735,201084
1423,baja_damian,consenso_clasificaciones_panel,CONSENSO_PANEL_0271,482,152065
1205,baja_damian,consenso_clasificaciones_panel,CONSENSO_PANEL_0249,664,166429
2121,baja_damian,consenso_clasificaciones_panel,CONSENSO_PANEL_0278,636,183740
6260,baja_damian,consenso_clasificaciones_panel,CONSENSO_PANEL_0429,174,54708
6150,baja_damian,consenso_clasificaciones_panel,CONSENSO_PANEL_0412,128,43527
6160,baja_damian,consenso_clasificaciones_panel,CONSENSO_PANEL_0413,612,171457
4120,baja_damian,consenso_clasificaciones_panel,CONSENSO_PANEL_0295,713,170204
1230,baja_damian,consenso_clasificaciones_panel,CONSENSO_PANEL_0253,226,57892
6101,baja_damian,consenso_clasificaciones_panel,CONSENSO_PANEL_0402,440,93003
1204,baja_damian,consenso_clasificaciones_panel,CONSENSO_PANEL_0248,581,153339
2125,baja_damian,consenso_clasificaciones_panel,CONSENSO_PANEL_0282,427,98368
2123,baja_damian,consenso_clasificaciones_panel,CONSENSO_PANEL_0280,96,31195
6232,baja_damian,consenso_clasificaciones_panel,CONSENSO_PANEL_0425,150,39167
1104,baja_damian,consenso_clasificaciones_panel,CONSENSO_PANEL_0229,318,89773
1221,baja_damian,consenso_clasificaciones_panel,CONSENSO_PANEL_0252,130,31305
7121,baja_damian,consenso_clasificaciones_panel,CONSENSO_PANEL_0435,442,117567
6110,baja_damian,consenso_clasificaciones_panel,CONSENSO_PANEL_0404,353,97836
1390,baja_damian,consenso_clasificaciones_panel,CONSENSO_PANEL_0267,152,30543
7201,baja_damian,consenso_clasificaciones_panel,CONSENSO_PANEL_0441,1551,411499
1250,baja_damian,consenso_clasificaciones_panel,CONSENSO_PANEL_0255,421,98103
6100,baja_damian,consenso_clasificaciones_panel,CONSENSO_PANEL_0401,220,44470
4170,baja_damian,consenso_clasificaciones_panel,CONSENSO_PANEL_0299,106,29736
6180,baja_damian,consenso_clasificaciones_panel,CONSENSO_PANEL_0415,180,49985
6121,baja_damian,consenso_clasificaciones_panel,CONSENSO_PANEL_0407,194,63894
5111,baja_damian,consenso_clasificaciones_panel,CONSENSO_PANEL_0302,52,10227
5380,baja_damian,consenso_clasificaciones_panel,CONSENSO_PANEL_0377,126,48291
5170,baja_damian,consenso_clasificaciones_panel,CONSENSO_PANEL_0312,62,17410
8311,baja_damian,consenso_clasificaciones_panel,CONSENSO_PANEL_0474,50,8655
5410,baja_damian,consenso_clasificaciones_panel,CONSENSO_PANEL_0384,39,6539
5246,alta_damian,consenso_clasificaciones_panel,CONSENSO_PANEL_0100,435,126487
8100,alta_damian,consenso_clasificaciones_panel,CONSENSO_PANEL_0202,2964,842299
1105,alta_damian,consenso_clasificaciones_panel,CONSENSO_PANEL_0005,657,186122
6270,alta_damian,consenso_clasificaciones_panel,CONSENSO_PANEL_0187,3574,824847
5400,alta_damian,consenso_clasificaciones_panel,CONSENSO_PANEL_0146,1733,453928
2127,alta_damian,consenso_clasificaciones_panel,CONSENSO_PANEL_0049,455,111666
6130,alta_damian,consenso_clasificaciones_panel,CONSENSO_PANEL_0171,134,45536
8100,alta_damian,consenso_clasificaciones_panel,CONSENSO_PANEL_0203,541,143163
2124,alta_damian,consenso_clasificaciones_panel,CONSENSO_PANEL_0047,456,127106
8150,alta_damian,consenso_clasificaciones_panel,CONSENSO_PANEL_0217,328,96528
6230,alta_damian,consenso_clasificaciones_panel,CONSENSO_PANEL_0181,735,201084
1423,alta_damian,consenso_clasificaciones_panel,CONSENSO_PANEL_0040,433,137388
1205,alta_damian,consenso_clasificaciones_panel,CONSENSO_PANEL_0021,664,166429
2121,alta_damian,consenso_clasificaciones_panel,CONSENSO_PANEL_0045,636,183740
6150,alta_damian,consenso_clasificaciones_panel,CONSENSO_PANEL_0172,128,43527
4120,alta_damian,consenso_clasificaciones_panel,CONSENSO_PANEL_0062,713,170204
1230,alta_damian,consenso_clasificaciones_panel,CONSENSO_PANEL_0025,226,57892
6101,alta_damian,consenso_clasificaciones_panel,CONSENSO_PANEL_0167,440,93003
2125,alta_damian,consenso_clasificaciones_panel,CONSENSO_PANEL_0048,427,98368
2123,alta_damian,consenso_clasificaciones_panel,CONSENSO_PANEL_0046,96,31195
6232,alta_damian,consenso_clasificaciones_panel,CONSENSO_PANEL_0183,150,39167
1104,alta_damian,consenso_clasificaciones_panel,CONSENSO_PANEL_0004,318,89773
1221,alta_damian,consenso_clasificaciones_panel,CONSENSO_PANEL_0024,130,31305
7121,alta_damian,consenso_clasificaciones_panel,CONSENSO_PANEL_0192,441,117122
6110,alta_damian,consenso_clasificaciones_panel,CONSENSO_PANEL_0169,353,97836
1390,alta_damian,consenso_clasificaciones_panel,CONSENSO_PANEL_0036,152,30543
7201,alta_damian,consenso_clasificaciones_panel,CONSENSO_PANEL_0197,1551,411499
1250,alta_damian,consenso_clasificaciones_panel,CONSENSO_PANEL_0026,421,98103
6100,alta_damian,consenso_clasificaciones_panel,CONSENSO_PANEL_0166,220,44470
4170,alta_damian,consenso_clasificaciones_panel,CONSENSO_PANEL_0066,114,32389
4109,alta_damian,consenso_clasificaciones_panel,CONSENSO_PANEL_0057,187,43443
5380,alta_damian,consenso_clasificaciones_panel,CONSENSO_PANEL_0141,124,47935
5410,alta_damian,consenso_clasificaciones_panel,CONSENSO_PANEL_0148,48,7842
