p3coe,origen,registros,poblacion,discrepancias
8100,consenso_destinos_oficiales,3505,985462,0
5400,consenso_destinos_oficiales,1734,453965,0
1105,consenso_destinos_oficiales,657,186122,0
6160,consenso_destinos_oficiales,612,171457,0
1423,consenso_destinos_oficiales,482,152065,0
2121,consenso_destinos_oficiales,421,137177,0
2124,consenso_destinos_oficiales,456,127106,0
5246,consenso_destinos_oficiales,435,126487,0
2127,consenso_destinos_oficiales,455,111666,0
2125,consenso_destinos_oficiales,405,93872,0
1104,consenso_destinos_oficiales,318,89773,0
6260,consenso_destinos_oficiales,174,54708,0
6150,consenso_destinos_oficiales,128,43527,0
6232,consenso_destinos_oficiales,150,39167,0
1221,consenso_destinos_oficiales,130,31305,0
2123,consenso_destinos_oficiales,96,31195,0
1390,consenso_destinos_oficiales,152,30543,0
4170,consenso_destinos_oficiales,106,29736,0
6110,consenso_destinos_oficiales,67,18789,0
6101,consenso_destinos_oficiales,38,13103,0
6121,consenso_destinos_oficiales,46,11550,0
5111,consenso_destinos_oficiales,52,10227,0
4160,consenso_destinos_oficiales,50,8027,0
5410,consenso_destinos_oficiales,48,7842,0
6130,consenso_destinos_oficiales,17,6841,0
5249,consenso_destinos_oficiales,17,5042,0
2100,consenso_destinos_oficiales,22,4550,0
6100,consenso_destinos_oficiales,23,4046,0
2133,consenso_destinos_oficiales,18,3798,0
7121,consenso_destinos_oficiales,1,445,0
5380,consenso_destinos_oficiales,2,356,0
5159,consenso_destinos_oficiales,1,37,0
5190,pendiente,108,30301,0
6131,pendiente,63,15764,0
1429,pendiente,12,3967,0
5551,pendiente,6,3374,0
4150,pendiente,3,3144,0
6290,pendiente,14,2041,0
1369,pendiente,4,1603,0
4140,pendiente,6,982,0
2122,pendiente,3,501,0
5521,pendiente,1,174,0
5509,pendiente,2,158,0
6109,pendiente,1,129,0
4100,pendiente,1,114,0
5335,pendiente,1,102,0
1153,pendiente,2,100,0
8131,pendiente,2,76,0
4110,pendiente,1,76,0
1490,pendiente,1,62,0
7210,pendiente,1,32,0
4100,puente_general,8062,3473587,0
7111,puente_general,12287,3460965,0
7100,puente_general,7920,2395379,0
8200,puente_general,6593,1922531,6593
5460,puente_general,4530,1373899,0
8124,puente_general,4589,1209335,0
5520,puente_general,3902,1099270,0
5260,puente_general,4104,1096883,0
7201,puente_general,2602,855465,1416
7210,puente_general,2691,853823,0
5521,puente_general,2693,832787,0
6200,puente_general,3097,777117,0
1330,puente_general,2425,660802,0
8303,puente_general,2449,652645,0
5202,puente_general,2074,608115,0
4103,puente_general,1849,568617,0
5208,puente_general,2021,532877,0
6210,puente_general,2108,528437,0
8101,puente_general,2022,514143,0
4106,puente_general,1488,485681,0
5245,puente_general,1761,484603,0
5440,puente_general,1616,448109,0
6221,puente_general,1420,426574,0
1251,puente_general,1522,409151,0
4110,puente_general,1391,403414,0
5222,puente_general,1237,388572,0
7130,puente_general,1565,377224,0
1220,puente_general,1280,357870,0
1172,puente_general,1445,354646,0
4108,puente_general,840,327603,0
1320,puente_general,1344,327321,0
8126,puente_general,976,316158,0
8130,puente_general,1200,310898,0
5230,puente_general,1060,308936,0
1160,puente_general,1178,302750,0
5345,puente_general,955,299088,0
8301,puente_general,1001,293593,1001
6111,puente_general,1062,287126,0
1340,puente_general,1135,279995,0
1130,puente_general,1094,263027,0
5200,puente_general,786,249414,0
5270,puente_general,891,245802,0
5322,puente_general,872,234600,0
4104,puente_general,336,229565,0
1205,puente_general,743,218306,0
5343,puente_general,680,205208,0
1300,puente_general,877,194131,0
5248,puente_general,772,192140,0
2122,puente_general,654,191978,0
8201,puente_general,659,186224,0
1310,puente_general,735,178707,0
8125,puente_general,639,157057,0
5383,puente_general,529,156740,0
8151,puente_general,695,156564,0
6202,puente_general,559,155885,0
5261,puente_general,646,153584,0
5344,puente_general,596,150679,0
7110,puente_general,585,149672,0
5267,puente_general,582,143057,0
5241,puente_general,493,142182,0
4150,puente_general,596,141202,0
5401,puente_general,414,138734,0
5242,puente_general,532,136800,0
1412,puente_general,467,134679,0
5420,puente_general,449,128166,0
5430,puente_general,495,127706,0
1131,puente_general,537,118931,0
5502,puente_general,415,118062,0
5221,puente_general,416,112264,0
5204,puente_general,386,108837,0
4113,puente_general,323,104595,0
4101,puente_general,310,104289,0
6251,puente_general,360,99221,0
1132,puente_general,360,95541,0
5280,puente_general,292,94185,0
8122,puente_general,354,92272,37
5323,puente_general,528,90289,0
7131,puente_general,357,89269,0
1100,puente_general,388,88761,0
5251,puente_general,298,88080,0
1206,puente_general,351,87130,0
5160,puente_general,271,85955,0
5227,puente_general,374,84221,0
5231,puente_general,201,84169,0
1363,puente_general,334,83416,0
4107,puente_general,145,82306,0
5501,puente_general,312,80971,0
5271,puente_general,282,79252,0
5481,puente_general,213,78940,0
2111,puente_general,235,78860,0
8110,puente_general,350,76663,0
6270,puente_general,340,75587,0
5290,puente_general,278,73232,0
6230,puente_general,276,70431,0
8123,puente_general,292,69911,0
1164,puente_general,258,69030,0
5266,puente_general,257,68699,0
5470,puente_general,249,68269,0
5246,puente_general,202,66266,0
8140,puente_general,245,64957,0
5140,puente_general,181,64190,0
7120,puente_general,244,63251,0
1364,puente_general,220,62282,0
7133,puente_general,208,62185,0
1101,puente_general,271,62027,0
5161,puente_general,281,60210,0
5441,puente_general,182,59104,0
1252,puente_general,248,58298,0
1171,puente_general,173,58175,0
5240,puente_general,186,57988,0
8203,puente_general,222,57320,0
8190,puente_general,207,55265,0
5272,puente_general,200,53678,0
6240,puente_general,173,53221,0
4111,puente_general,137,52018,0
5321,puente_general,128,50972,0
8120,puente_general,116,50815,0
8312,puente_general,198,50520,198
5224,puente_general,186,49526,0
5500,puente_general,169,49048,0
6220,puente_general,164,47195,0
5181,puente_general,142,46234,0
1360,puente_general,152,46012,0
4112,puente_general,175,45792,0
8131,puente_general,159,45379,0
5421,puente_general,133,45370,0
8111,puente_general,118,44678,0
5223,puente_general,135,43148,0
5480,puente_general,129,43079,0
1200,puente_general,160,42870,0
7121,puente_general,131,41022,0
1401,puente_general,154,40690,0
7212,puente_general,143,40226,0
6102,puente_general,220,39274,0
5233,puente_general,170,39075,0
8202,puente_general,138,38792,0
5302,puente_general,125,38462,0
5201,puente_general,127,36719,0
5121,puente_general,155,36516,0
4132,puente_general,148,35945,0
5450,puente_general,145,35703,0
5171,puente_general,96,34402,0
5306,puente_general,106,33833,0
6140,puente_general,123,32458,0
5264,puente_general,110,32278,0
5342,puente_general,114,32201,0
5101,puente_general,128,31373,0
5203,puente_general,81,30827,0
1151,puente_general,123,30183,0
1260,puente_general,123,29854,0
1431,puente_general,91,29590,0
5550,puente_general,80,29540,0
8159,puente_general,149,28531,0
5431,puente_general,61,28472,0
5262,puente_general,123,28021,0
6211,puente_general,92,26992,0
1120,puente_general,122,26569,0
5382,puente_general,50,26377,0
7134,puente_general,101,26147,0
1203,puente_general,129,25826,0
5232,puente_general,63,25547,0
5333,puente_general,68,25508,0
5353,puente_general,61,25328,0
5332,puente_general,78,25271,0
5340,puente_general,79,24957,0
5304,puente_general,64,24935,0
6133,puente_general,89,24857,0
5281,puente_general,102,24146,0
5243,puente_general,85,23814,0
8209,puente_general,81,23060,0
5250,puente_general,73,22982,0
5522,puente_general,66,22433,0
1222,puente_general,38,22067,0
5225,puente_general,96,22058,0
5206,puente_general,83,21695,0
5244,puente_general,92,21117,0
5320,puente_general,86,20405,0
1362,puente_general,76,20254,0
1121,puente_general,73,20186,0
5371,puente_general,67,19921,0
7211,puente_general,68,19852,0
5324,puente_general,64,19709,0
5330,puente_general,73,19673,0
1173,puente_general,55,19604,0
2101,puente_general,76,19013,0
1150,puente_general,83,19011,0
6231,puente_general,90,18997,0
5130,puente_general,32,18767,0
4135,puente_general,70,18538,0
5331,puente_general,46,18453,0
5252,puente_general,74,18382,0
1250,puente_general,74,17663,0
5451,puente_general,38,17641,0
7200,puente_general,82,17614,0
1134,puente_general,62,17596,0
5334,puente_general,62,17450,0
1161,puente_general,76,17151,0
6203,puente_general,53,17125,0
5180,puente_general,46,17106,0
5390,puente_general,37,16210,0
6190,puente_general,59,16053,0
1240,puente_general,58,15705,0
8132,puente_general,74,15676,0
7219,puente_general,21,15083,0
6170,puente_general,85,14937,0
5131,puente_general,55,14931,0
1420,puente_general,57,14551,0
5210,puente_general,65,14427,0
5310,puente_general,66,14344,0
8204,puente_general,68,14112,0
6229,puente_general,22,13749,0
6250,puente_general,43,13658,0
2128,puente_general,50,13441,0
1411,puente_general,53,13232,0
4136,puente_general,52,13121,0
1450,puente_general,51,12692,0
8300,puente_general,68,12624,0
4115,puente_general,32,12286,0
5490,puente_general,51,12229,0
5120,puente_general,64,12218,0
5300,puente_general,28,12076,0
5151,puente_general,40,12071,0
5461,puente_general,20,12013,0
1451,puente_general,43,11883,0
4190,puente_general,32,11727,0
1432,puente_general,54,11575,0
5247,puente_general,39,11527,0
9999,puente_general,19,11486,0
8160,puente_general,30,11393,0
1103,puente_general,41,11229,0
4114,puente_general,39,11189,0
5352,puente_general,36,10937,0
2110,puente_general,56,10470,0
1460,puente_general,28,10075,0
5350,puente_general,39,9841,0
1201,puente_general,43,9800,0
1361,puente_general,30,9783,0
5269,puente_general,40,9691,0
7132,puente_general,25,9672,0
1167,puente_general,37,9609,0
1241,puente_general,35,9565,0
5381,puente_general,32,9392,0
4130,puente_general,29,9360,0
2124,puente_general,45,9258,0
5491,puente_general,32,9092,0
5351,puente_general,32,9067,0
6132,puente_general,30,8620,0
5211,puente_general,33,8423,0
1180,puente_general,41,8366,0
2132,puente_general,38,8262,0
1140,puente_general,35,8227,0
5370,puente_general,38,8176,0
2120,puente_general,44,7723,0
5265,puente_general,18,7548,0
1166,puente_general,26,7412,0
4102,puente_general,36,7334,0
7209,puente_general,28,7194,0
1133,puente_general,17,7172,0
1223,puente_general,22,7022,0
5309,puente_general,20,6746,0
5311,puente_general,27,6735,0
5263,puente_general,30,6712,0
1440,puente_general,28,6583,0
1400,puente_general,9,6297,0
1354,puente_general,39,6272,0
1170,puente_general,10,6180,0
5301,puente_general,25,6174,0
8102,puente_general,6,6126,0
5307,puente_general,17,5838,0
5341,puente_general,22,5628,0
5530,puente_general,21,5558,0
5360,puente_general,19,5334,0
4116,puente_general,25,5256,0
1290,puente_general,31,5070,0
1331,puente_general,19,4995,0
2121,puente_general,13,4983,0
4161,puente_general,15,4869,0
4105,puente_general,37,4724,0
6120,puente_general,31,4650,0
4131,puente_general,8,4568,0
5510,puente_general,17,4501,0
4133,puente_general,14,4439,0
5543,puente_general,17,4414,0
5540,puente_general,22,4388,0
5511,puente_general,7,4214,0
1350,puente_general,15,4193,0
1102,puente_general,22,4136,0
1430,puente_general,18,4118,0
1111,puente_general,7,4012,0
2130,puente_general,31,3993,0
1141,puente_general,14,3904,0
1359,puente_general,14,3733,0
5220,puente_general,13,3706,0
1352,puente_general,15,3705,0
5303,puente_general,19,3638,0
2123,puente_general,9,3262,0
2125,puente_general,5,3174,0
1414,puente_general,16,3109,0
2127,puente_general,12,3100,0
1162,puente_general,6,3087,0
5529,puente_general,10,2947,0
5312,puente_general,4,2777,0
5110,puente_general,11,2744,0
1461,puente_general,20,2713,0
5229,puente_general,16,2694,0
5411,puente_general,13,2675,0
8304,puente_general,15,2606,0
6201,puente_general,12,2524,0
5207,puente_general,6,2478,0
5226,puente_general,17,2333,0
1163,puente_general,12,2284,0
1175,puente_general,4,2176,0
8302,puente_general,11,2122,0
1422,puente_general,8,2089,0
5150,puente_general,8,2007,0
5209,puente_general,14,1895,0
6180,puente_general,1,1718,0
5253,puente_general,12,1682,0
1413,puente_general,8,1560,0
2129,puente_general,6,1543,0
1421,puente_general,8,1510,0
6241,puente_general,4,1487,0
1202,puente_general,12,1451,0
1168,puente_general,3,1419,0
1231,puente_general,4,1370,0
1232,puente_general,7,1235,0
5329,puente_general,5,1231,0
8152,puente_general,3,1219,0
6160,puente_general,3,1215,0
5234,puente_general,8,1193,0
1174,puente_general,3,1169,0
7290,puente_general,1,1167,0
8121,puente_general,3,1152,0
5228,puente_general,8,1139,0
1152,puente_general,7,1044,0
1211,puente_general,8,1026,0
1332,puente_general,2,1010,0
5541,puente_general,3,877,0
7190,puente_general,4,873,0
5389,puente_general,1,630,0
1190,puente_general,4,590,0
5542,puente_general,2,571,0
2131,puente_general,3,514,0
2190,puente_general,3,457,0
5205,puente_general,2,450,0
1110,puente_general,4,448,0
1243,puente_general,6,447,0
1165,puente_general,3,381,0
1109,puente_general,2,376,0
1353,puente_general,4,371,0
5129,puente_general,1,371,0
8319,puente_general,3,353,0
1229,puente_general,3,304,0
1410,puente_general,3,286,0
5239,puente_general,2,233,0
8139,puente_general,2,222,0
1210,puente_general,2,218,0
5549,puente_general,3,207,0
5100,puente_general,1,197,0
2139,puente_general,1,190,0
5349,puente_general,1,164,0
6150,puente_general,1,135,0
1169,puente_general,1,128,0
5170,puente_general,1,127,0
1209,puente_general,1,121,0
8100,puente_general,2,95,0
1351,puente_general,1,93,0
1239,puente_general,1,58,0
4151,puente_general,1,53,0
5141,puente_general,1,42,0
6270,solo_puente_propio_Damian,3574,824847,0
7201,solo_puente_propio_Damian,1551,411499,0
6230,solo_puente_propio_Damian,735,201084,0
4120,solo_puente_propio_Damian,713,170204,0
1205,solo_puente_propio_Damian,664,166429,0
5141,solo_puente_propio_Damian,589,162091,0
1204,solo_puente_propio_Damian,581,153339,0
7121,solo_puente_propio_Damian,441,117122,0
8150,solo_puente_propio_Damian,340,98871,0
1250,solo_puente_propio_Damian,421,98103,0
6101,solo_puente_propio_Damian,402,79900,0
6110,solo_puente_propio_Damian,286,79047,0
5100,solo_puente_propio_Damian,209,65204,0
1230,solo_puente_propio_Damian,226,57892,0
6121,solo_puente_propio_Damian,148,52344,0
6180,solo_puente_propio_Damian,180,49985,0
5380,solo_puente_propio_Damian,124,47935,0
2121,solo_puente_propio_Damian,215,46563,0
4109,solo_puente_propio_Damian,187,43443,0
6100,solo_puente_propio_Damian,197,40424,0
6130,solo_puente_propio_Damian,117,38695,0
4134,solo_puente_propio_Damian,76,21151,0
4119,solo_puente_propio_Damian,65,18905,0
5170,solo_puente_propio_Damian,62,17410,0
4151,solo_puente_propio_Damian,29,10491,0
8311,solo_puente_propio_Damian,50,8655,0
2126,solo_puente_propio_Damian,25,4548,0
2125,solo_puente_propio_Damian,22,4496,0
4170,solo_puente_propio_Damian,8,2653,0
4139,solo_puente_propio_Damian,1,403,0
8310,solo_puente_propio_Damian,3,292,0
