cmo,cmo_label,official_n_destinations,destinations_4d,labels_sinco,n_values_3d,consensus_3d,n_values_2d,consensus_2d,n_values_1d,consensus_1d,all_have_isco88,n_values_isco88,consensus_isco88,n_values_supervision,consensus_supervision,records,population
4100,Trabajadores en el cultivo de maíz y/o frijol,1,6111,Trabajadores en el cultivo de maíz y/o frijol,1,611,1,61,1,6,TRUE,1,6111,1,0,8063,3473701
7111,Despachadores y dependientes de comercio,4,4211|4212|4213|4214,"Empleados de ventas, despachadores y dependientes en comercios || Anaqueleros, acomodadores y seleccionadores de mercancías y alimentadores de máquinas expendedoras || Vendedores por teléfono || Choferes vendedores",1,421,1,42,1,4,TRUE,3,NA,1,0,12287,3460965
7100,Comerciantes en establecimientos,1,4111,Comerciantes en establecimientos,1,411,1,41,1,4,TRUE,1,5220,1,0,7920,2395379
8200,Trabajadores en servicios domésticos,3,5113|9611|9643,Cocineros domésticos || Trabajadores domésticos || Lavanderos y planchadores domésticos,3,NA,2,NA,2,NA,TRUE,3,NA,1,0,6593,1922531
5460,"Ayudantes, peones y similares en la construcción",1,9221,Trabajadores de apoyo en la construcción,1,922,1,92,1,9,TRUE,1,9313,1,0,4530,1373899
7201,Vendedores ambulantes de artículos diversos,4,4224|9512|9661|9663,Vendedores por catálogo || Vendedores ambulantes de artículos diversos (excluyendo los de venta de alimentos) || Recolectores de basura y material reciclable || Recolectores de otros materiales,3,NA,3,NA,2,NA,TRUE,4,NA,1,0,4153,1266964
8124,"Trabajadores de aseo en oficinas, escuelas, hospitales y otros establecimientos",3,9621|9631|9662,Barrenderos y trabajadores de limpieza (excepto en hoteles y restaurantes) || Lavadores de vehículos en establecimientos || Clasificadores de desechos,3,NA,1,96,1,9,TRUE,3,NA,1,0,4589,1209335
5520,"Conductores de autobuses, camiones, camionetas y automóviles de pasajeros",1,8342,"Conductores de autobuses, camiones, camionetas, taxis y automóviles de pasajeros",1,834,1,83,1,8,TRUE,1,8322,1,0,3902,1099270
5260,Albañiles,1,7121,"Albañiles, mamposteros y afines",1,712,1,71,1,7,TRUE,1,7122,1,0,4104,1096883
8100,Fonderos (preparan y sirven alimentos) en establecimientos,2,5112|5114,"Fonderos, vendedores y comerciantes de comida || Taqueros y preparadores de comida rápida, antojitos, pizzas, hot dogs, jugos, café, etcétera",1,511,1,51,1,5,TRUE,1,5122,1,0,3507,985557
6270,Otros trabajadores en servicios administrativos no clasificados anteriormente,3,3115|9731|9732,Trabajadores de apoyo en actividades administrativas diversas || Lecturistas de medidores || Recolectores de dinero,2,NA,2,NA,2,NA,TRUE,2,NA,1,0,3914,900434
7210,Vendedores y preparadores de alimentos en la vía pública,1,9521,Preparadores y vendedores ambulantes de alimentos,1,952,1,95,1,9,TRUE,1,9111,1,0,2692,853855
5521,"Conductores de camiones, camionetas y automóviles de carga",1,8341,"Conductores de camiones, camionetas y automóviles de carga",1,834,1,83,1,8,TRUE,1,8324,1,0,2694,832961
6200,Secretarias,1,3111,Secretarias,1,311,1,31,1,3,TRUE,1,4115,1,0,3097,777117
1330,Profesores de enseñanza primaria,1,2332,Profesores de enseñanza primaria,1,233,1,23,1,2,TRUE,1,2331,1,0,2425,660802
8303,Vigilantes y guardias,2,5313|9633,Vigilantes y guardias en establecimientos || Cuidadores y acomodadores de autos en estacionamientos,2,NA,2,NA,2,NA,TRUE,2,NA,1,0,2449,652645
5202,"Trabajadores en la elaboración de pan, tortilla, repostería y otros productos de cereales y harinas",1,7513,"Trabajadores en la elaboración de pan, tortilla, repostería, y otros productos de cereales y harinas",1,751,1,75,1,7,TRUE,1,7412,1,0,2074,608115
4103,Trabajadores en el cultivo de hortalizas y verduras,1,6112,Trabajadores en el cultivo de hortalizas y verduras,1,611,1,61,1,6,TRUE,1,6111,1,0,1849,568617
5208,Trabajadores en la elaboración de comidas,1,5111,Cocineros,1,511,1,51,1,5,TRUE,1,5122,1,0,2021,532877
6210,"Cajeros, pagadores y cobradores",2,3121|3122,"Cajeros, taquilleros y receptores de apuestas || Cobradores, pagadores y prestamistas",1,312,1,31,1,3,TRUE,2,NA,1,0,2108,528437
8101,"Cantineros, meseros y camareros",2,5115|5116,Cantineros || Meseros,1,511,1,51,1,5,TRUE,1,5123,1,0,2022,514143
4106,Trabajadores en el cultivo de frutales,1,6114,Trabajadores en el cultivo de frutales,1,611,1,61,1,6,TRUE,1,6112,1,0,1488,485681
5245,"Mecánicos, ajustadores y trabajadores de mantenimiento y reparación de vehiculos de motor (aviones, automóviles, etcétera)",1,2632,Mecánicos en mantenimiento y reparación de vehículos de motor,1,263,1,26,1,2,TRUE,1,7231,1,0,1761,484603
5400,"Ayudantes, peones y similares en la fabricación de alimentos, bebidas y productos de tabaco",2,9236|9411,"Trabajadores de apoyo en la industria de alimentos, bebidas y productos de tabaco || Ayudantes en la preparación de alimentos",2,NA,2,NA,1,9,TRUE,2,NA,1,0,1734,453965
5440,"Ayudantes, peones y similares en la fabricación metalúrgica y en la fabricación de maquinaria y productos metálicos, eléctricos y electrónicos",1,9231,"Trabajadores de apoyo en la elaboración, reparación y mantenimiento mecánico de equipos, maquinaria y productos de metal y de precisión",1,923,1,92,1,9,TRUE,1,9322,1,0,1616,448109
6221,Trabajadores en control de almacenes y bodegas,1,3132,Encargados y trabajadores en control de almacén y bodega,1,313,1,31,1,3,TRUE,1,4131,1,0,1420,426574
1251,Técnicos en ciencias contables financieras,1,2512,"Auxiliares en contabilidad, economía, finanzas y agentes de bolsa",1,251,1,25,1,2,TRUE,1,4121,1,0,1522,409151
4110,Trabajadores en la cría de ganado bovino,1,6121,Trabajadores en la cría de ganado bovino,1,612,1,61,1,6,TRUE,1,6121,1,0,1392,403490
5222,"Sastres, modistos y costureras que confeccionan o reparan prendas de vestir de tela, cuero, piel y similares",1,7341,"Sastres y modistos, costureras y confeccionadores de prendas de vestir",1,734,1,73,1,7,TRUE,1,7433,1,0,1237,388572
1205,"Técnicos en ingeniería eléctrica, electrónica, informática y en telecomunicaciones",4,2641|2643|2651|2652,"Técnicos eléctricos || Técnicos en instalación y reparación de equipos electrónicos, telecomunicaciones y electrodoméstico (excepto equipos informáticos) || Técnicos en la instalación y reparación de redes, equipos y en sistemas computacionales || Técnicos en operaciones de equipos de radio",2,NA,1,26,1,2,TRUE,3,NA,1,0,1407,384735
7130,"Agentes, representantes, distribuidores y proveedores de ventas",1,4221,Agentes y representantes de ventas y consignatarios,1,422,1,42,1,4,TRUE,1,3415,1,0,1565,377224
1220,Enfermeros y técnicos en medicina humana,7,2811|2817|2821|2823|2824|2825|2826,"Enfermeras (técnicas) || Técnicos en medicina alternativa || Auxiliares en enfermería y paramédicos || Auxiliares hospitalarios y de medicina || Parteras || Técnicos en seguridad en el trabajo e higiene || Curanderos, hierberos y hueseros",2,NA,1,28,1,2,FALSE,4,NA,1,0,1280,357870
1172,Contadores públicos,2,2121|2122,Contadores y auditores || Asesores y analistas en finanzas,1,212,1,21,1,2,TRUE,1,2411,1,0,1445,354646
4108,"Trabajadores en otros cultivos agrícolas no mencionados anteriormente (caña, nopal, cártamo, etcétera)",1,6116,Trabajadores en otros cultivos agrícolas,1,611,1,61,1,6,TRUE,1,6111,1,0,840,327603
1320,Profesores de enseñanza secundaria,1,2331,Profesores de enseñanza secundaria,1,233,1,23,1,2,TRUE,1,2320,1,0,1344,327321
8126,Cargadores y descargadores de mercancías,1,9331,Cargadores,1,933,1,93,1,9,TRUE,1,9333,1,0,976,316158
8130,"Peluqueros, barberos, estilistas y peinadores",1,5211,"Peluqueros, barberos, estilistas y peinadores",1,521,1,52,1,5,TRUE,1,5141,1,0,1200,310898
5230,"Carpinteros, ebanistas, barnizadores, cepilladores y similares, en la elaboración de productos de madera",3,7123|7311|7312,"Carpinteros de obra negra || Carpinteros, ebanistas y cepilladores en la elaboración de productos de madera || Pintores y barnizadores de madera",2,NA,2,NA,1,7,TRUE,2,NA,1,0,1060,308936
1160,Abogados,1,2135,Abogados,1,213,1,21,1,2,TRUE,1,2421,1,0,1178,302750
5345,Ensambladores y montadores de partes eléctricas y electrónicas,1,8212,Ensambladores y montadores de partes eléctricas y electrónicas,1,821,1,82,1,8,TRUE,1,8282,1,0,955,299088
8301,Policías y agentes de tránsito,3,1526|5301|5312,Coordinadores y jefes de área en servicios de vigilancia y seguridad || Supervisores en servicios de protección y vigilancia || Policías y agentes de tránsito,3,NA,2,NA,2,NA,TRUE,3,NA,2,NA,1001,293593
6111,"Jefes de departamento, coordinadores y supervisores en administración, recursos humanos, materiales, archivo y similares",1,1511,"Coordinadores y jefes de área en administración, recursos humanos y mercadotecnia",1,151,1,15,1,1,TRUE,1,1232,1,0,1062,287126
1340,Profesores de enseñanza preescolar,1,2335,Profesores de enseñanza preescolar,1,233,1,23,1,2,TRUE,1,2332,1,0,1135,279995
6230,Recepcionistas y otros trabajadores que brindan información,3,3211|3212|4232,Recepcionistas y trabajadores que brindan información (de forma personal) || Trabajadores que brindan información por teléfono (centro de llamadas) y anunciadores || Edecanes,2,NA,2,NA,2,NA,TRUE,3,NA,1,0,1011,271515
1130,Médicos generales y especialistas,4,2411|2412|2425|2427,"Médicos generales y familiares || Médicos especialistas || Especialistas en medicina tradicional y alternativa || Fisioterapeutas, audiólogos y logopedas",2,NA,1,24,1,2,TRUE,3,NA,1,0,1094,263027
5200,"Trabajadores en la elaboración de productos de carne, pescado y derivados",1,7511,"Trabajadores en la elaboración de productos de carne, pescado y sus derivados",1,751,1,75,1,7,TRUE,1,7411,1,0,786,249414
5270,Electricistas y linieros,1,2642,Electricistas y linieros,1,264,1,26,1,2,TRUE,1,7137,1,0,891,245802
5322,"Operadores de máquinas de coser, bordar y cortar para la fabricación de productos textiles y prendas de vestir",1,8153,"Operadores de máquinas de costura, bordado y de corte para la confección de productos textiles y prendas de vestir",1,815,1,81,1,8,TRUE,1,8269,1,0,872,234600
4104,Trabajadores en el cultivo de café y/o cacao,1,6113,"Trabajadores en el cultivo de café, cacao y tabaco",1,611,1,61,1,6,TRUE,1,6112,1,0,336,229565
5343,"Operadores de máquinas que cortan, perforan, doblan, labran, etc., piezas y productos metálicos",1,8123,"Operadores de máquinas que cortan, perforan, doblan, troquelan, sueldan, etc., piezas y productos metálicos",1,812,1,81,1,8,TRUE,1,8211,1,0,680,205208
1300,Profesores universitarios y de otros establecimientos de enseñanza superior,1,2321,Profesores universitarios y de enseñanza superior,1,232,1,23,1,2,TRUE,1,2310,1,0,877,194131
5246,"Mecánicos, ajustadores, instaladores y trabajadores de mantenimiento y reparación de maquinaria, instrumentos industriales y equipos de refrigeración",2,2634|2638,"Mecánicos en mantenimiento y reparación de maquinaria e instrumentos industriales || Mecánicos en instalación, mantenimiento y reparación de equipos de refrigeración, climas y aire acondicionado.",1,263,1,26,1,2,TRUE,2,NA,1,0,637,192753
2122,"Directores, gerentes y administradores de área o establecimientos en actividades comerciales (incluye la venta de seguros y bienes raíces)",1,1411,"Directores y gerentes de ventas, comercialización y alquiler",1,141,1,14,1,1,TRUE,1,8290,1,0,657,192479
5248,"Herreros, balconeros, aluminadores y forjadores",1,7221,"Herreros, balconeros, aluminadores y forjadores",1,722,1,72,1,7,TRUE,1,7221,1,0,772,192140
2121,"Directores, gerentes y administradores de área o establecimientos de finanzas, contabilidad, recursos humanos, administración e impartición de justicia",4,1211|1212|1224|1321,"Directores y gerentes en administración, recursos humanos y mercadotecnia || Directores y gerentes en servicios contables, financieros, banca y seguros || Jueces de juzgado, directores y gerentes en servicios legales y procuración de justicia || Directores y gerentes en informática",3,NA,2,NA,1,1,TRUE,4,NA,1,0,649,188723
8201,"Personas dedicadas al cuidado de ancianos, enfermos y niños en casas particulares, excepto enfermeras",1,5222,"Cuidadores de niños, personas con discapacidad y ancianos en casas particulares",1,522,1,52,1,5,TRUE,1,5133,1,0,659,186224
1105,"Ingenieros eléctricos, en electrónica, informática y telecomunicaciones",5,2241|2242|2271|2272|2281,Ingenieros eléctricos || Ingenieros electrónicos || Desarrolladores y analistas de software y multimedia || Administradores de bases de datos y redes de computadora || Ingenieros en comunicaciones y telecomunicaciones,3,NA,1,22,1,2,TRUE,3,NA,1,0,657,186122
1310,Profesores de preparatoria y equivalentes,1,2322,Profesores de preparatoria y equivalentes,1,232,1,23,1,2,TRUE,1,2320,1,0,735,178707
6160,"Jefes de departamento, coordinadores y supervisores en servicios de restaurante, hospedaje y comercio",2,1711|1712,"Coordinadores y jefes de área de ventas, comercialización y alquiler || Coordinadores y jefes de área de restaurantes y hoteles",1,171,1,17,1,1,TRUE,2,NA,1,0,615,172672
4120,Trabajadores que combinan actividades agrícolas con ganaderas,2,6131|9113,Trabajadores que combinan actividades agrícolas con ganaderas || Trabajadores de apoyo que realizan actividades agrícolas y ganaderas,2,NA,2,NA,2,NA,TRUE,2,NA,1,0,713,170204
5141,"Supervisores, inspectores y similares en la fabricación metalúrgica y en la fabricación de productos eléctricos y electrónicos, la reparación y mantenimiento de maquinaria y productos metálicos y de precisión",3,2630|7201|8201,"Supervisores de mecánicos y técnicos en mantenimiento y reparación de equipos mecánicos, vehículos de motor, instrumentos industriales y equipo de refrigeración || Supervisores de artesanos y trabajadores en el tratamiento y elaboración de productos de metal || Supervisores en procesos de ensamblado y montaje de maquinaria, herramientas y productos metálicos y electrónicos",3,NA,3,NA,3,NA,TRUE,3,NA,1,1,590,162133
7121,Repartidores,2,8344|9723,Conductores de motocicleta || Repartidores de mercancías (a pie y en bicicleta),2,NA,2,NA,2,NA,TRUE,2,NA,1,0,573,158589
8125,Jardineros,2,5241|9651,Jardineros en establecimientos || Ayudantes de jardineros,2,NA,2,NA,2,NA,TRUE,2,NA,1,0,639,157057
5383,Operadores de máquinas para la fabricación y ensamble de productos de plástico y hule,1,8133,Operadores de máquinas para la elaboración y ensamble de productos de plástico y hule,1,813,1,81,1,8,TRUE,1,8232,1,0,529,156740
8151,Trabajadores en cuidados personales y asistenciales (no se incluye a las enfermeras),1,5221,"Cuidadores de niños, personas con discapacidad y ancianos en establecimientos",1,522,1,52,1,5,TRUE,1,5133,1,0,695,156564
6202,Capturistas de datos,1,3113,Capturistas de datos,1,311,1,31,1,3,TRUE,1,4113,1,0,559,155885
5261,Pintores de brocha gorda,1,7135,Pintores de brocha gorda,1,713,1,71,1,7,TRUE,1,7141,1,0,646,153584
1204,"Técnicos en ingeniería química, industrial y mecánica",6,2621|2631|2633|2635|2637|2645,"Auxiliares y técnicos industriales y químicos || Técnicos en mantenimiento y reparación de vehículos de motor || Técnicos en mantenimiento y reparación de maquinaria e instrumentos industriales || Técnicos en mantenimiento y reparación de instrumentos de precisión y musicales || Técnicos en la instalación, reparación y mantenimiento de equipos de refrigeración, climas y aire acondicionado || Técnicos en reparación de equipos electromecánicos",3,NA,1,26,1,2,TRUE,4,NA,1,0,581,153339
1423,Decoradores y diseñadores,4,2541|2542|2543|2544,"Diseñadores de moda y vestuario || Diseñadores industriales || Diseñadores gráficos || Decoradores de interiores, jardines y diversos materiales (tazas, llaveros, etcétera)",1,254,1,25,1,2,TRUE,1,3471,1,0,482,152065
5344,"Ensambladores y montadores de herramientas, maquinaria, equipos y productos metálicos",1,8211,"Ensambladores y montadores de herramientas, maquinaria, equipos y productos metálicos",1,821,1,82,1,8,TRUE,1,8284,1,0,596,150679
7110,Encargados y responsables de comercio,1,4201,Encargados y supervisores de ventas de productos y de servicios financieros y de alquiler,1,420,1,42,1,4,TRUE,1,3413,1,1,585,149672
4150,Pescadores,2,6211|9122,Trabajadores en actividades pesqueras || Trabajadores de apoyo en actividades de acuicultura y pesca,2,NA,2,NA,2,NA,TRUE,2,NA,1,0,599,144346
5267,"Plomeros, fontaneros e instaladores de tubería",1,7134,"Plomeros, fontaneros e instaladores de tubería",1,713,1,71,1,7,TRUE,1,7136,1,0,582,143057
5241,Soldadores y oxicortadores,1,7212,Soldadores y oxicortadores,1,721,1,72,1,7,TRUE,1,7212,1,0,493,142182
5401,"Cargadores, abastecedores, empacadores manuales y similares en la fabricación de alimentos, bebidas y productos de tabaco",1,9236,"Trabajadores de apoyo en la industria de alimentos, bebidas y productos de tabaco",1,923,1,92,1,9,TRUE,1,9322,1,0,414,138734
5242,"Hojalateros, chaperos y pintores de metales",1,7213,"Hojalateros, chaperos, latoneros, cobreros y pintores de metales",1,721,1,72,1,7,TRUE,1,7213,1,0,532,136800
2124,"Directores, gerentes y administradores de área o establecimientos en actividades de producción en industrias manufactureras, en la construcción y los servicios de reparación y mantenimiento",4,1312|1313|1314|1315,"Directores y gerentes en producción minera, petrolera y gas || Directores y gerentes en generación y provisión de energía eléctrica y agua || Directores y gerentes en producción manufacturera || Directores y gerentes en construcción, reparación y mantenimiento",1,131,1,13,1,1,TRUE,3,NA,1,0,501,136364
1412,Músicos,1,2172,Músicos,1,217,1,21,1,2,TRUE,1,2453,1,0,467,134679
5420,"Ayudantes, peones y similares en la fabricación de textiles y productos de cuero, piel y similares",1,9235,Trabajadores de apoyo en la industria textil y del zapato,1,923,1,92,1,9,TRUE,1,9322,1,0,449,128166
5430,"Ayudantes, peones y similares en la fabricación de productos de madera y papel y trabajos de impresión",1,9234,"Trabajadores de apoyo en la industria de la madera, papel y cartón",1,923,1,92,1,9,TRUE,1,9322,1,0,495,127706
1131,Profesionistas en enfermería,1,2426,Enfermeras especialistas,1,242,1,24,1,2,TRUE,1,3231,1,0,537,118931
5502,"Conductores de maquinaria móvil para el movimiento de mercancías en fábricas, puertos, comercios, etcétera",1,8352,"Conductores de maquinaria móvil para el movimiento de mercancías en fábricas, puertos, comercios, etcétera",1,835,1,83,1,8,TRUE,1,8333,1,0,415,118062
1250,Técnicos en ciencias sociales,3,2531|2532|2711,Auxiliares en ciencias sociales y humanistas || Auxiliares en servicios jurídicos || Auxiliares y técnicos en pedagogía y en educación,2,NA,2,NA,1,2,TRUE,3,NA,1,0,495,115766
2127,"Directores, gerentes y administradores de área o establecimientos en servicios culturales, de esparcimiento, recreativos, restaurante, hospedaje y otros servicios personales",2,1412|1423,Directores y gerentes de restaurantes y hoteles || Directores y gerentes en servicios funerarios y otros servicios,2,NA,1,14,1,1,TRUE,2,NA,1,0,467,114766
5221,Tejedores de fibras,1,7332,Tejedores de fibras,1,733,1,73,1,7,TRUE,1,7423,1,0,416,112264
5204,"Trabajadores en la elaboración de productos a base de azúcar, chocolate y confitería",1,7515,"Trabajadores en la elaboración de productos a base de azúcar, chocolate, confitería y tabaco",1,751,1,75,1,7,TRUE,1,7412,1,0,386,108837
4113,Trabajadores en la cría de caprinos y ovinos,1,6124,Trabajadores en la cría de caprinos y ovinos,1,612,1,61,1,6,TRUE,1,6121,1,0,323,104595
4101,Trabajadores en el cultivo de cereales,1,6116,Trabajadores en otros cultivos agrícolas,1,611,1,61,1,6,TRUE,1,6111,1,0,310,104289
2125,Directores gerentes y administradores de área o establecimientos de enseñanza e investigación,2,1223|1324,Directores y gerentes en centros de enseñanza y capacitación || Directores y gerentes en centros de investigación y desarrollo tecnológico,2,NA,2,NA,1,1,TRUE,2,NA,1,0,432,101542
6251,Trabajadores en servicios de mensajería en general,1,9722,Repartidores de mensajería (a pie y en bicicleta) y mandaderos,1,972,1,97,1,9,TRUE,1,9151,1,0,360,99221
8150,"Trabajadores de apoyo para la realización de espectáculos, turismo y deporte",5,3222|4233|5251|5254|9713,"Guías de turismo en museos, casinos, parques, cines y otros centros recreativos || Modelos de moda, arte y publicidad || Astrólogos, adivinadores y afines || Entrenadores de animales y ocupaciones relacionadas con el cuidado de mascotas || Trabajadores de apoyo a la realización de espectáculos, deportes y en parques de diversiones",4,NA,4,NA,4,NA,FALSE,4,NA,1,0,340,98871
6110,"Jefes de departamento, coordinadores y supervisores en contabilidad y finanzas",2,1512|3101,"Coordinadores y jefes de área en servicios contables, financieros, banca y seguros || Supervisores de secretarias, capturistas, cajeros y trabajadores de control de archivo y transporte",2,NA,2,NA,2,NA,TRUE,2,NA,2,NA,353,97836
1132,Odontólogos,1,2413,Dentistas,1,241,1,24,1,2,TRUE,1,2222,1,0,360,95541
5280,"Trabajadores en la elaboración y reparación de productos de hule, caucho, plástico y vulcanización de neumáticos",1,7411,"Trabajadores en la elaboración y reparación de productos de hule, caucho, plásticos y vulcanización de neumáticos",1,741,1,74,1,7,TRUE,1,7331,1,0,292,94185
6101,"Jefes de departamento, coordinadores y supervisores en servicios de educación",2,1523|2311,Coordinadores y jefes de área en centros de enseñanza y capacitación || Supervisores e inspectores educativos,2,NA,2,NA,2,NA,TRUE,2,NA,2,NA,440,93003
8122,"Maleteros, equipajeros y empleados de paquetería y guardarropa",2,9711|9712,"Trabajadores de paquetería, maleteros y botones de hotel || Empacadores de objetos y mercancías",1,971,1,97,1,9,TRUE,2,NA,1,0,354,92272
5323,"Operadores de máquinas en la fabricación de calzado y productos de cuero, piel y similares (excepto prendas de vestir)",1,8154,"Operadores de máquinas en el tratamiento del cuero, piel y la elaboración de calzado",1,815,1,81,1,8,TRUE,1,8263,1,0,528,90289
1104,"Ingenieros químicos, industriales y mecánicos",3,2251|2252|2253,Ingenieros químicos || Ingenieros mecánicos || Ingenieros industriales,1,225,1,22,1,2,TRUE,2,NA,1,0,318,89773
7131,"Agentes de bienes raíces y trabajadores en el servicio de arrendamiento de bienes inmuebles (casas, edificios, oficinas, etcétera)",2,4223|4311,"Agentes de bienes raíces || Trabajadores en el alquiler inmobiliario (casas, terrenos, etcétera)",2,NA,2,NA,1,4,TRUE,2,NA,1,0,357,89269
1100,Arquitectos y urbanistas,1,2263,"Arquitectos, planificadores urbanos y del transporte",1,226,1,22,1,2,TRUE,1,2141,1,0,388,88761
5251,"Trabajadores en la fabricación de productos de cemento, cal, yeso, azulejo, piedra y ladrilleros",1,7612,"Trabajadores en la elaboración de productos de cemento, cal, yeso, azulejo, piedra y ladrilleros",1,761,1,76,1,7,TRUE,1,7321,1,0,298,88080
1206,"Técnicos en la operación de equipos de televisión, filmación, proyección y grabación de imagen y sonido y fotógrafos",3,2653|2654|2655,"Auxiliares y técnicos de equipos de grabación y reproducción de video || Auxiliares y técnicos de ingeniería de audio, sonido e iluminación || Fotógrafos",1,265,1,26,1,2,TRUE,1,3131,1,0,351,87130
5160,"Jefes, coordinadores, contratistas y similares en la construcción, instalación, mantenimiento y acabados",1,1615,"Coordinadores y jefes de área en construcción, reparación y mantenimiento",1,161,1,16,1,1,TRUE,1,1313,1,0,271,85955
5227,Zapateros y trabajadores similares,1,7353,Zapateros artesanales,1,735,1,73,1,7,TRUE,1,7442,1,0,374,84221
5231,"Artesanos y trabajadores fabriles en la elaboración de productos de bejuco, vara, palma, carrizo y mimbre, excepto madera",1,7313,"Artesanos de productos de bejuco, vara, palma, carrizo y mimbre, excepto madera",1,731,1,73,1,7,TRUE,1,7331,1,0,201,84169
1363,"Profesores, instructores y capacitadores en educación técnica y capacitación aplicables en la producción y servicios",1,2715,Instructores y capacitadores en oficios y para el trabajo,1,271,1,27,1,2,TRUE,1,2359,1,0,334,83416
4107,Trabajadores en el cultivo de flores,1,6115,Trabajadores en el cultivo de flores,1,611,1,61,1,6,TRUE,1,6112,1,0,145,82306
5501,Conductores de maquinaria móvil para la construcción,1,8351,Conductores de maquinaria móvil para la construcción y minería,1,835,1,83,1,8,TRUE,1,8332,1,0,312,80971
5271,"Instaladores y reparadores de aparatos electrónicos, electrodomésticos y equipos de telecomunicaciones",1,2644,"Trabajadores en instalación y reparación de equipos electrónicos, telecomunicaciones y electrodoméstico (excepto equipos informáticos)",1,264,1,26,1,2,TRUE,1,3114,1,0,282,79252
5481,"Cargadores, abastecedores, empacadores manuales y similares en la fabricación de químicos, petroquímica, hule, caucho y plástico",1,9233,"Trabajadores de apoyo en la industria química, petroquímica y plásticos",1,923,1,92,1,9,TRUE,1,9322,1,0,213,78940
2111,"Presidentes, directores y gerentes generales en instituciones, negocios y empresas privadas",1,1122,Presidentes y directores generales en instituciones y empresas privadas,1,112,1,11,1,1,TRUE,1,1110,1,0,235,78860
8110,Lavanderos,1,9641,Lavanderos en establecimientos,1,964,1,96,1,9,TRUE,1,9133,1,0,350,76663
5290,Otros trabajadores que desempeñan una ocupación afín a las comprendidas en este grupo,1,7999,"Otros trabajadores artesanales, no clasificados anteriormente",1,799,1,79,1,7,TRUE,1,7332,1,0,278,73232
8123,"Mozos de hotel, botones y similares",2,9622|9623,Recamaristas y camaristas || Mozos de hotel y restaurante,1,962,1,96,1,9,TRUE,2,NA,1,0,292,69911
1164,Sicólogos (psicólogos),1,2142,Psicólogos,1,214,1,21,1,2,TRUE,1,2445,1,0,258,69030
5266,"Instaladores de materiales de impermeabilización, vidrio, papel tapiz, alfombra y otros materiales en la construcción",1,7133,"Instaladores de material aislante, de impermeabilización, vidrio y otros materiales",1,713,1,71,1,7,TRUE,1,7134,1,0,257,68699
5470,"Ayudantes, peones y similares en la generación de energía, la electrónica y las telecomunicaciones",1,9232,"Trabajadores de apoyo en la industria eléctrica, electrónica y comunicaciones",1,923,1,92,1,9,TRUE,1,9322,1,0,249,68269
5100,"Jefes, coordinadores y similares en la fabricación de alimentos, bebidas y productos de tabaco",2,1614|5101,"Coordinadores y jefes de área en producción manufacturera || Supervisores en la preparación y servicio de alimentos y bebidas, así como en servicios de esparcimiento y de hotelería",2,NA,2,NA,2,NA,TRUE,2,NA,2,NA,210,65401
8140,"Trabajadores en servicios de alquiler de bienes muebles (autos, vajillas, maquinaria, etcétera",1,4312,"Trabajadores en el alquiler de bienes muebles (loza, películas, video juegos, etcétera)",1,431,1,43,1,4,TRUE,1,3413,1,0,245,64957
5140,"Jefes, coordinadores y similares en la fabricación metalúrgica y en la fabricación de productos eléctricos y electrónicos, la reparación y mantenimiento de maquinaria y productos metálicos y de precisión",1,1614,Coordinadores y jefes de área en producción manufacturera,1,161,1,16,1,1,TRUE,1,1312,1,0,181,64190
6121,"Jefes de departamento, coordinadores y supervisores en la coordinación del transporte",4,1623|2661|2662|8301,"Coordinadores y jefes de área en servicios de transporte || Controladores de tráfico aéreo || Controladores de tráfico de otros transportes (terrestre, ferroviario y marítimo) || Supervisores de conductores de transporte y de maquinaria móvil",3,NA,3,NA,3,NA,TRUE,3,NA,2,NA,194,63894
7120,Demostradores,1,4231,Demostradores y promotores,1,423,1,42,1,4,TRUE,1,5220,1,0,244,63251
1364,Profesores e instructores en actividades deportivas,1,2716,Profesores en educación física y deporte,1,271,1,27,1,2,TRUE,1,2320,1,0,220,62282
7133,Agente de seguros,1,4222,Agentes de seguros y servicios financieros (ejecutivos de cuenta),1,422,1,42,1,4,TRUE,1,3412,1,0,208,62185
1101,Ingenieros civiles y de la construcción,1,2261,Ingenieros civiles y de la construcción,1,226,1,22,1,2,TRUE,1,2142,1,0,271,62027
5161,"Supervisores, inspectores y similares en la construcción, instalación, mantenimiento y acabados",1,7101,"Supervisores de trabajadores en la extracción, albañiles y en acabados de la construcción",1,710,1,71,1,7,TRUE,1,7111,1,1,281,60210
5441,"Cargadores, abastecedores, empacadores manuales y similares en la fabricación metalúrgica y en la fabricación de maquinaria y productos metálicos, eléctricos y electrónicos",1,9231,"Trabajadores de apoyo en la elaboración, reparación y mantenimiento mecánico de equipos, maquinaria y productos de metal y de precisión",1,923,1,92,1,9,TRUE,1,9322,1,0,182,59104
1252,"Técnicos en ciencias administrativas, hotelería y turismo",1,2511,"Auxiliares en administración, mercadotecnia, comercialización y comercio exterior",1,251,1,25,1,2,TRUE,1,4121,1,0,248,58298
1171,Administradores de empresas,1,2111,Administradores y especialistas en recursos humanos y sistemas de gestión,1,211,1,21,1,2,TRUE,1,2412,1,0,173,58175
5240,"Moldeadores, caldereros y torneros",1,7211,"Moldeadores, torneros y troqueladores",1,721,1,72,1,7,TRUE,1,7313,1,0,186,57988
1230,Técnicos laboratoristas químicos y biólogos,3,2612|2813|2827,"Auxiliares y técnicos en ciencias biológicas, químicas y del medio ambiente || Técnicos de laboratorios médicos || Fumigadores y controladores de plagas",3,NA,2,NA,1,2,TRUE,3,NA,1,0,226,57892
8203,Jardineros en casas particulares,1,5242,Jardineros en casas particulares,1,524,1,52,1,5,TRUE,1,6113,1,0,222,57320
8190,Otros trabajadores que desempeñan una ocupación afín a las comprendidas en este grupo,1,5999,"Otras ocupaciones en servicios personales y vigilancia, no clasificadas anteriormente",1,599,1,59,1,5,FALSE,0,NA,1,0,207,55265
6260,"Despachadores, checadores y similares en la operación del transporte",2,3141|3142,Despachadores de transporte || Checadores y revisores de transporte,1,314,1,31,1,3,TRUE,1,4133,1,0,174,54708
5272,Reparadores de equipos electromecánicos,1,2646,Trabajadores en reparación de equipos electromecánicos,1,264,1,26,1,2,TRUE,1,3114,1,0,200,53678
6240,Telefonistas,1,3213,Telefonistas y telegrafistas,1,321,1,32,1,3,TRUE,1,4223,1,0,173,53221
4111,Trabajadores en la cría de porcinos,1,6122,Trabajadores en la cría de porcinos,1,612,1,61,1,6,TRUE,1,6121,1,0,137,52018
6180,"Otros jefes de departamento, coordinadores y supervisores en actividades no clasificadas anteriormente",3,1723|5201|9601,"Coordinadores y jefes de área en servicios funerarios y otros servicios || Supervisores y encargados de trabajadores en cuidados personales y del hogar || Supervisores en limpieza, amas de llaves, mayordomos y en estacionamientos",3,NA,3,NA,3,NA,TRUE,3,NA,2,NA,181,51703
5321,"Operadores de telares y máquinas para fabricar tejidos de punto, telas y alfombras",1,8152,"Operadores de máquinas para fabricar tejidos de punto, telas y alfombras",1,815,1,81,1,8,TRUE,1,8262,1,0,128,50972
8120,Porteros y conserjes en establecimiento,1,5313,Vigilantes y guardias en establecimientos,1,531,1,53,1,5,TRUE,1,5169,1,0,116,50815
8312,Trabajadores de la fuerza armada terrestre,3,1525|5401|5413,"Capitanes, tenientes y jefes de área de las fuerzas armadas || Supervisores de las fuerzas armadas || Trabajadores de la fuerza armada terrestre",3,NA,2,NA,2,NA,TRUE,2,NA,2,NA,198,50520
5224,Bordadores y deshiladores,1,7343,Bordadores y deshiladores,1,734,1,73,1,7,TRUE,1,7436,1,0,186,49526
5500,Conductores de maquinaria móvil agrícola y forestal,1,6311,Operadores de maquinaria agropecuaria y forestal,1,631,1,63,1,6,TRUE,1,8331,1,0,169,49048
5380,Operadores de máquinas para el tratamiento de sustancias químicas y agua,2,8131|8134,Operadores de máquinas para la elaboración de productos químicos || Operadores de máquinas para el tratamiento de agua,1,813,1,81,1,8,TRUE,2,NA,1,0,126,48291
6220,Trabajadores en archivo y correspondencia,1,3131,Trabajadores en archivo y correspondencia,1,313,1,31,1,3,TRUE,1,4141,1,0,164,47195
5181,"Supervisores, inspectores y similares en la fabricación de químicos, petroquímica, hule, caucho y plástico",1,7401,"Supervisores de artesanos y trabajadores en la elaboración de productos de hule, caucho, plásticos y de sustancias químicas",1,740,1,74,1,7,TRUE,1,7343,1,1,142,46234
1360,Profesores e instructores de educación artística,1,2712,Instructores en estudios y capacitación artística,1,271,1,27,1,2,TRUE,1,2359,1,0,152,46012
4112,Trabajadores en la cría avícola,1,6123,Trabajadores en la cría avícola,1,612,1,61,1,6,TRUE,1,6122,1,0,175,45792
6130,"Jefes de departamento, coordinadores y supervisores en servicios estadísticos e informáticos",2,1621|3201,Coordinadores y jefes de área en informática || Supervisores de trabajadores que brindan y manejan información,2,NA,2,NA,2,NA,TRUE,2,NA,2,NA,134,45536
8131,"Maquillistas, manicuristas y pedicuristas",1,5212,"Maquillistas, manicuristas, pedicuristas y tatuadores",1,521,1,52,1,5,TRUE,1,5141,1,0,161,45455
5421,"Cargadores, abastecedores, empacadores manuales y similares en la fabricación de textiles y productos de cuero, piel y similares.",1,9235,Trabajadores de apoyo en la industria textil y del zapato,1,923,1,92,1,9,TRUE,1,9322,1,0,133,45370
8111,Tintoreros y planchadores,1,9642,Planchadores y tintoreros en establecimientos,1,964,1,96,1,9,TRUE,1,9133,1,0,118,44678
6100,"Jefes de departamento, coordinadores y supervisores en servicios de salud y asistencia social",2,1521|2524,"Coordinadores y jefes de área en servicios de salud, protección civil y medio ambiente || Inspectores en seguridad social, de precios y otros inspectores públicos",2,NA,2,NA,2,NA,TRUE,2,NA,1,0,220,44470
6150,"Jefes de departamento, coordinadores y supervisores en servicios culturales y de esparcimiento",2,1721|1722,"Coordinadores y jefes de área en actividades artísticas, de cine, teatro y afines || Coordinadores y jefes de área en museos, cines, deportivos y servicios culturales",1,172,1,17,1,1,TRUE,1,1319,1,0,129,43662
4109,Otros trabajadores que desempeñan una ocupación afín a las comprendidas en este subgrupo,2,6119|9111,"Otros trabajadores en actividades agrícolas, no clasificados anteriormente || Trabajadores de apoyo en actividades agrícolas",2,NA,2,NA,2,NA,TRUE,2,NA,1,0,187,43443
5223,"Artesanos y confeccionadores de productos de tela, cuero, piel y similares (excepto prendas de vestir)",1,7342,Artesanos y confeccionadores de productos textiles,1,734,1,73,1,7,TRUE,1,7332,1,0,135,43148
5480,"Ayudantes, peones y similares en la fabricación de químicos, petroquímica, hule, caucho y plástico",1,9233,"Trabajadores de apoyo en la industria química, petroquímica y plásticos",1,923,1,92,1,9,TRUE,1,9322,1,0,129,43079
1200,Técnicos en dibujo,1,2625,Dibujantes técnicos,1,262,1,26,1,2,TRUE,1,3112,1,0,160,42870
1401,Periodistas y redactores,2,2152|2153,Periodistas y redactores || Traductores e intérpretes,1,215,1,21,1,2,TRUE,2,NA,1,0,154,40690
7212,Lavadores y cuidadores de coches sin establecimiento,2,9632|9634,Lavadores de vehículos en vía pública || Cuidadores de autos por propina,1,963,1,96,1,9,TRUE,1,9142,1,0,143,40226
6102,"Jefes de departamento, coordinadores y supervisores en administración de justicia y procesos electorales",1,1524,"Coordinadores y jefes de área en servicios legales, jueces calificadores y fiscales",1,152,1,15,1,1,TRUE,1,1319,1,0,220,39274
6232,"Encuestadores, codificadores, verificadores y similares",2,3231|3232,Encuestadores || Codificadores de información,1,323,1,32,1,3,FALSE,1,NA,1,0,150,39167
5233,"Impresores, linotipistas, fotograbadores y similares",1,7322,"Impresores, linotipistas, fotograbadores y encuadernadores",1,732,1,73,1,7,TRUE,1,7345,1,0,170,39075
8202,Choferes en casas particulares,1,8343,Choferes en casas particulares,1,834,1,83,1,8,TRUE,1,8322,1,0,138,38792
5302,"Operadores de máquinas en la fabricación de pan, tortilla, repostería y otros productos de cereales y harinas",1,8161,"Operadores de máquinas en la elaboración de alimentos, aceites, grasas, sal y especias",1,816,1,81,1,8,TRUE,1,8273,1,0,125,38462
5201,Trabajadores en la elaboración de productos lácteos,1,7512,Trabajadores en la elaboración de productos lácteos,1,751,1,75,1,7,TRUE,1,7411,1,0,127,36719
5121,"Supervisores, inspectores y similares en la fabricación de textiles y productos de cuero, piel y similares",1,8101,Supervisores de operadores de maquinaria industrial,1,810,1,81,1,8,TRUE,1,8111,1,1,155,36516
4132,Trabajadores en viveros,1,6223,Trabajadores en viveros e invernaderos,1,622,1,62,1,6,TRUE,1,6113,1,0,148,35945
5450,"Ayudantes, peones y similares en la fabricación de productos de cerámica, vidrio y otros minerales no metálicos",1,9237,"Trabajadores de apoyo en la industria de la cerámica, vidrio y similares",1,923,1,92,1,9,TRUE,1,9322,1,0,145,35703
2123,"Directores, gerentes y administradores de área o establecimientos en comunicaciones y transportes",2,1322|1323,Directores y gerentes en comunicación y telecomunicaciones || Directores y gerentes en servicios de transporte,1,132,1,13,1,1,TRUE,2,NA,1,0,105,34457
5171,"Supervisores, inspectores y similares en la generación de energía, la instalación, reparación y mantenimiento de equipo eléctrico y de telecomunicaciones",1,2640,"Supervisores de técnicos eléctricos, en electrónica y de equipos en telecomunicaciones y electromecánicos",1,264,1,26,1,2,TRUE,1,3114,1,1,96,34402
5306,Operadores de máquinas en la fabricación de bebidas alcohólicas y no alcohólicas,1,8163,Operadores de máquinas en la elaboración de bebidas alcohólicas y no alcohólicas,1,816,1,81,1,8,TRUE,1,8279,1,0,106,33833
6140,"Jefes de departamento, coordinadores y supervisores en servicios de infraestructura (agua, luz, caminos, etcétera)",1,2523,Agentes de recaudación tributaria y de licencias,1,252,1,25,1,2,TRUE,1,3444,1,0,123,32458
4170,"Capataces, caporales, mayorales y similares en actividades agropecuarias,silvícolas y pesqueras",2,6101|6201,"Supervisores, encargados y capataces agropecuarios || Supervisores, encargados y capataces de trabajadores en actividades pesqueras, acuícolas, forestales, caza y similares",2,NA,2,NA,1,6,TRUE,2,NA,1,1,114,32389
5264,"Instaladores de mosaicos, azulejos, pisos y baldosas",1,7132,"Instaladores de pisos, azulejos, mosaicos y baldosas",1,713,1,71,1,7,TRUE,1,7132,1,0,110,32278
5342,"Operadores de máquinas pulidoras, galvanizadoras y recubridoras de metal",1,8123,"Operadores de máquinas que cortan, perforan, doblan, troquelan, sueldan, etc., piezas y productos metálicos",1,812,1,81,1,8,TRUE,1,8211,1,0,114,32201
5101,"Supervisores, inspectores y similares en la fabricación de alimentos, bebidas y productos de tabaco",1,7501,"Supervisores de trabajadores en la elaboración y procesamiento de alimentos, bebidas y productos de tabaco",1,750,1,75,1,7,TRUE,1,7416,1,1,128,31373
1221,Técnicos en odontología y mecánica dental,2,2815|2822,Técnicos de prótesis médicas y dentales || Auxiliares y asistentes dentales,2,NA,1,28,1,2,TRUE,2,NA,1,0,130,31305
5203,Trabajadores en la elaboración de productos a base de frutas y verduras,1,7514,Trabajadores en la elaboración de productos a base de frutas y verduras,1,751,1,75,1,7,TRUE,1,7414,1,0,81,30827
1390,Otros trabajadores que desempeñan una ocupación afín a las comprendidas en este grupo,2,2339|2391,"Otros profesores de nivel básico, no clasificados anteriormente || Otros profesores y especialistas en docencia, no clasificados anteriormente",2,NA,1,23,1,2,TRUE,1,2340,1,0,152,30543
1151,Veterinarios y zootecnistas,1,2232,Veterinarios y zootecnistas,1,223,1,22,1,2,TRUE,1,2223,1,0,123,30183
1260,Técnicos en actividades religiosas,1,2533,Monjas y predicadores,1,253,1,25,1,2,TRUE,1,3432,1,0,123,29854
1431,"Productores y organizadores de actividades artísticas, culturales y deportivas",1,1422,"Directores y gerentes de museos, cines y otros establecimientos deportivos y culturales",1,142,1,14,1,1,TRUE,1,1229,1,0,91,29590
5550,Conductores de vehículos de transporte de tracción humana,1,9321,Conductores de vehículos de transporte en bicicleta,1,932,1,93,1,9,TRUE,1,8311,1,0,80,29540
8159,Otros trabajadores que desempeñan una ocupación afín a las comprendidas en este grupo,1,5999,"Otras ocupaciones en servicios personales y vigilancia, no clasificadas anteriormente",1,599,1,59,1,5,FALSE,0,NA,1,0,149,28531
5431,"Cargadores, abastecedores, empacadores manuales y similares en la fabricación de productos de madera y papel, y trabajos de impresión",1,9234,"Trabajadores de apoyo en la industria de la madera, papel y cartón",1,923,1,92,1,9,TRUE,1,9322,1,0,61,28472
5262,"Yeseros, escayolistas y otros recubridores de techos y paredes",1,7131,"Yeseros, escayolistas y otros recubridores de techos y paredes",1,713,1,71,1,7,TRUE,1,7133,1,0,123,28021
6211,Taquilleros y empleados de ventanilla,1,3121,"Cajeros, taquilleros y receptores de apuestas",1,312,1,31,1,3,TRUE,1,4212,1,0,92,26992
1120,Químicos,1,2222,Químicos,1,222,1,22,1,2,TRUE,1,2121,1,0,122,26569
5382,Operadores de máquinas para la fabricación de productos farmacéuticos y cosméticos,1,8132,Operadores de máquinas para la elaboración de productos farmacéuticos y cosméticos,1,813,1,81,1,8,TRUE,1,8221,1,0,50,26377
7134,Valuadores,1,2514,"Valuadores, subastadores y rematadores",1,251,1,25,1,2,TRUE,1,3417,1,0,101,26147
1203,"Técnicos en ingeniería topográfica, hidrológica, geológica y geodésica",1,2622,"Auxiliares y técnicos topógrafos, en hidrología y geología",1,262,1,26,1,2,TRUE,1,3111,1,0,129,25826
5232,Artesanos y trabajadores fabriles en la elaboración de productos de papel y cartón,1,7321,Artesanos y trabajadores en la elaboración de productos de papel y cartón,1,732,1,73,1,7,TRUE,1,7331,1,0,63,25547
5333,Operadores de máquinas para la impresión y encuadernación,1,8144,Operadores de máquinas para la impresión y encuadernación,1,814,1,81,1,8,TRUE,1,8252,1,0,68,25508
5353,Operadores de máquinas en la fabricación de vidrio y productos de vidrio y similares,1,8173,Operadores de máquinas en la elaboración de vidrio y productos de vidrio y similares,1,817,1,81,1,8,TRUE,1,8131,1,0,61,25328
5332,"Operadores de máquinas para la fabricación de productos de madera y similares (bejuco, vara, carrizo, mimbre, etcétera)",1,8142,"Operadores de máquinas para la elaboración de productos de madera, bejuco, mimbre y similares",1,814,1,81,1,8,TRUE,1,8240,1,0,78,25271
5340,"Operadores de hornos metalúrgicos, coladores y laminadores",1,8121,"Operadores de hornos metalúrgicos, coladores y laminadores y operadores de máquinas trefiladoras y estiradoras de metales",1,812,1,81,1,8,TRUE,1,8124,1,0,79,24957
5304,"Operadores de máquinas en la fabricación de azúcar, café, chocolate, té y confitería",1,8161,"Operadores de máquinas en la elaboración de alimentos, aceites, grasas, sal y especias",1,816,1,81,1,8,TRUE,1,8273,1,0,64,24935
6133,"Jefes de departamento, coordinadores y supervisores en otros servicios Especializados",1,1629,"Otros coordinadores y jefes de área en informática, telecomunicaciones, transporte y en investigación y desarrollo tecnológico, no clasificados anteriormente",1,162,1,16,1,1,TRUE,1,1319,1,0,89,24857
5281,Trabajadores en la elaboración de sustancias y compuestos químicos,1,7412,Trabajadores en la elaboración de sustancias y compuestos químicos,1,741,1,74,1,7,TRUE,1,7346,1,0,102,24146
5243,"Joyeros, orfebres, plateros, latoneros y cobreros",1,7223,"Joyeros, orfebres, plateros y pulidores de metal",1,722,1,72,1,7,TRUE,1,7313,1,0,85,23814
8209,Otros trabajadores que desempeñan una ocupación afín a las comprendidas en este grupo,1,9611,Trabajadores domésticos,1,961,1,96,1,9,TRUE,1,9131,1,0,81,23060
5250,Alfareros y trabajadores ceramistas,1,7611,Alfareros y trabajadores ceramistas,1,761,1,76,1,7,TRUE,1,7321,1,0,73,22982
5522,Ayudantes de conductor,1,9311,Ayudantes de conductores de transporte terrestre con motor,1,931,1,93,1,9,TRUE,1,9331,1,0,66,22433
1222,Técnicos en optometría y similares,1,2812,"Técnicos en aparatos de diagnóstico, tratamiento médico, podólogos y fisioterapeutas",1,281,1,28,1,2,TRUE,1,3221,1,0,38,22067
5225,Tapiceros,1,7351,Tapiceros,1,735,1,73,1,7,TRUE,1,7435,1,0,96,22058
5206,Trabajadores en la elaboración de bebidas alcohólicas y no alcohólicas,1,7517,Trabajadores en la elaboración de bebidas alcohólicas y no alcohólicas,1,751,1,75,1,7,TRUE,1,7414,1,0,83,21695
4134,Cortadores y recolectores de leña,2,6225|9124,Cortadores de leña || Recolectores de leña y acarreadores de agua,2,NA,2,NA,2,NA,TRUE,2,NA,1,0,76,21151
5244,"Cerrajeros, pulidores de metal y afiladores de herramientas",1,7222,"Cerrajeros, afiladores y pulidores de herramientas",1,722,1,72,1,7,TRUE,1,7222,1,0,92,21117
5320,Operadores de máquinas de hilar y rebobinar,1,8151,Operadores de máquinas y equipos de hilar y bobinar fibras textiles naturales y sintéticas,1,815,1,81,1,8,TRUE,1,8269,1,0,86,20405
1362,Profesores e instructores en idiomas extranjeros,1,2714,Instructores en idiomas extranjeros,1,271,1,27,1,2,TRUE,1,2359,1,0,76,20254
1121,Farmacólogos,1,2428,Farmacólogos,1,242,1,24,1,2,TRUE,1,2212,1,0,73,20186
5371,"Operadores de equipo de bombeo, ventilación y refrigeración",1,8134,Operadores de máquinas para el tratamiento de agua,1,813,1,81,1,8,TRUE,1,8163,1,0,67,19921
7211,Limpiadores de calzado,1,9624,Limpiadores de calzado,1,962,1,96,1,9,TRUE,1,9120,1,0,68,19852
5324,"Operadores de máquinas para blanquear, teñir, limpiar y planchar productos textiles, de cuero, piel y similares",1,8155,"Operadores de máquinas de lavado, blanqueo, teñido, estampado, afelpado, planchado y acabado de productos textiles, cuero, piel y similares",1,815,1,81,1,8,TRUE,1,8264,1,0,64,19709
5330,Operadores de máquinas para el tratamiento de la madera y fabricación de triplay y aglomerados,1,8141,Operadores de máquinas para el tratamiento de la madera y elaboración de aglomerados y triplay,1,814,1,81,1,8,TRUE,1,8290,1,0,73,19673
1173,Profesionistas en mercadotecnia,1,2112,"Especialistas y consultores en mercadotecnia, publicidad, comunicación y comercio exterior",1,211,1,21,1,2,TRUE,1,2419,1,0,55,19604
2101,Presidentes y autoridades municipales,1,1113,Presidentes y autoridades municipales,1,111,1,11,1,1,TRUE,1,1110,1,0,76,19013
1150,Agrónomos,1,2231,Agrónomos,1,223,1,22,1,2,TRUE,1,2213,1,0,83,19011
6231,Trabajadores en agencias de viajes,1,3221,Trabajadores en agencias de viajes,1,322,1,32,1,3,TRUE,1,4221,1,0,90,18997
4119,Otros trabajadores que desempeñan una ocupación afín a las comprendidas en este subgrupo,2,6129|9112,"Otros trabajadores en actividades ganaderas y en la cría de animales, no clasificados anteriormente || Trabajadores de apoyo en actividades ganaderas",2,NA,2,NA,2,NA,TRUE,2,NA,1,0,65,18905
5130,"Jefes, coordinadores y similares en la fabricación de productos de madera y papel, y en trabajos de impresión",1,1614,Coordinadores y jefes de área en producción manufacturera,1,161,1,16,1,1,TRUE,1,1312,1,0,32,18767
4135,Productores de carbón vegetal,1,6227,Productores de carbón vegetal,1,622,1,62,1,6,TRUE,1,6142,1,0,70,18538
5331,Operadores de máquinas en la elaboración de celulosa y fabricación de papel y similares,1,8143,"Operadores de máquinas en la elaboración de celulosa, papel y similares",1,814,1,81,1,8,TRUE,1,8142,1,0,46,18453
5252,Trabajadores del vidrio y similares,1,7613,Trabajadores del vidrio y similares,1,761,1,76,1,7,TRUE,1,7322,1,0,74,18382
5451,"Cargadores, abastecedores, empacadores manuales y similares en la fabricación de productos de cerámica, vidrio y otros minerales no metálicos",1,9237,"Trabajadores de apoyo en la industria de la cerámica, vidrio y similares",1,923,1,92,1,9,TRUE,1,9322,1,0,38,17641
7200,Vendedores ambulantes de periódicos y lotería,1,9511,Vendedores ambulantes de periódicos y lotería,1,951,1,95,1,9,TRUE,1,9112,1,0,82,17614
1134,Profesionistas en nutrición,1,2423,Nutriólogos,1,242,1,24,1,2,TRUE,1,3223,1,0,62,17596
5170,"Jefes, coordinadores y similares en la generación de energía, la instalación, reparación y mantenimiento de equipo eléctrico y de telecomunicaciones",2,1613|8101,Coordinadores y jefes de área en generación y provisión de energía eléctrica y agua || Supervisores de operadores de maquinaria industrial,2,NA,2,NA,2,NA,TRUE,2,NA,2,NA,63,17537
5334,Operadores de máquinas para la fabricación de productos a base de papel y cartón,1,8145,Operadores de máquinas para la elaboración de productos a base de papel y cartón,1,814,1,81,1,8,TRUE,1,8253,1,0,62,17450
1161,Sociólogos y demógrafos,2,2132|2143,Investigadores y especialistas en sociología y desarrollo social || Especialistas en trabajo social,2,NA,1,21,1,2,TRUE,2,NA,1,0,76,17151
6203,"Operadores de máquinas de oficina (copiadora, mimeógrafo, telex, etcétera)",1,3114,"Operadores de máquinas de oficina (fotocopiadora, etcétera)",1,311,1,31,1,3,TRUE,1,4141,1,0,53,17125
5180,"Jefes, coordinadores y similares en la fabricación de químicos, petroquímica, hule, caucho y plástico",1,1614,Coordinadores y jefes de área en producción manufacturera,1,161,1,16,1,1,TRUE,1,1312,1,0,46,17106
5390,Otros trabajadores que desempeñan una ocupación afín a las comprendidas en este grupo,1,8199,"Otros operadores de instalaciones y maquinaria fija industrial, no clasificados anteriormente",1,819,1,81,1,8,TRUE,1,8172,1,0,37,16210
6190,Otros trabajadores que desempeñan una ocupación afín a las comprendidas en este grupo,1,1624,Coordinadores y jefes de área en centros de investigación y desarrollo tecnológico,1,162,1,16,1,1,TRUE,1,2139,1,0,59,16053
1240,Técnicos en agronomía,1,2613,Auxiliares y técnicos en agronomía,1,261,1,26,1,2,TRUE,1,3211,1,0,58,15705
8132,Bañeros y masajistas,1,5213,Bañeros y masajistas,1,521,1,52,1,5,TRUE,1,5169,1,0,74,15676
7219,Otros trabajadores que desempeñan una ocupación afín a las comprendidas en este subgrupo,1,9332,Cargadores por propina,1,933,1,93,1,9,TRUE,1,9332,1,0,21,15083
6170,"Jefes de departamento, coordinadores y supervisores en servicios agropecuarios, pesqueros y forestales",1,1611,"Coordinadores y jefes de área en producción agropecuaria, silvícola y pesquera",1,161,1,16,1,1,TRUE,1,1311,1,0,85,14937
5131,"Supervisores, inspectores y similares en la fabricación de productos de madera y papel, y en trabajos de impresión",1,8101,Supervisores de operadores de maquinaria industrial,1,810,1,81,1,8,TRUE,1,8111,1,1,55,14931
1420,Pintores y dibujantes artísticos,2,2161|2162,"Pintores || Dibujantes y diseñadores artísticos, ilustradores y grabadores",1,216,1,21,1,2,TRUE,2,NA,1,0,57,14551
5210,Mineros,1,7111,Mineros y trabajadores en la extracción en minas de minerales metálicos,1,711,1,71,1,7,TRUE,1,7111,1,0,65,14427
5310,Operadores de máquinas y equipos para la extracción en minas y canteras,1,8111,Operadores de máquinas y equipos para la extracción y beneficio en minas y canteras,1,811,1,81,1,8,TRUE,1,8333,1,0,66,14344
8204,Vigilantes y porteros en casas particulares,1,5314,Vigilantes y porteros en casas particulares,1,531,1,53,1,5,TRUE,1,5162,1,0,68,14112
6229,Otros trabajadores que desempeñan una ocupación afín a las comprendidas en este grupo,1,3999,"Otras secretarias, capturistas, cajeros y trabajadores que brindan información, no clasificados anteriormente",1,399,1,39,1,3,TRUE,1,4190,1,0,22,13749
6250,Carteros,1,9721,Carteros (a pie y en bicicleta),1,972,1,97,1,9,TRUE,1,4142,1,0,43,13658
2128,"Directores, gerentes y administradores de área o establecimientos en el sector agropecuario, silvícola y pesquero",1,1311,"Directores y gerentes en producción agropecuaria, silvícola y pesquera",1,131,1,13,1,1,TRUE,1,1221,1,0,50,13441
1411,Cantantes,1,2173,Cantantes,1,217,1,21,1,2,TRUE,1,2453,1,0,53,13232
4136,"Trabajadores en la recolección de plantas, hierbas y raíces no cultivadas",1,6226,"Trabajadores en actividades de recolección de plantas, hierbas y raíces no cultivadas",1,622,1,62,1,6,TRUE,1,6141,1,0,52,13121
1450,Árbitros y jueces deportivos,1,2563,Árbitros y jueces deportivos,1,256,1,25,1,2,TRUE,1,3475,1,0,51,12692
8300,Bomberos (contra incendio),1,5311,Bomberos,1,531,1,53,1,5,TRUE,1,5161,1,0,68,12624
4115,"Trabajadores en la cría de equinos (caballos, burros y mulas)",1,6125,Trabajadores en la cría de equinos,1,612,1,61,1,6,TRUE,1,6121,1,0,32,12286
5490,"Otros ayudantes, peones y similares no clasificados anteriormente",1,9239,"Trabajadores de apoyo en la industria, no clasificados anteriormente",1,923,1,92,1,9,TRUE,1,9322,1,0,51,12229
5120,"Jefes, coordinadores y similares en la fabricación de textiles y productos de cuero, piel y similares",1,1614,Coordinadores y jefes de área en producción manufacturera,1,161,1,16,1,1,TRUE,1,1312,1,0,64,12218
5300,"Operadores de máquinas en la preparación de la carne, pescado y sus derivados",1,8161,"Operadores de máquinas en la elaboración de alimentos, aceites, grasas, sal y especias",1,816,1,81,1,8,TRUE,1,8273,1,0,28,12076
5151,"Supervisores, inspectores y similares en la fabricación de productos de cerámica, vidrio y otros minerales no metálicos",1,7601,"Supervisores de artesanos y trabajadores en la elaboración de productos de cerámica, vidrio, azulejo y similares",1,760,1,76,1,7,TRUE,1,7321,1,1,40,12071
5461,Cargadores y similares en la construcción,1,9222,Trabajadores de apoyo en plomería e instalación de tuberías,1,922,1,92,1,9,TRUE,1,9312,1,0,20,12013
1451,Entrenadores deportivos,1,2562,Entrenadores deportivos y directores técnicos,1,256,1,25,1,2,TRUE,1,3475,1,0,43,11883
4190,Otros trabajadores que desempeñan una ocupación afín a las comprendidas en este grupo,1,6999,"Otros trabajadores en actividades agrícolas, ganaderas, forestales, caza y pesca, no clasificados anteriormente",1,699,1,69,1,6,TRUE,1,6130,1,0,32,11727
1432,"Locutores, conductores y comentaristas de radio y televisión",1,2551,"Locutores de radio, televisión y otros medios de comunicación",1,255,1,25,1,2,TRUE,1,3472,1,0,54,11575
5247,"Mecánicos, ajustadores, instaladores y trabajadores de mantenimiento y reparación de instrumentos musicales (pianos, etc.) y de precisión (relojes, básculas, etcétera)",1,2636,Mecánicos en mantenimiento y reparación de instrumentos de precisión y musicales,1,263,1,26,1,2,TRUE,1,3115,1,0,39,11527
9999,Ocupaciones no especificadas,1,9999,Ocupaciones no especificadas,1,999,1,99,1,9,TRUE,1,9999,1,0,19,11486
8160,Trabajadores en servicios funerarios y en panteones,1,5253,Trabajadores en servicios funerarios,1,525,1,52,1,5,TRUE,1,5143,1,0,30,11393
1103,"Ingenieros en topografía, hidrología, geología y geodesia",1,2262,"Ingenieros en topografía, hidrología, geología y geodesia",1,226,1,22,1,2,TRUE,1,2142,1,0,41,11229
4114,Trabajadores en la apicultura,1,6126,Trabajadores en la apicultura,1,612,1,61,1,6,TRUE,1,6123,1,0,39,11189
5352,"Operadores de máquinas en la fabricación de cemento, cal, yeso y productos de cemento",1,8171,"Operadores de máquinas en la elaboración de cemento, cal, yeso y productos de cemento",1,817,1,81,1,8,TRUE,1,8278,1,0,36,10937
4151,Trabajadores en actividades de acuacultura,2,6212|9122,Trabajadores en actividades de acuacultura || Trabajadores de apoyo en actividades de acuicultura y pesca,2,NA,2,NA,2,NA,TRUE,2,NA,1,0,30,10544
2110,"Presidentes, directores y gerentes generales en instituciones y empresas públicas, descentralizadas y paraestatales",1,1121,Presidentes y directores generales en instituciones públicas,1,112,1,11,1,1,TRUE,1,1110,1,0,56,10470
5111,"Supervisores, inspectores y similares en la extracción en minas, canteras y pozos",2,7101|8101,"Supervisores de trabajadores en la extracción, albañiles y en acabados de la construcción || Supervisores de operadores de maquinaria industrial",2,NA,2,NA,2,NA,TRUE,2,NA,1,1,52,10227
1460,Animadores y anunciadores,1,2552,Animadores y organizadores de eventos,1,255,1,25,1,2,TRUE,1,3472,1,0,28,10075
5350,Operadores de máquinas en la fabricación de productos de cerámica,1,8172,"Operadores de máquinas en la elaboración de productos de cerámica, mosaico, azulejo y similares",1,817,1,81,1,8,TRUE,1,8212,1,0,39,9841
1201,Técnicos en ingeniería civil y de la construcción,1,2624,Auxiliares y técnicos en construcción y arquitectura,1,262,1,26,1,2,TRUE,1,3112,1,0,43,9800
1361,Profesores e instructores en estudios comerciales y administrativos,1,2713,Instructores en estudios y capacitación comercial y administrativa,1,271,1,27,1,2,TRUE,1,2359,1,0,30,9783
5269,Otros trabajadores que desempeñan una ocupación afín a las comprendidas en este subgrupo,1,7113,Dinamiteros y buzos en perforación de pozos y en la construcción,1,711,1,71,1,7,TRUE,1,7112,1,0,40,9691
7132,"Agentes de acciones, bonos y valores",1,2513,Tramitadores aduanales,1,251,1,25,1,2,TRUE,1,3422,1,0,25,9672
1167,Profesionistas en ciencias de la comunicación,1,2112,"Especialistas y consultores en mercadotecnia, publicidad, comunicación y comercio exterior",1,211,1,21,1,2,TRUE,1,2419,1,0,37,9609
1241,Técnicos en veterinaria y zootecnia,1,2614,"Auxiliares y técnicos en veterinaria, pesca y forestación",1,261,1,26,1,2,TRUE,1,3227,1,0,35,9565
5381,Operadores de máquinas y equipos para la refinación de petróleo y gas,1,8135,Operadores de máquinas y equipos para la refinación del petróleo y gas,1,813,1,81,1,8,TRUE,1,8155,1,0,32,9392
4130,"Taladores, trozadores, cortadores de árboles y similares",1,6221,"Taladores, trocadores, cortadores de árboles y similares",1,622,1,62,1,6,TRUE,1,6153,1,0,29,9360
5491,"Otros cargadores, abastecedores, empacadores manuales y similares no clasificados anteriormente",1,9239,"Trabajadores de apoyo en la industria, no clasificados anteriormente",1,923,1,92,1,9,TRUE,1,9322,1,0,32,9092
5351,"Operadores de máquinas en la fabricación de productos de mosaico, azulejo y similares",1,8172,"Operadores de máquinas en la elaboración de productos de cerámica, mosaico, azulejo y similares",1,817,1,81,1,8,TRUE,1,8212,1,0,32,9067
8311,Trabajadores de la fuerza armada marítima,2,5401|5412,Supervisores de las fuerzas armadas || Trabajadores de la fuerza armada marítima,2,NA,1,54,1,5,TRUE,1,5169,2,NA,50,8655
6132,"Jefes de departamento, coordinadores y supervisores en investigaciones sociales (historia, sociología, sicología, trabajo social, etcétera)",1,1522,Coordinadores y jefes de área en desarrollo social y económico,1,152,1,15,1,1,TRUE,1,1319,1,0,30,8620
5211,"Trabajadores en la extracción de cantera, arcilla, arena, piedra y grava",1,7112,"Trabajadores en la extracción de cantera, arcilla, arena, piedra y grava",1,711,1,71,1,7,TRUE,1,7111,1,0,33,8423
1180,Religiosos profesionistas,1,2145,"Sacerdotes, pastores y otros teólogos",1,214,1,21,1,2,TRUE,1,2460,1,0,41,8366
2132,Directivos de organizaciones sindicales,1,1132,Directores de organizaciones sindicales,1,113,1,11,1,1,TRUE,1,1142,1,0,38,8262
1140,Biólogos,1,2221,Biólogos y especialistas en ciencias del mar y oceanógrafos,1,222,1,22,1,2,TRUE,1,2211,1,0,35,8227
5370,Operadores de instalaciones y plantas en la generación y distribución de energía,1,8181,Operadores de máquinas e instalaciones para la generación de energía,1,818,1,81,1,8,TRUE,1,8161,1,0,38,8176
4160,Trabajadores en actividades de beneficio de productos agropecuarios,2,6117|6128,Trabajadores en actividades de beneficio de productos agrícolas || Trabajadores en actividades de beneficio de productos pecuarios,2,NA,1,61,1,6,TRUE,2,NA,1,0,50,8027
5410,"Ayudantes, peones y similares en la extracción en minas, canteras y pozos",2,9211|9212,Trabajadores de apoyo en la minería || Trabajadores de apoyo en la extracción,1,921,1,92,1,9,TRUE,1,9311,1,0,48,7842
2120,"Directores, gerentes y administradores de área o establecimientos en servicios de salud",1,1221,"Directores y gerentes en servicios de salud, protección civil y medio ambiente",1,122,1,12,1,1,TRUE,1,1229,1,0,44,7723
5265,Instaladores de aislantes y climas artificiales,1,2638,"Mecánicos en instalación, mantenimiento y reparación de equipos de refrigeración, climas y aire acondicionado.",1,263,1,26,1,2,TRUE,1,7241,1,0,18,7548
1166,Pedagogos,1,2312,"Pedagogos, orientadores educativos y otros especialistas en ciencias educativas",1,231,1,23,1,2,TRUE,1,2351,1,0,26,7412
4102,Trabajadores en el cultivo de algodón y/o henequén,1,6116,Trabajadores en otros cultivos agrícolas,1,611,1,61,1,6,TRUE,1,6111,1,0,36,7334
7209,Otros trabajadores que desempeñan una ocupación afín a las comprendidas en este grupo,1,9512,Vendedores ambulantes de artículos diversos (excluyendo los de venta de alimentos),1,951,1,95,1,9,TRUE,1,9112,1,0,28,7194
1133,Profesionistas en optometría,1,2422,Optometristas,1,242,1,24,1,2,TRUE,1,3224,1,0,17,7172
1223,Técnicos nutriólogos y dietistas,1,2816,Técnicos dietistas y nutriólogos,1,281,1,28,1,2,TRUE,1,3223,1,0,22,7022
5309,Otros trabajadores que desempeñan una ocupación afín a las comprendidas en este grupo,1,8199,"Otros operadores de instalaciones y maquinaria fija industrial, no clasificados anteriormente",1,819,1,81,1,8,TRUE,1,8172,1,0,20,6746
5311,Operadores de máquinas y equipos para la extracción de pozos petroleros,1,8112,Operadores de máquinas y equipos para la extracción en pozos petroleros,1,811,1,81,1,8,TRUE,1,8153,1,0,27,6735
5263,"Techadores (colocadores de palapas, etcétera)",1,7122,"Techadores (colocadores de palapas, etcétera)",1,712,1,71,1,7,TRUE,1,7131,1,0,30,6712
1440,Deportistas,1,2561,Deportistas,1,256,1,25,1,2,TRUE,1,3475,1,0,28,6583
1400,Escritores y críticos,1,2151,Escritores y críticos literarios,1,215,1,21,1,2,TRUE,1,2451,1,0,9,6297
1354,Profesores de personas con problemas de aprendizaje,1,2342,Profesores de personas con problemas de aprendizaje,1,234,1,23,1,2,TRUE,1,2340,1,0,39,6272
1170,Economistas,1,2123,"Economistas, consultores e investigadores en política económica",1,212,1,21,1,2,TRUE,1,2441,1,0,10,6180
5301,Operadores de máquinas en la fabricación de leche y lácteos,1,8161,"Operadores de máquinas en la elaboración de alimentos, aceites, grasas, sal y especias",1,816,1,81,1,8,TRUE,1,8273,1,0,25,6174
8102,Azafatas y sobrecargos,1,5231,Azafatas y sobrecargos,1,523,1,52,1,5,TRUE,1,3143,1,0,6,6126
5307,"Operadores de máquinas en la fabricación de aceite, grasas, sal y especias",1,8161,"Operadores de máquinas en la elaboración de alimentos, aceites, grasas, sal y especias",1,816,1,81,1,8,TRUE,1,8273,1,0,17,5838
5341,Operadores de máquinas trefiladoras y estiradoras de metales,1,8122,"Operadores de máquinas pulidoras, galvanizadoras y recubridoras de metal",1,812,1,81,1,8,TRUE,1,8123,1,0,22,5628
5530,Conductores de transporte aéreo,1,8311,Pilotos de aviación,1,831,1,83,1,8,TRUE,1,3143,1,0,21,5558
5360,"Operadores de equipo portátil especializado para la construcción (perforadora, barrenadora, compresora, etcétera)",1,8114,Operadores de equipos portátiles especializados para la construcción,1,811,1,81,1,8,TRUE,1,8333,1,0,19,5334
4116,"Trabajadores en la cría de animales para ornato, espectáculos y laboratorio",1,6127,Trabajadores en la cría y cuidado de otro tipo de animales,1,612,1,61,1,6,TRUE,1,6129,1,0,25,5256
1290,Otros trabajadores que desempeñan una ocupación afín a las comprendidas en este grupo,1,2992,Otros técnicos no clasificados anteriormente,1,299,1,29,1,2,TRUE,1,3439,1,0,31,5070
5249,Otros trabajadores que desempeñan una ocupación afín a las comprendidas en este subgrupo,1,2639,"Otras ocupaciones de mecánicos y técnicos en el mantenimiento y reparación de equipos mecánicos, vehículos de motor e instrumentos industriales, no clasificados anteriormente",1,263,1,26,1,2,TRUE,1,7241,1,0,17,5042
5249,Otros trabajadores que desempeñan una ocupación afín a las comprendidas en este grupo,1,7214,Montadores de estructuras metálicas,1,721,1,72,1,7,TRUE,1,7214,1,0,17,5042
1331,Alfabetizadores,1,2333,Alfabetizadores,1,233,1,23,1,2,TRUE,1,2320,1,0,19,4995
4161,Trabajadores en actividades de beneficio de productos pesqueros,1,6213,Trabajadores en actividades de beneficio de productos pesqueros o acuícolas,1,621,1,62,1,6,TRUE,1,7411,1,0,15,4869
4105,Trabajadores en el cultivo de tabaco,1,6113,"Trabajadores en el cultivo de café, cacao y tabaco",1,611,1,61,1,6,TRUE,1,6112,1,0,37,4724
6120,"Jefes de departamento, coordinadores y supervisores en comunicaciones",1,1622,Coordinadores y jefes de área en comunicación y telecomunicaciones,1,162,1,16,1,1,TRUE,1,1316,1,0,31,4650
4131,"Caucheros, chicleros, resineros y similares",1,6222,"Caucheros, chicleros, resineros y similares",1,622,1,62,1,6,TRUE,1,6141,1,0,8,4568
2100,Altas autoridades gubernamentales y legislativas,2,1111|1112,Altas autoridades gubernamentales y jurisdiccionales || Legisladores,1,111,1,11,1,1,TRUE,1,1110,1,0,22,4550
2126,"Directores, gerentes y administradores de área o establecimientos en servicios asistenciales y de readaptación social",3,1222|1225|1226,Directores y gerentes en desarrollo social y económico || Comandantes de las fuerzas armadas || Directores en servicios de vigilancia y seguridad,1,122,1,12,1,1,FALSE,2,NA,1,0,25,4548
5510,"Conductores de transporte en vías férreas (tren, metro y tren ligero)",1,8331,"Conductores de transporte en vías férreas (tren, metro y tren ligero)",1,833,1,83,1,8,TRUE,1,8311,1,0,17,4501
4133,"Trabajadores en actividades de plantación, reforestación y conservación de bosques",1,6224,"Trabajadores en actividades de plantación, reforestación y conservación de bosques",1,622,1,62,1,6,TRUE,1,6112,1,0,14,4439
5543,"Lancheros, boteros y barqueros",1,8324,"Conductores de pequeñas embarcaciones (lanchas, botes, trajineras, etcétera)",1,832,1,83,1,8,TRUE,1,8311,1,0,17,4414
5540,Conductores de transporte marítimo,1,8321,Capitanes y conductores de transporte marítimo,1,832,1,83,1,8,TRUE,1,3142,1,0,22,4388
5511,Ayudantes de conductores de transporte en vías férreas,1,9312,Ayudantes de conductores de transporte en vías férreas,1,931,1,93,1,9,TRUE,1,8312,1,0,7,4214
1350,Profesores de discapacitados mentales,1,2343,Otros profesores de enseñanza especial,1,234,1,23,1,2,TRUE,1,2340,1,0,15,4193
1102,"Ingenieros en minas, metalurgia y petróleo",1,2254,"Ingenieros en minas, metalurgia y petróleo",1,225,1,22,1,2,TRUE,1,2147,1,0,22,4136
1430,Directores de producciones artísticas,1,1421,"Directores y productores artísticos de cine, teatro y afines",1,142,1,14,1,1,TRUE,1,1229,1,0,18,4118
1111,"Matemáticos, estadísticos y actuarios",1,2212,"Investigadores y especialistas en matemáticas, estadística y actuaría",1,221,1,22,1,2,TRUE,1,2111,1,0,7,4012
2130,Directivos de partidos políticos,1,1131,Directores de organizaciones políticas,1,113,1,11,1,1,FALSE,0,NA,1,0,31,3993
1141,Ecólogos y profesionistas en ciencias atmosféricas,1,2223,Ecólogos y especialistas en ciencias atmosféricas,1,222,1,22,1,2,TRUE,1,2211,1,0,14,3904
2133,"Directivos de organizaciones humanitarias, religiosas, asociaciones civiles y ejidales",2,1134|1135,Directores de organizaciones agrarias || Directores de organizaciones civiles y religiosas,1,113,1,11,1,1,TRUE,2,NA,1,0,18,3798
1359,Otros trabajadores que desempeñan una ocupación afín a las comprendidas en este subgrupo,1,2343,Otros profesores de enseñanza especial,1,234,1,23,1,2,TRUE,1,2340,1,0,14,3733
5220,Preparadores de fibras e hilanderos,1,7331,Trabajadores en la preparación de fibras e hilados,1,733,1,73,1,7,TRUE,1,7423,1,0,13,3706
1352,Profesores de personas con problemas de audición y lenguaje,1,2341,Profesores de personas con problemas de audición y lenguaje,1,234,1,23,1,2,TRUE,1,2340,1,0,15,3705
5303,Operadores de máquinas en la preparación de frutas y legumbres,1,8161,"Operadores de máquinas en la elaboración de alimentos, aceites, grasas, sal y especias",1,816,1,81,1,8,TRUE,1,8273,1,0,19,3638
5551,"Conductores de transporte de tracción animal (carretas, arrieros)",1,9322,"Conductores de transporte de tracción animal (carretas, arrieros, etcétera)",1,932,1,93,1,9,FALSE,0,NA,1,0,6,3374
1414,Bailarines,1,2174,Bailarines y coreógrafos,1,217,1,21,1,2,TRUE,1,2454,1,0,16,3109
1162,Profesionistas en ciencias políticas y administración pública,1,2133,Investigadores y especialistas en ciencias políticas y administración pública,1,213,1,21,1,2,TRUE,1,2443,1,0,6,3087
5529,Otros trabajadores que desempeñan una ocupación afín a las comprendidas en este subgrupo,1,8349,"Otros conductores de transporte terrestre con motor, no clasificados anteriormente",1,834,1,83,1,8,TRUE,1,8321,1,0,10,2947
5312,Operadores de máquinas y equipos para la obtención de agua,1,8113,"Operadores de máquinas y equipos para la captación, bombeo y distribución de agua",1,811,1,81,1,8,TRUE,1,8163,1,0,4,2777
5110,"Jefes, coordinadores y similares en la extracción en minas, canteras y pozos",1,1612,"Coordinadores y jefes de área en producción minera, petrolera y gas",1,161,1,16,1,1,TRUE,1,1311,1,0,11,2744
1461,"Magos, payasos, malabaristas, cirqueros y similares en establecimientos",1,2553,"Payasos, mimos y cirqueros",1,255,1,25,1,2,TRUE,1,3474,1,0,20,2713
5229,Otros trabajadores que desempeñan una ocupación afín a las comprendidas en este grupo,1,7999,"Otros trabajadores artesanales, no clasificados anteriormente",1,799,1,79,1,7,TRUE,1,7332,1,0,16,2694
5411,"Cargadores y similares en la extracción en minas, canteras y pozos",1,9212,Trabajadores de apoyo en la extracción,1,921,1,92,1,9,TRUE,1,9311,1,0,13,2675
8304,Personal de aduanas y migración,1,2522,Agentes aduanales y fronterizos,1,252,1,25,1,2,TRUE,1,3441,1,0,15,2606
6201,"Mecanógrafos, taquígrafos, estenógrafos y escribanos",1,3112,"Taquígrafos, mecanógrafos y similares",1,311,1,31,1,3,TRUE,1,4111,1,0,12,2524
5207,"Trabajadores en la elaboración de aceites, grasas, sal y especias",1,7516,"Trabajadores en la elaboración de aceites, grasas, sal y especias",1,751,1,75,1,7,TRUE,1,7414,1,0,6,2478
5226,"Peleteros, cortadores, curtidores y pintores de cuero, piel y similares",1,7352,"Peleteros, cortadores, curtidores y teñidores de cuero, piel y similares",1,735,1,73,1,7,TRUE,1,7436,1,0,17,2333
1163,"Antropólogos, arqueólogos e historiadores",1,2131,"Antropólogos, arqueólogos e historiadores",1,213,1,21,1,2,TRUE,1,2442,1,0,12,2284
1175,Profesionistas en hotelería y turismo,1,2113,Especialistas en hotelería y turismo,1,211,1,21,1,2,FALSE,0,NA,1,0,4,2176
8302,Detectives,1,2521,Oficiales del ministerio público y detectives,1,252,1,25,1,2,TRUE,1,3450,1,0,11,2122
1422,Coreógrafos y escenógrafos,1,2164,Escenógrafos,1,216,1,21,1,2,TRUE,1,2454,1,0,8,2089
5150,"Jefes, coordinadores y similares en la fabricación de productos de cerámica, vidrio y otros minerales no metálicos",1,1614,Coordinadores y jefes de área en producción manufacturera,1,161,1,16,1,1,TRUE,1,1312,1,0,8,2007
5209,Otros trabajadores que desempeñan una ocupación afín a las comprendidas en este grupo,1,7999,"Otros trabajadores artesanales, no clasificados anteriormente",1,799,1,79,1,7,TRUE,1,7332,1,0,14,1895
5253,"Trabajadores en la elaboración de productos de hueso, concha, coral y similares",1,7614,"Trabajadores en la elaboración de productos de hueso, concha, coral y similares",1,761,1,76,1,7,TRUE,1,7331,1,0,12,1682
1413,Actores,1,2175,Actores,1,217,1,21,1,2,TRUE,1,2455,1,0,8,1560
2129,Otros trabajadores que desempeñan una ocupación afín a las comprendidas en este subgrupo,1,1999,"Otros directores, funcionarios, gerentes, coordinadores y jefes de área, no clasificados anteriormente",1,199,1,19,1,1,TRUE,1,1319,1,0,6,1543
1421,Escultores y grabadores,1,2163,Escultores,1,216,1,21,1,2,TRUE,1,2452,1,0,8,1510
6241,Telegrafistas,1,3213,Telefonistas y telegrafistas,1,321,1,32,1,3,TRUE,1,4223,1,0,4,1487
1202,"Técnicos en ingeniería en minas, metalurgia y petróleo",1,2623,"Auxiliares y técnicos mineros, metalúrgicos y petroleros",1,262,1,26,1,2,TRUE,1,3117,1,0,12,1451
1168,Geógrafos,1,2134,Geógrafos,1,213,1,21,1,2,FALSE,0,NA,1,0,3,1419
1231,Técnicos farmacéuticos,1,2814,Técnicos y asistentes farmacéuticos,1,281,1,28,1,2,TRUE,1,3211,1,0,4,1370
1232,Técnicos en ecología,1,2612,"Auxiliares y técnicos en ciencias biológicas, químicas y del medio ambiente",1,261,1,26,1,2,TRUE,1,3211,1,0,7,1235
5329,Otros trabajadores que desempeñan una ocupación afín a las comprendidas en este grupo,1,8199,"Otros operadores de instalaciones y maquinaria fija industrial, no clasificados anteriormente",1,819,1,81,1,8,TRUE,1,8172,1,0,5,1231
8152,Trabajadores dedicados a la prostitución,1,5252,Trabajadores dedicados a la prostitución,1,525,1,52,1,5,TRUE,1,5149,1,0,3,1219
5234,Reveladores e impresores de fotografías y similares,1,7323,Reveladores e impresores de fotografías,1,732,1,73,1,7,TRUE,1,7322,1,0,8,1193
1174,"Profesionistas en archivo, biblioteconomía y museografía",1,2144,"Especialistas en archivonomía, biblioteconomía y museografía",1,214,1,21,1,2,TRUE,1,2432,1,0,3,1169
7290,Otros trabajadores que desempeñan una ocupación afín a las comprendidas en este grupo,1,9899,"Otros trabajadores en actividades elementales y de apoyo, no clasificados anteriormente",1,989,1,98,1,9,TRUE,1,9153,1,0,1,1167
8121,Ascensoristas y elevadoristas,1,9733,Elevadoristas y ascensoristas,1,973,1,97,1,9,FALSE,0,NA,1,0,3,1152
5228,"Patronistas de productos de tela, cuero, piel y similares",1,7344,Patronistas de productos textiles,1,734,1,73,1,7,FALSE,0,NA,1,0,8,1139
1152,Profesionistas en forestación,1,2233,Especialistas en forestación,1,223,1,22,1,2,TRUE,1,2213,1,0,7,1044
1211,"Técnicos en matemáticas, estadística y actuaría",1,2611,"Auxiliares y técnicos en física, matemáticas, estadística y actuaría",1,261,1,26,1,2,TRUE,1,3434,1,0,8,1026
1332,Profesores y promotores bilingües,1,2334,Profesores de enseñanza bilingüe (indígena),1,233,1,23,1,2,TRUE,1,2149,1,0,2,1010
4140,"Trabajadores en actividades de caza, trampería y similares",2,6231|9123,"Trabajadores en actividades de caza, trampería y similares || Trabajadores de apoyo en actividades de caza y captura",2,NA,2,NA,2,NA,FALSE,0,NA,1,0,6,982
5541,Oficiales maquinistas de transporte marítimo,1,8323,Oficiales maquinistas de transporte marítimo,1,832,1,83,1,8,TRUE,1,3141,1,0,3,877
7190,Otros trabajadores que desempeñan una ocupación afín a las comprendidas en este grupo,1,4999,"Otros comerciantes, empleados en ventas y agentes de ventas en establecimientos, no clasificados anteriormente",1,499,1,49,1,4,TRUE,1,3413,1,0,4,873
5389,Otros trabajadores que desempeñan una ocupación afín a las comprendidas en este grupo,1,8199,"Otros operadores de instalaciones y maquinaria fija industrial, no clasificados anteriormente",1,819,1,81,1,8,TRUE,1,8172,1,0,1,630
1190,Otros profesionistas que desempeñan una ocupación afín a las comprendidas en este grupo,1,2991,Otros especialistas no clasificados anteriormente,1,299,1,29,1,2,TRUE,1,3232,1,0,4,590
5542,Oficiales de cubierta,1,8322,Oficiales y marineros de cubierta y prácticos,1,832,1,83,1,8,TRUE,1,3142,1,0,2,571
2131,Directivos de organizaciones empresariales,1,1133,Directores de organizaciones empresariales,1,113,1,11,1,1,FALSE,0,NA,1,0,3,514
2190,Otros trabajadores que desempeñan una ocupación afín a las comprendidas en este subgrupo,1,1999,"Otros directores, funcionarios, gerentes, coordinadores y jefes de área, no clasificados anteriormente",1,199,1,19,1,1,TRUE,1,1319,1,0,3,457
5205,Trabajadores en la elaboración de productos de tabaco,1,7515,"Trabajadores en la elaboración de productos a base de azúcar, chocolate, confitería y tabaco",1,751,1,75,1,7,TRUE,1,7412,1,0,2,450
1110,Físicos y astrónomos,1,2211,Investigadores y especialistas en física,1,221,1,22,1,2,TRUE,1,2111,1,0,4,448
1243,Técnicos en silvicultura y forestación,1,2614,"Auxiliares y técnicos en veterinaria, pesca y forestación",1,261,1,26,1,2,TRUE,1,3227,1,0,6,447
4139,Otros trabajadores que desempeñan una ocupación afín a las comprendidas en este subgrupo,2,6999|9121,"Otros trabajadores en actividades agrícolas, ganaderas, forestales, caza y pesca, no clasificados anteriormente || Trabajadores de apoyo en actividades silvícolas y forestales",2,NA,2,NA,2,NA,TRUE,2,NA,1,0,1,403
1165,Profesionistas en filosofía y letras,1,2141,Investigadores y especialistas en filosofía y letras (filólogos),1,214,1,21,1,2,FALSE,0,NA,1,0,3,381
1109,Otros profesionistas que desempeñan una ocupación afín a las comprendidas en este grupo,1,2991,Otros especialistas no clasificados anteriormente,1,299,1,29,1,2,TRUE,1,3232,1,0,2,376
1353,Profesores de lesionados del aparato motor,1,2343,Otros profesores de enseñanza especial,1,234,1,23,1,2,TRUE,1,2340,1,0,4,371
5129,Otros trabajadores que desempeñan una ocupación afín a las comprendidas en este grupo,1,7301,"Supervisores de artesanos y trabajadores en la elaboración de productos de madera, papel, textiles y de cuero y piel",1,730,1,73,1,7,TRUE,1,7313,1,1,1,371
8319,Otros trabajadores que desempeñan una ocupación afín a las comprendidas en este grupo,1,5999,"Otras ocupaciones en servicios personales y vigilancia, no clasificadas anteriormente",1,599,1,59,1,5,FALSE,0,NA,1,0,3,353
1229,Otros trabajadores que desempeñan una ocupación afín a las comprendidas en este grupo,1,2992,Otros técnicos no clasificados anteriormente,1,299,1,29,1,2,TRUE,1,3439,1,0,3,304
8310,Trabajadores de la fuerza armada aérea,2,5401|5411,Supervisores de las fuerzas armadas || Trabajadores de la fuerza armada aérea,2,NA,1,54,1,5,TRUE,2,NA,2,NA,3,292
1410,Compositores y arreglistas,1,2171,Compositores y arreglistas,1,217,1,21,1,2,TRUE,1,2453,1,0,3,286
5239,Otros trabajadores que desempeñan una ocupación afín a las comprendidas en este grupo,1,7999,"Otros trabajadores artesanales, no clasificados anteriormente",1,799,1,79,1,7,TRUE,1,7332,1,0,2,233
8139,Otros trabajadores que desempeñan una ocupación afín a las comprendidas en este grupo,1,5999,"Otras ocupaciones en servicios personales y vigilancia, no clasificadas anteriormente",1,599,1,59,1,5,FALSE,0,NA,1,0,2,222
1210,Técnicos en física,1,2611,"Auxiliares y técnicos en física, matemáticas, estadística y actuaría",1,261,1,26,1,2,TRUE,1,3434,1,0,2,218
5549,Otros trabajadores que desempeñan una ocupación afín a las comprendidas en este subgrupo,1,8999,"Otros operadores de maquinaria industrial, ensambladores y conductores de transporte, no clasificados anteriormente",1,899,1,89,1,8,TRUE,1,8290,1,0,3,207
2139,Otros trabajadores que desempeñan una ocupación afín a las comprendidas en este subgrupo,1,1999,"Otros directores, funcionarios, gerentes, coordinadores y jefes de área, no clasificados anteriormente",1,199,1,19,1,1,TRUE,1,1319,1,0,1,190
5349,Otros trabajadores que desempeñan una ocupación afín a las comprendidas en este grupo,1,8199,"Otros operadores de instalaciones y maquinaria fija industrial, no clasificados anteriormente",1,819,1,81,1,8,TRUE,1,8172,1,0,1,164
1169,Otros profesionistas que desempeñan una ocupación afín a las comprendidas en este grupo,1,2991,Otros especialistas no clasificados anteriormente,1,299,1,29,1,2,TRUE,1,3232,1,0,1,128
1209,Otros trabajadores que desempeñan una ocupación afín a las comprendidas en este grupo,1,2992,Otros técnicos no clasificados anteriormente,1,299,1,29,1,2,TRUE,1,3439,1,0,1,121
1153,Profesionistas en pesca y en acuacultura,1,2234,Especialistas en pesca y en acuacultura,1,223,1,22,1,2,FALSE,0,NA,1,0,2,100
1351,Profesores de débiles visuales e invidentes,1,2343,Otros profesores de enseñanza especial,1,234,1,23,1,2,TRUE,1,2340,1,0,1,93
1239,Otros trabajadores que desempeñan una ocupación afín a las comprendidas en este grupo,1,2992,Otros técnicos no clasificados anteriormente,1,299,1,29,1,2,TRUE,1,3439,1,0,1,58
5159,Otros trabajadores que desempeñan una ocupación afín a las comprendidas en este grupo,1,7601,"Supervisores de artesanos y trabajadores en la elaboración de productos de cerámica, vidrio, azulejo y similares",1,760,1,76,1,7,TRUE,1,7321,1,1,1,37
1106,Ingenieros biomédicos,1,2421,Ingenieros biomédicos,1,242,1,24,1,2,TRUE,1,2149,1,0,NA,NA
1119,Otros profesionistas que desempeñan una ocupación afín a las comprendidas en este grupo,1,2991,Otros especialistas no clasificados anteriormente,1,299,1,29,1,2,TRUE,1,3232,1,0,NA,NA
1129,Otros profesionistas que desempeñan una ocupación afín a las comprendidas en este grupo,1,2991,Otros especialistas no clasificados anteriormente,1,299,1,29,1,2,TRUE,1,3232,1,0,NA,NA
1139,Otros profesionistas que desempeñan una ocupación afín a las comprendidas en este subgrupo,1,2424,Especialistas en seguridad e higiene y salud pública,1,242,1,24,1,2,TRUE,1,3230,1,0,NA,NA
1142,Profesionistas en ciencias del mar y oceanógrafos,1,2221,Biólogos y especialistas en ciencias del mar y oceanógrafos,1,222,1,22,1,2,TRUE,1,2211,1,0,NA,NA
1149,Otros profesionistas que desempeñan una ocupación afín a las comprendidas en este grupo,1,2991,Otros especialistas no clasificados anteriormente,1,299,1,29,1,2,TRUE,1,3232,1,0,NA,NA
1159,Otros profesionistas que desempeñan una ocupación afín a las comprendidas en este grupo,1,2991,Otros especialistas no clasificados anteriormente,1,299,1,29,1,2,TRUE,1,3232,1,0,NA,NA
1179,Otros profesionistas que desempeñan una ocupación afín a las comprendidas en este grupo,1,2991,Otros especialistas no clasificados anteriormente,1,299,1,29,1,2,TRUE,1,3232,1,0,NA,NA
1219,Otros trabajadores que desempeñan una ocupación afín a las comprendidas en este grupo,1,2992,Otros técnicos no clasificados anteriormente,1,299,1,29,1,2,TRUE,1,3439,1,0,NA,NA
1242,Técnicos en pesca,1,2614,"Auxiliares y técnicos en veterinaria, pesca y forestación",1,261,1,26,1,2,TRUE,1,3227,1,0,NA,NA
1249,Otros trabajadores que desempeñan una ocupación afín a las comprendidas en este subgrupo,1,2614,"Auxiliares y técnicos en veterinaria, pesca y forestación",1,261,1,26,1,2,TRUE,1,3227,1,0,NA,NA
2119,Otros trabajadores que desempeñan una ocupación afín a las comprendidas en este subgrupo,1,1129,"Otros presidentes y directores generales, no clasificados anteriormente",1,112,1,11,1,1,TRUE,1,1239,1,0,NA,NA
4159,Otros trabajadores que desempeñan una ocupación afín a las comprendidas en este grupo,1,6999,"Otros trabajadores en actividades agrícolas, ganaderas, forestales, caza y pesca, no clasificados anteriormente",1,699,1,69,1,6,TRUE,1,6130,1,0,NA,NA
4169,Otros trabajadores que desempeñan una ocupación afín a las comprendidas en este grupo,1,6999,"Otros trabajadores en actividades agrícolas, ganaderas, forestales, caza y pesca, no clasificados anteriormente",1,699,1,69,1,6,TRUE,1,6130,1,0,NA,NA
5109,Otros trabajadores que desempeñan una ocupación afín a las comprendidas en este grupo,1,7501,"Supervisores de trabajadores en la elaboración y procesamiento de alimentos, bebidas y productos de tabaco",1,750,1,75,1,7,TRUE,1,7416,1,1,NA,NA
5119,Otros trabajadores que desempeñan una ocupación afín a las comprendidas en este grupo,1,8101,Supervisores de operadores de maquinaria industrial,1,810,1,81,1,8,TRUE,1,8111,1,1,NA,NA
5139,Otros trabajadores que desempeñan una ocupación afín a las comprendidas en este grupo,1,7301,"Supervisores de artesanos y trabajadores en la elaboración de productos de madera, papel, textiles y de cuero y piel",1,730,1,73,1,7,TRUE,1,7313,1,1,NA,NA
5149,Otros trabajadores que desempeñan una ocupación afín a las comprendidas en este subgrupo,1,2630,"Supervisores de mecánicos y técnicos en mantenimiento y reparación de equipos mecánicos, vehículos de motor, instrumentos industriales y equipo de refrigeración",1,263,1,26,1,2,TRUE,1,3115,1,1,NA,NA
5169,Otros trabajadores que desempeñan una ocupación afín a las comprendidas en este subgrupo,2,1615|1619,"Coordinadores y jefes de área en construcción, reparación y mantenimiento || Otros coordinadores y jefes de área en producción agropecuaria, industrial, construcción y mantenimiento, no clasificados anteriormente",1,161,1,16,1,1,FALSE,1,NA,1,0,NA,NA
5179,Otros trabajadores que desempeñan una ocupación afín a las comprendidas en este subgrupo,1,1613,Coordinadores y jefes de área en generación y provisión de energía eléctrica y agua,1,161,1,16,1,1,TRUE,1,1311,1,0,NA,NA
5189,Otros trabajadores que desempeñan una ocupación afín a las comprendidas en este subgrupo,1,1614,Coordinadores y jefes de área en producción manufacturera,1,161,1,16,1,1,TRUE,1,1312,1,0,NA,NA
5259,Otros trabajadores que desempeñan una ocupación afín a las comprendidas en este grupo,1,7999,"Otros trabajadores artesanales, no clasificados anteriormente",1,799,1,79,1,7,TRUE,1,7332,1,0,NA,NA
5279,Otros trabajadores que desempeñan una ocupación afín a las comprendidas en este grupo,1,2649,"Otros técnicos eléctricos, en electrónica y de equipos en telecomunicaciones y electromecánicos, no clasificados anteriormente",1,264,1,26,1,2,FALSE,0,NA,1,0,NA,NA
5305,Operadores de máquinas en la fabricación de productos de tabaco,1,8162,Operadores de máquinas en la elaboración de tabaco,1,816,1,81,1,8,TRUE,1,8279,1,0,NA,NA
5319,Otros trabajadores que desempeñan una ocupación afín a las comprendidas en este grupo,1,8199,"Otros operadores de instalaciones y maquinaria fija industrial, no clasificados anteriormente",1,819,1,81,1,8,TRUE,1,8172,1,0,NA,NA
5339,Otros trabajadores que desempeñan una ocupación afín a las comprendidas en este grupo,1,8199,"Otros operadores de instalaciones y maquinaria fija industrial, no clasificados anteriormente",1,819,1,81,1,8,TRUE,1,8172,1,0,NA,NA
5359,Otros trabajadores que desempeñan una ocupación afín a las comprendidas en este grupo,1,8199,"Otros operadores de instalaciones y maquinaria fija industrial, no clasificados anteriormente",1,819,1,81,1,8,TRUE,1,8172,1,0,NA,NA
5379,Otros trabajadores que desempeñan una ocupación afín a las comprendidas en este grupo,1,8199,"Otros operadores de instalaciones y maquinaria fija industrial, no clasificados anteriormente",1,819,1,81,1,8,TRUE,1,8172,1,0,NA,NA
5590,Otros trabajadores que desempeñan una ocupación afín a las comprendidas en este subgrupo,1,8999,"Otros operadores de maquinaria industrial, ensambladores y conductores de transporte, no clasificados anteriormente",1,899,1,89,1,8,TRUE,1,8290,1,0,NA,NA
6209,Otros trabajadores que desempeñan una ocupación afín a las comprendidas en este grupo,1,3999,"Otras secretarias, capturistas, cajeros y trabajadores que brindan información, no clasificados anteriormente",1,399,1,39,1,3,TRUE,1,4190,1,0,NA,NA
6219,Otros trabajadores que desempeñan una ocupación afín a las comprendidas en este grupo,1,3999,"Otras secretarias, capturistas, cajeros y trabajadores que brindan información, no clasificados anteriormente",1,399,1,39,1,3,TRUE,1,4190,1,0,NA,NA
6239,Otros trabajadores que desempeñan una ocupación afín a las comprendidas en este grupo,1,3999,"Otras secretarias, capturistas, cajeros y trabajadores que brindan información, no clasificados anteriormente",1,399,1,39,1,3,TRUE,1,4190,1,0,NA,NA
6249,Otros trabajadores que desempeñan una ocupación afín a las comprendidas en este grupo,1,3999,"Otras secretarias, capturistas, cajeros y trabajadores que brindan información, no clasificados anteriormente",1,399,1,39,1,3,TRUE,1,4190,1,0,NA,NA
6259,Otros trabajadores que desempeñan una ocupación afín a las comprendidas en este grupo,1,3999,"Otras secretarias, capturistas, cajeros y trabajadores que brindan información, no clasificados anteriormente",1,399,1,39,1,3,TRUE,1,4190,1,0,NA,NA
7135,Subastadores y rematadores,1,2514,"Valuadores, subastadores y rematadores",1,251,1,25,1,2,TRUE,1,3417,1,0,NA,NA
7139,Otros trabajadores que desempeñan una ocupación afín a las comprendidas en este grupo,1,4999,"Otros comerciantes, empleados en ventas y agentes de ventas en establecimientos, no clasificados anteriormente",1,499,1,49,1,4,TRUE,1,3413,1,0,NA,NA
7213,"Payasos, malabaristas y similares que se presentan en la vía pública",1,2553,"Payasos, mimos y cirqueros",1,255,1,25,1,2,TRUE,1,3474,1,0,NA,NA
8109,Otros trabajadores que desempeñan una ocupación afín a las comprendidas en este grupo,1,5999,"Otras ocupaciones en servicios personales y vigilancia, no clasificadas anteriormente",1,599,1,59,1,5,FALSE,0,NA,1,0,NA,NA
8119,Otros trabajadores que desempeñan una ocupación afín a las comprendidas en este grupo,1,5999,"Otras ocupaciones en servicios personales y vigilancia, no clasificadas anteriormente",1,599,1,59,1,5,FALSE,0,NA,1,0,NA,NA
8129,Otros trabajadores que desempeñan una ocupación afín a las comprendidas en este grupo,1,5999,"Otras ocupaciones en servicios personales y vigilancia, no clasificadas anteriormente",1,599,1,59,1,5,FALSE,0,NA,1,0,NA,NA
8309,Otros trabajadores que desempeñan una ocupación afín a las comprendidas en este grupo,1,5999,"Otras ocupaciones en servicios personales y vigilancia, no clasificadas anteriormente",1,599,1,59,1,5,FALSE,0,NA,1,0,NA,NA
8390,Otros trabajadores que desempeñan una ocupación afín a las comprendidas en este grupo,1,5999,"Otras ocupaciones en servicios personales y vigilancia, no clasificadas anteriormente",1,599,1,59,1,5,FALSE,0,NA,1,0,NA,NA
