"puente","anio","trim","salida","aplicable","registros_total","poblacion_total","registros_clasificados","registros_pendientes","poblacion_clasificada","cobertura_registros","cobertura_ponderada","ocupados_excluidos_peso"
"CMO_SINCO2011",2012,2,"sinco4d",TRUE,170325,48766853,146956,23369,42599308,0.862797592837223,0.873529977421344,0
"CMO_SINCO2011",2012,2,"sinco3d",TRUE,170325,48766853,157156,13169,45434174,0.922683105827095,0.931660978821004,0
"CMO_SINCO2011",2012,2,"sinco2d",TRUE,170325,48766853,157156,13169,45434174,0.922683105827095,0.931660978821004,0
"CMO_SINCO2011",2012,2,"sinco1d",TRUE,170325,48766853,170325,0,48766853,1,1,0
"CMO_SINCO2011",2012,2,"skill_level",TRUE,170325,48766853,170325,0,48766853,1,1,0
"CMO_SINCO2011",2012,2,"skill_actual",TRUE,170325,48766853,170240,85,48743627,0.999500954058418,0.999523733877189,0
"CMO_SINCO2011",2012,2,"mismatch",TRUE,170325,48766853,170240,85,48743627,0.999500954058418,0.999523733877189,0
"CMO_SINCO2011",2012,2,"esco_ref",TRUE,170325,48766853,170063,262,48685019,0.998461764274182,0.998321933957887,0
"CMO_SINCO2011",2012,2,"mismatch2",TRUE,170325,48766853,170063,262,48685019,0.998461764274182,0.998321933957887,0
"CMO_SINCO2011",2012,2,"grupo_ocu9_damian",TRUE,170325,48766853,170325,0,48766853,1,1,0
"CMO_SINCO2011",2012,2,"isco88_damian",TRUE,170325,48766853,150570,19755,43646929,0.884015852047556,0.895012212496058,0
"CMO_SINCO2011",2012,2,"clase_ocu_damian",TRUE,170325,48766853,170325,0,48766853,1,1,0
"CMO_SINCO2011",2012,2,"calificada_damian",TRUE,170325,48766853,170325,0,48766853,1,1,0
"CMO_SINCO2011",2012,2,"manual_damian",TRUE,170325,48766853,170325,0,48766853,1,1,0
"CMO_SINCO2011",2012,2,"supervisa_damian",TRUE,170325,48766853,169000,1325,48421080,0.992220754440041,0.992909671657509,0
"CMO_SINCO2011",2012,2,"clase_egp13_damian",TRUE,170325,48766853,170093,232,48704153,0.998637898135917,0.998714290626873,0
"CMO_SINCO2011",2012,2,"clase_egp7_damian",TRUE,170325,48766853,166100,4225,47593867,0.975194481138999,0.97594706387964,0
"CMO_SINCO2011",2012,2,"clase_alt6_damian",TRUE,170325,48766853,166183,4142,47592946,0.975681784823132,0.97592817810081,0
"CMO_SINCO2011",2012,2,"macro_egp4_damian",TRUE,170325,48766853,167287,3038,47929080,0.982163510934977,0.982820851696131,0
"CMO_SINCO2011",2012,2,"macro_solis4_damian",TRUE,170325,48766853,166627,3698,47730697,0.978288565976809,0.978752863138411,0
"CMO_SINCO2011",2012,2,"egp3_damian",TRUE,170325,48766853,167450,2875,47964003,0.98312050491707,0.983536973361804,0
"CMO_SINCO2011",2012,2,"baja_damian",TRUE,170325,48766853,169699,626,48602267,0.996324673418465,0.996625043654139,0
"CMO_SINCO2011",2012,2,"alta_damian",TRUE,170325,48766853,168251,2074,48188826,0.987823279025393,0.988147133463789,0
"CMO_SINCO2011",2012,2,"class_ocu",TRUE,170325,48766853,170087,238,48698565,0.99860267136357,0.998599704598531,0
"CMO_SINCO2011",2012,2,"isco_care",TRUE,170325,48766853,170087,238,48698565,0.99860267136357,0.998599704598531,0
"CMO_SINCO2011",2012,2,"care_industry",TRUE,170325,48766853,170300,25,48754002,0.999853221781888,0.999736480842838,0
"CMO_SINCO2011",2012,2,"care_w",TRUE,170325,48766853,170067,258,48688367,0.99848524878908,0.998390587147381,0
"CMO_SINCO2011",2012,2,"cuida_total",TRUE,170325,48766853,170067,258,48688367,0.99848524878908,0.998390587147381,0
"CMO_SINCO2011",2012,2,"cuida_1d",TRUE,170325,48766853,170067,258,48688367,0.99848524878908,0.998390587147381,0
"CMO_SINCO2011",2012,2,"trabajo_cuidado_mercado",TRUE,170325,48766853,170067,258,48688367,0.99848524878908,0.998390587147381,0
"CMO_SINCO2011",2012,2,"cuidado_posicion_remunerada",TRUE,170325,48766853,170067,258,48688367,0.99848524878908,0.998390587147381,0
"CMO_SINCO2011",2012,2,"cuidado_sin_pago",TRUE,170325,48766853,170067,258,48688367,0.99848524878908,0.998390587147381,0
"CMO_SINCO2011",2012,2,"susceptible_teletrabajo",FALSE,170325,48766853,0,170325,0,,,0
"SINCO2019_SINCO2011",2021,3,"sinco4d",TRUE,188379,56422329,186253,2126,55804453,0.988714240971658,0.989049087285993,0
"SINCO2019_SINCO2011",2021,3,"sinco3d",TRUE,188379,56422329,186253,2126,55804453,0.988714240971658,0.989049087285993,0
"SINCO2019_SINCO2011",2021,3,"sinco2d",TRUE,188379,56422329,186253,2126,55804453,0.988714240971658,0.989049087285993,0
"SINCO2019_SINCO2011",2021,3,"sinco1d",TRUE,188379,56422329,186253,2126,55804453,0.988714240971658,0.989049087285993,0
"SINCO2019_SINCO2011",2021,3,"skill_level",TRUE,188379,56422329,186253,2126,55804453,0.988714240971658,0.989049087285993,0
"SINCO2019_SINCO2011",2021,3,"skill_actual",TRUE,188379,56422329,188152,227,56362395,0.998794982455582,0.998937760970484,0
"SINCO2019_SINCO2011",2021,3,"mismatch",TRUE,188379,56422329,186028,2351,55744658,0.987519840321904,0.987989311820148,0
"SINCO2019_SINCO2011",2021,3,"esco_ref",TRUE,188379,56422329,185895,2484,55710586,0.986813816826716,0.987385437421415,0
"SINCO2019_SINCO2011",2021,3,"mismatch2",TRUE,188379,56422329,185895,2484,55710586,0.986813816826716,0.987385437421415,0
"SINCO2019_SINCO2011",2021,3,"grupo_ocu9_damian",TRUE,188379,56422329,186253,2126,55804453,0.988714240971658,0.989049087285993,0
"SINCO2019_SINCO2011",2021,3,"isco88_damian",TRUE,188379,56422329,186190,2189,55785031,0.988379808789727,0.988704861864174,0
"SINCO2019_SINCO2011",2021,3,"clase_ocu_damian",TRUE,188379,56422329,186253,2126,55804453,0.988714240971658,0.989049087285993,0
"SINCO2019_SINCO2011",2021,3,"calificada_damian",TRUE,188379,56422329,186253,2126,55804453,0.988714240971658,0.989049087285993,0
"SINCO2019_SINCO2011",2021,3,"manual_damian",TRUE,188379,56422329,186253,2126,55804453,0.988714240971658,0.989049087285993,0
"SINCO2019_SINCO2011",2021,3,"supervisa_damian",TRUE,188379,56422329,186253,2126,55804453,0.988714240971658,0.989049087285993,0
"SINCO2019_SINCO2011",2021,3,"clase_egp13_damian",TRUE,188379,56422329,186220,2159,55792932,0.988539062209694,0.988844895076912,0
"SINCO2019_SINCO2011",2021,3,"clase_egp7_damian",TRUE,188379,56422329,186220,2159,55792932,0.988539062209694,0.988844895076912,0
"SINCO2019_SINCO2011",2021,3,"clase_alt6_damian",TRUE,188379,56422329,186220,2159,55792932,0.988539062209694,0.988844895076912,0
"SINCO2019_SINCO2011",2021,3,"macro_egp4_damian",TRUE,188379,56422329,186220,2159,55792932,0.988539062209694,0.988844895076912,0
"SINCO2019_SINCO2011",2021,3,"macro_solis4_damian",TRUE,188379,56422329,186220,2159,55792932,0.988539062209694,0.988844895076912,0
"SINCO2019_SINCO2011",2021,3,"egp3_damian",TRUE,188379,56422329,186220,2159,55792932,0.988539062209694,0.988844895076912,0
"SINCO2019_SINCO2011",2021,3,"baja_damian",TRUE,188379,56422329,186220,2159,55792932,0.988539062209694,0.988844895076912,0
"SINCO2019_SINCO2011",2021,3,"alta_damian",TRUE,188379,56422329,186220,2159,55792932,0.988539062209694,0.988844895076912,0
"SINCO2019_SINCO2011",2021,3,"class_ocu",TRUE,188379,56422329,188270,109,56393289,0.999421379240786,0.99948531015088,0
"SINCO2019_SINCO2011",2021,3,"isco_care",TRUE,188379,56422329,188270,109,56393289,0.999421379240786,0.99948531015088,0
"SINCO2019_SINCO2011",2021,3,"care_industry",TRUE,188379,56422329,188227,152,56382310,0.9991931160055,0.999290724067771,0
"SINCO2019_SINCO2011",2021,3,"care_w",TRUE,188379,56422329,188146,233,56357455,0.998763131771588,0.998850206980999,0
"SINCO2019_SINCO2011",2021,3,"cuida_total",TRUE,188379,56422329,188146,233,56357455,0.998763131771588,0.998850206980999,0
"SINCO2019_SINCO2011",2021,3,"cuida_1d",TRUE,188379,56422329,188146,233,56357455,0.998763131771588,0.998850206980999,0
"SINCO2019_SINCO2011",2021,3,"trabajo_cuidado_mercado",TRUE,188379,56422329,188146,233,56357455,0.998763131771588,0.998850206980999,0
"SINCO2019_SINCO2011",2021,3,"cuidado_posicion_remunerada",TRUE,188379,56422329,188146,233,56357455,0.998763131771588,0.998850206980999,0
"SINCO2019_SINCO2011",2021,3,"cuidado_sin_pago",TRUE,188379,56422329,188146,233,56357455,0.998763131771588,0.998850206980999,0
"SINCO2019_SINCO2011",2021,3,"susceptible_teletrabajo",TRUE,188379,56422329,188379,0,56422329,1,1,0
