"escenario","anio","trim","salida","clasificacion","nivel_requerido","capas_decision","decision_phase","decision_ceiling","riesgo","recomendacion","aplicable","registros_total","registros_clasificados","registros_pendientes","poblacion_total","poblacion_clasificada","cobertura_registros","cobertura_ponderada","nota_medida"
"CMO_2012T2",2012,2,"sinco4d","SINCO 2011 a 4 digitos","4d","oficial+panel+enoe","integrated","todas_las_decisiones_aceptadas","alto","Filtrar por estado y regla; sensibilidad en CMO",TRUE,170325,146956,23369,48766853,42599308,0.862797592837223,0.873529977421344,"cobertura_de_salida_no_exactitud"
"CMO_2012T2",2012,2,"sinco3d","SINCO 2011 a 3 digitos","3d","oficial+panel+enoe","integrated","todas_las_decisiones_aceptadas","medio","Adecuado para analisis agregados",TRUE,170325,157156,13169,48766853,45434174,0.922683105827095,0.931660978821004,"cobertura_de_salida_no_exactitud"
"CMO_2012T2",2012,2,"sinco2d","SINCO 2011 a 2 digitos","2d","oficial+panel+enoe","integrated","todas_las_decisiones_aceptadas","medio","Adecuado para analisis agregados",TRUE,170325,157156,13169,48766853,45434174,0.922683105827095,0.931660978821004,"cobertura_de_salida_no_exactitud"
"CMO_2012T2",2012,2,"sinco1d","SINCO 2011 a 1 digito","1d","oficial+panel+enoe_historico","integrated","todas_las_decisiones_aceptadas","medio","No interpretar como equivalencia exacta en CMO",TRUE,170325,170325,0,48766853,48766853,1,1,"cobertura_de_salida_no_exactitud"
"CMO_2012T2",2012,2,"skill_level","Nivel de calificacion ocupacional","1d","puente_sinco","integrated","todas_las_decisiones_aceptadas","medio","Reportar calidad del SINCO de origen",TRUE,170325,170325,0,48766853,48766853,1,1,"cobertura_de_salida_no_exactitud"
"CMO_2012T2",2012,2,"mismatch","Desajuste educativo normativo","1d+educacion","puente_sinco","integrated","todas_las_decisiones_aceptadas","medio_alto","Reportar faltantes educativos y calidad ocupacional",TRUE,170325,170240,85,48766853,48743627,0.999500954058418,0.999523733877189,"cobertura_de_salida_no_exactitud"
"CMO_2012T2",2012,2,"mismatch2","Desajuste educativo estadistico","1d+educacion+referencia","puente_sinco","integrated","todas_las_decisiones_aceptadas","medio_alto","Documentar periodo y ponderacion de referencia",TRUE,170325,170063,262,48766853,48685019,0.998461764274182,0.998321933957887,"cobertura_de_salida_no_exactitud"
"CMO_2012T2",2012,2,"grupo_ocu9_damian","Gran grupo ocupacional Damian","1d","puente_general","integrated","todas_las_decisiones_aceptadas","bajo_medio","Salida amplia recomendada para toda la serie",TRUE,170325,170325,0,48766853,48766853,1,1,"cobertura_de_salida_no_exactitud"
"CMO_2012T2",2012,2,"isco88_damian","Correspondencia ISCO-88","4d","heredado+consenso_panel","integrated","todas_las_decisiones_aceptadas","alto","No presentar como correspondencia oficial",TRUE,170325,150570,19755,48766853,43646929,0.884015852047556,0.895012212496058,"cobertura_de_salida_no_exactitud"
"CMO_2012T2",2012,2,"clase_ocu_damian","Clase ocupacional Damian","1d_o_ISCO88","puente_general","integrated","todas_las_decisiones_aceptadas","bajo_medio","La recuperacion por gran grupo es una clase amplia",TRUE,170325,170325,0,48766853,48766853,1,1,"cobertura_de_salida_no_exactitud"
"CMO_2012T2",2012,2,"calificada_damian","Trabajo calificado","clase_ocupacional","puente_general","integrated","todas_las_decisiones_aceptadas","bajo_medio","Usar como clasificacion amplia",TRUE,170325,170325,0,48766853,48766853,1,1,"cobertura_de_salida_no_exactitud"
"CMO_2012T2",2012,2,"manual_damian","Trabajo manual","clase_ocupacional","puente_general","integrated","todas_las_decisiones_aceptadas","bajo_medio","Usar como clasificacion amplia",TRUE,170325,170325,0,48766853,48766853,1,1,"cobertura_de_salida_no_exactitud"
"CMO_2012T2",2012,2,"supervisa_damian","Supervision","4d_o_consenso","puente+consenso_panel","integrated","todas_las_decisiones_aceptadas","medio","No usar para deducir teletrabajo",TRUE,170325,169000,1325,48766853,48421080,0.992220754440041,0.992909671657509,"cobertura_de_salida_no_exactitud"
"CMO_2012T2",2012,2,"clase_egp13_damian","EGP13","4d+ISCO88+posicion+tamano","puente+consenso+rescate_oficial+reglas_enoe+legado_damian","integrated","todas_las_decisiones_aceptadas","alto","Estratificar por evidencia; legado_no_validado es una decision analitica",TRUE,170325,170093,232,48766853,48704153,0.998637898135917,0.998714290626873,"cobertura_de_salida_no_exactitud"
"CMO_2012T2",2012,2,"clase_egp7_damian","EGP7","EGP13","consenso_por_clasificacion","integrated","todas_las_decisiones_aceptadas","medio","Preferible a EGP13 cuando no se requiere detalle",TRUE,170325,166100,4225,48766853,47593867,0.975194481138999,0.97594706387964,"cobertura_de_salida_no_exactitud"
"CMO_2012T2",2012,2,"clase_alt6_damian","EGP alternativa de 6 clases","EGP13","consenso_por_clasificacion","integrated","todas_las_decisiones_aceptadas","medio","Preferible a EGP13 cuando no se requiere detalle",TRUE,170325,166183,4142,48766853,47592946,0.975681784823132,0.97592817810081,"cobertura_de_salida_no_exactitud"
"CMO_2012T2",2012,2,"macro_egp4_damian","Macro EGP4","EGP13","consenso_por_clasificacion","integrated","todas_las_decisiones_aceptadas","medio","Adecuada para comparaciones robustas",TRUE,170325,167287,3038,48766853,47929080,0.982163510934977,0.982820851696131,"cobertura_de_salida_no_exactitud"
"CMO_2012T2",2012,2,"macro_solis4_damian","Macro Solis4","EGP13","consenso_por_clasificacion","integrated","todas_las_decisiones_aceptadas","medio","Adecuada para comparaciones robustas",TRUE,170325,166627,3698,48766853,47730697,0.978288565976809,0.978752863138411,"cobertura_de_salida_no_exactitud"
"CMO_2012T2",2012,2,"egp3_damian","EGP de 3 clases","EGP13","consenso_por_clasificacion","integrated","todas_las_decisiones_aceptadas","medio","Adecuada para comparaciones robustas",TRUE,170325,167450,2875,48766853,47964003,0.98312050491707,0.983536973361804,"cobertura_de_salida_no_exactitud"
"CMO_2012T2",2012,2,"baja_damian","Indicador de clase baja","EGP13","consenso_por_clasificacion","integrated","todas_las_decisiones_aceptadas","medio","Reportar procedencia del consenso",TRUE,170325,169699,626,48766853,48602267,0.996324673418465,0.996625043654139,"cobertura_de_salida_no_exactitud"
"CMO_2012T2",2012,2,"alta_damian","Indicador de clase alta","EGP13","consenso_por_clasificacion","integrated","todas_las_decisiones_aceptadas","medio","Reportar procedencia del consenso",TRUE,170325,168251,2074,48766853,48188826,0.987823279025393,0.988147133463789,"cobertura_de_salida_no_exactitud"
"CMO_2012T2",2012,2,"class_ocu","Ocupacion del modulo de cuidado","puente_propio","puente_cuidado","integrated","todas_las_decisiones_aceptadas","medio","Usar solo para el constructo de cuidado",TRUE,170325,170087,238,48766853,48698565,0.99860267136357,0.998599704598531,"cobertura_de_salida_no_exactitud"
"CMO_2012T2",2012,2,"isco_care","ISCO del modulo de cuidado","puente_propio","puente_cuidado","integrated","todas_las_decisiones_aceptadas","medio","No sustituye ISCO88 Damian",TRUE,170325,170087,238,48766853,48698565,0.99860267136357,0.998599704598531,"cobertura_de_salida_no_exactitud"
"CMO_2012T2",2012,2,"care_industry","Industria de cuidado","SCIAN_p4a","reglas_cuidado","integrated","todas_las_decisiones_aceptadas","medio","Conservar actividad y procedencia",TRUE,170325,170300,25,48766853,48754002,0.999853221781888,0.999736480842838,"cobertura_de_salida_no_exactitud"
"CMO_2012T2",2012,2,"care_w","Clasificacion de cuidado","ocupacion+actividad","reglas_cuidado","integrated","todas_las_decisiones_aceptadas","medio","Usar con variables auxiliares observadas",TRUE,170325,170067,258,48766853,48688367,0.99848524878908,0.998390587147381,"cobertura_de_salida_no_exactitud"
"CMO_2012T2",2012,2,"trabajo_cuidado_mercado","Trabajo de cuidado de mercado","ocupacion+actividad","reglas_cuidado","integrated","todas_las_decisiones_aceptadas","medio","Usar con variables auxiliares observadas",TRUE,170325,170067,258,48766853,48688367,0.99848524878908,0.998390587147381,"cobertura_de_salida_no_exactitud"
"CMO_2012T2",2012,2,"susceptible_teletrabajo","Susceptibilidad de teletrabajo","4d_observado","lista_teletrabajo","integrated","todas_las_decisiones_aceptadas","no_aplicable","Solo desde 2012-T3; validar codigos especiales",FALSE,170325,0,170325,48766853,0,,,"cobertura_de_salida_no_exactitud"
"SINCO2019_2021T3",2021,3,"sinco4d","SINCO 2011 a 4 digitos","4d","oficial+panel+enoe","integrated","todas_las_decisiones_aceptadas","bajo_medio","Filtrar por estado y regla; sensibilidad en CMO",TRUE,188379,186253,2126,56422329,55804453,0.988714240971658,0.989049087285993,"cobertura_de_salida_no_exactitud"
"SINCO2019_2021T3",2021,3,"sinco3d","SINCO 2011 a 3 digitos","3d","oficial+panel+enoe","integrated","todas_las_decisiones_aceptadas","bajo_medio","Adecuado para analisis agregados",TRUE,188379,186253,2126,56422329,55804453,0.988714240971658,0.989049087285993,"cobertura_de_salida_no_exactitud"
"SINCO2019_2021T3",2021,3,"sinco2d","SINCO 2011 a 2 digitos","2d","oficial+panel+enoe","integrated","todas_las_decisiones_aceptadas","bajo_medio","Adecuado para analisis agregados",TRUE,188379,186253,2126,56422329,55804453,0.988714240971658,0.989049087285993,"cobertura_de_salida_no_exactitud"
"SINCO2019_2021T3",2021,3,"sinco1d","SINCO 2011 a 1 digito","1d","oficial+panel+enoe_historico","integrated","todas_las_decisiones_aceptadas","bajo_medio","No interpretar como equivalencia exacta en CMO",TRUE,188379,186253,2126,56422329,55804453,0.988714240971658,0.989049087285993,"cobertura_de_salida_no_exactitud"
"SINCO2019_2021T3",2021,3,"skill_level","Nivel de calificacion ocupacional","1d","puente_sinco","integrated","todas_las_decisiones_aceptadas","bajo_medio","Reportar calidad del SINCO de origen",TRUE,188379,186253,2126,56422329,55804453,0.988714240971658,0.989049087285993,"cobertura_de_salida_no_exactitud"
"SINCO2019_2021T3",2021,3,"mismatch","Desajuste educativo normativo","1d+educacion","puente_sinco","integrated","todas_las_decisiones_aceptadas","medio","Reportar faltantes educativos y calidad ocupacional",TRUE,188379,186028,2351,56422329,55744658,0.987519840321904,0.987989311820148,"cobertura_de_salida_no_exactitud"
"SINCO2019_2021T3",2021,3,"mismatch2","Desajuste educativo estadistico","1d+educacion+referencia","puente_sinco","integrated","todas_las_decisiones_aceptadas","medio","Documentar periodo y ponderacion de referencia",TRUE,188379,185895,2484,56422329,55710586,0.986813816826716,0.987385437421415,"cobertura_de_salida_no_exactitud"
"SINCO2019_2021T3",2021,3,"grupo_ocu9_damian","Gran grupo ocupacional Damian","1d","puente_general","integrated","todas_las_decisiones_aceptadas","bajo_medio","Salida amplia recomendada para toda la serie",TRUE,188379,186253,2126,56422329,55804453,0.988714240971658,0.989049087285993,"cobertura_de_salida_no_exactitud"
"SINCO2019_2021T3",2021,3,"isco88_damian","Correspondencia ISCO-88","4d","heredado+consenso_panel","integrated","todas_las_decisiones_aceptadas","medio","No presentar como correspondencia oficial",TRUE,188379,186190,2189,56422329,55785031,0.988379808789727,0.988704861864174,"cobertura_de_salida_no_exactitud"
"SINCO2019_2021T3",2021,3,"clase_ocu_damian","Clase ocupacional Damian","1d_o_ISCO88","puente_general","integrated","todas_las_decisiones_aceptadas","bajo_medio","La recuperacion por gran grupo es una clase amplia",TRUE,188379,186253,2126,56422329,55804453,0.988714240971658,0.989049087285993,"cobertura_de_salida_no_exactitud"
"SINCO2019_2021T3",2021,3,"calificada_damian","Trabajo calificado","clase_ocupacional","puente_general","integrated","todas_las_decisiones_aceptadas","bajo_medio","Usar como clasificacion amplia",TRUE,188379,186253,2126,56422329,55804453,0.988714240971658,0.989049087285993,"cobertura_de_salida_no_exactitud"
"SINCO2019_2021T3",2021,3,"manual_damian","Trabajo manual","clase_ocupacional","puente_general","integrated","todas_las_decisiones_aceptadas","bajo_medio","Usar como clasificacion amplia",TRUE,188379,186253,2126,56422329,55804453,0.988714240971658,0.989049087285993,"cobertura_de_salida_no_exactitud"
"SINCO2019_2021T3",2021,3,"supervisa_damian","Supervision","4d_o_consenso","puente+consenso_panel","integrated","todas_las_decisiones_aceptadas","bajo_medio","No usar para deducir teletrabajo",TRUE,188379,186253,2126,56422329,55804453,0.988714240971658,0.989049087285993,"cobertura_de_salida_no_exactitud"
"SINCO2019_2021T3",2021,3,"clase_egp13_damian","EGP13","4d+ISCO88+posicion+tamano","puente+consenso+rescate_oficial+reglas_enoe+legado_damian","integrated","todas_las_decisiones_aceptadas","medio","Estratificar por evidencia; legado_no_validado es una decision analitica",TRUE,188379,186220,2159,56422329,55792932,0.988539062209694,0.988844895076912,"cobertura_de_salida_no_exactitud"
"SINCO2019_2021T3",2021,3,"clase_egp7_damian","EGP7","EGP13","consenso_por_clasificacion","integrated","todas_las_decisiones_aceptadas","bajo_medio","Preferible a EGP13 cuando no se requiere detalle",TRUE,188379,186220,2159,56422329,55792932,0.988539062209694,0.988844895076912,"cobertura_de_salida_no_exactitud"
"SINCO2019_2021T3",2021,3,"clase_alt6_damian","EGP alternativa de 6 clases","EGP13","consenso_por_clasificacion","integrated","todas_las_decisiones_aceptadas","bajo_medio","Preferible a EGP13 cuando no se requiere detalle",TRUE,188379,186220,2159,56422329,55792932,0.988539062209694,0.988844895076912,"cobertura_de_salida_no_exactitud"
"SINCO2019_2021T3",2021,3,"macro_egp4_damian","Macro EGP4","EGP13","consenso_por_clasificacion","integrated","todas_las_decisiones_aceptadas","bajo_medio","Adecuada para comparaciones robustas",TRUE,188379,186220,2159,56422329,55792932,0.988539062209694,0.988844895076912,"cobertura_de_salida_no_exactitud"
"SINCO2019_2021T3",2021,3,"macro_solis4_damian","Macro Solis4","EGP13","consenso_por_clasificacion","integrated","todas_las_decisiones_aceptadas","bajo_medio","Adecuada para comparaciones robustas",TRUE,188379,186220,2159,56422329,55792932,0.988539062209694,0.988844895076912,"cobertura_de_salida_no_exactitud"
"SINCO2019_2021T3",2021,3,"egp3_damian","EGP de 3 clases","EGP13","consenso_por_clasificacion","integrated","todas_las_decisiones_aceptadas","bajo_medio","Adecuada para comparaciones robustas",TRUE,188379,186220,2159,56422329,55792932,0.988539062209694,0.988844895076912,"cobertura_de_salida_no_exactitud"
"SINCO2019_2021T3",2021,3,"baja_damian","Indicador de clase baja","EGP13","consenso_por_clasificacion","integrated","todas_las_decisiones_aceptadas","bajo_medio","Reportar procedencia del consenso",TRUE,188379,186220,2159,56422329,55792932,0.988539062209694,0.988844895076912,"cobertura_de_salida_no_exactitud"
"SINCO2019_2021T3",2021,3,"alta_damian","Indicador de clase alta","EGP13","consenso_por_clasificacion","integrated","todas_las_decisiones_aceptadas","bajo_medio","Reportar procedencia del consenso",TRUE,188379,186220,2159,56422329,55792932,0.988539062209694,0.988844895076912,"cobertura_de_salida_no_exactitud"
"SINCO2019_2021T3",2021,3,"class_ocu","Ocupacion del modulo de cuidado","puente_propio","puente_cuidado","integrated","todas_las_decisiones_aceptadas","medio","Usar solo para el constructo de cuidado",TRUE,188379,188270,109,56422329,56393289,0.999421379240786,0.99948531015088,"cobertura_de_salida_no_exactitud"
"SINCO2019_2021T3",2021,3,"isco_care","ISCO del modulo de cuidado","puente_propio","puente_cuidado","integrated","todas_las_decisiones_aceptadas","medio","No sustituye ISCO88 Damian",TRUE,188379,188270,109,56422329,56393289,0.999421379240786,0.99948531015088,"cobertura_de_salida_no_exactitud"
"SINCO2019_2021T3",2021,3,"care_industry","Industria de cuidado","SCIAN_p4a","reglas_cuidado","integrated","todas_las_decisiones_aceptadas","medio","Conservar actividad y procedencia",TRUE,188379,188227,152,56422329,56382310,0.9991931160055,0.999290724067771,"cobertura_de_salida_no_exactitud"
"SINCO2019_2021T3",2021,3,"care_w","Clasificacion de cuidado","ocupacion+actividad","reglas_cuidado","integrated","todas_las_decisiones_aceptadas","medio","Usar con variables auxiliares observadas",TRUE,188379,188146,233,56422329,56357455,0.998763131771588,0.998850206980999,"cobertura_de_salida_no_exactitud"
"SINCO2019_2021T3",2021,3,"trabajo_cuidado_mercado","Trabajo de cuidado de mercado","ocupacion+actividad","reglas_cuidado","integrated","todas_las_decisiones_aceptadas","medio","Usar con variables auxiliares observadas",TRUE,188379,188146,233,56422329,56357455,0.998763131771588,0.998850206980999,"cobertura_de_salida_no_exactitud"
"SINCO2019_2021T3",2021,3,"susceptible_teletrabajo","Susceptibilidad de teletrabajo","4d_observado","lista_teletrabajo","integrated","todas_las_decisiones_aceptadas","medio","Solo desde 2012-T3; validar codigos especiales",TRUE,188379,188379,0,56422329,56422329,1,1,"cobertura_de_salida_no_exactitud"
