"categoria_evidencia_egp13","regla_consenso_clase_egp13_damian","registros","poblacion","puente","anio","trim"
"clasificacion_base",,147034,42620142,"CMO_SINCO2011",2012,2
"consenso_oficial","RESCATE_EGP_5246",433,125561,"CMO_SINCO2011",2012,2
"consenso_oficial","RESCATE_EGP_8100",1456,387756,"CMO_SINCO2011",2012,2
"panel","CONSENSO_PANEL_1072",1508,454543,"CMO_SINCO2011",2012,2
"panel","CONSENSO_PANEL_0899",657,186122,"CMO_SINCO2011",2012,2
"panel","CONSENSO_PANEL_1056",3574,824847,"CMO_SINCO2011",2012,2
"panel","CONSENSO_PANEL_1026",1479,390004,"CMO_SINCO2011",2012,2
"panel","CONSENSO_PANEL_0939",362,87025,"CMO_SINCO2011",2012,2
"pendiente",,232,62700,"CMO_SINCO2011",2012,2
"panel","CONSENSO_PANEL_1046",117,38695,"CMO_SINCO2011",2012,2
"panel","CONSENSO_PANEL_1071",541,143163,"CMO_SINCO2011",2012,2
"consenso_oficial","RESCATE_EGP_2124",456,127106,"CMO_SINCO2011",2012,2
"panel","CONSENSO_PANEL_1052",735,201084,"CMO_SINCO2011",2012,2
"panel","CONSENSO_PANEL_0930",299,101620,"CMO_SINCO2011",2012,2
"panel","CONSENSO_PANEL_0914",664,166429,"CMO_SINCO2011",2012,2
"panel","CONSENSO_PANEL_0935",421,137177,"CMO_SINCO2011",2012,2
"consenso_oficial","RESCATE_EGP_6260",174,54708,"CMO_SINCO2011",2012,2
"consenso_oficial","RESCATE_EGP_5400",255,63961,"CMO_SINCO2011",2012,2
"consenso_oficial","RESCATE_EGP_6150",128,43527,"CMO_SINCO2011",2012,2
"consenso_oficial","RESCATE_EGP_6160",612,171457,"CMO_SINCO2011",2012,2
"panel","CONSENSO_PANEL_0951",506,123190,"CMO_SINCO2011",2012,2
"consenso_oficial","RESCATE_EGP_2100",22,4550,"CMO_SINCO2011",2012,2
"consenso_oficial","RESCATE_EGP_2123",96,31195,"CMO_SINCO2011",2012,2
"panel","CONSENSO_PANEL_0937",264,60443,"CMO_SINCO2011",2012,2
"panel","CONSENSO_PANEL_1053",150,39167,"CMO_SINCO2011",2012,2
"panel","CONSENSO_PANEL_0898",318,89773,"CMO_SINCO2011",2012,2
"panel_semantico","ENOE_EGP_1204_P4A8112",188,51834,"CMO_SINCO2011",2012,2
"panel","CONSENSO_PANEL_0917",130,31305,"CMO_SINCO2011",2012,2
"panel","CONSENSO_PANEL_0929",134,35768,"CMO_SINCO2011",2012,2
"panel","CONSENSO_PANEL_0925",152,30543,"CMO_SINCO2011",2012,2
"consenso_oficial","RESCATE_EGP_2125",141,33429,"CMO_SINCO2011",2012,2
"panel","CONSENSO_PANEL_1044",197,40424,"CMO_SINCO2011",2012,2
"panel","ENOE_EGP_7201_P4A4690_P4F2",571,123300,"CMO_SINCO2011",2012,2
"consenso_oficial","RESCATE_EGP_6101",38,13103,"CMO_SINCO2011",2012,2
"consenso_oficial","RESCATE_EGP_4170",106,29736,"CMO_SINCO2011",2012,2
"consenso_oficial","RESCATE_EGP_6110",67,18789,"CMO_SINCO2011",2012,2
"consenso_oficial","RESCATE_EGP_6121",46,11550,"CMO_SINCO2011",2012,2
"consenso_oficial","RESCATE_EGP_6100",23,4046,"CMO_SINCO2011",2012,2
"consenso_oficial","RESCATE_EGP_5111",52,10227,"CMO_SINCO2011",2012,2
"consenso_oficial","RESCATE_EGP_2133",18,3798,"CMO_SINCO2011",2012,2
"consenso_oficial","RESCATE_EGP_5410",48,7842,"CMO_SINCO2011",2012,2
"panel","CONSENSO_PANEL_0938",93,24641,"CMO_SINCO2011",2012,2
"consenso_oficial","RESCATE_EGP_1423",49,14677,"CMO_SINCO2011",2012,2
"consenso_oficial","RESCATE_EGP_5249",17,5042,"CMO_SINCO2011",2012,2
"consenso_oficial","RESCATE_EGP_4160",50,8027,"CMO_SINCO2011",2012,2
"consenso_oficial","RESCATE_EGP_5159",1,37,"CMO_SINCO2011",2012,2
"panel","CONSENSO_PANEL_0987",2,926,"CMO_SINCO2011",2012,2
"consenso_oficial","RESCATE_EGP_6130",17,6841,"CMO_SINCO2011",2012,2
"consenso_oficial","RESCATE_EGP_5380",2,356,"CMO_SINCO2011",2012,2
"consenso_oficial","RESCATE_EGP_7121",1,445,"CMO_SINCO2011",2012,2
"clasificacion_base",,186220,55792932,"SINCO2019_SINCO2011",2021,3
"pendiente",,2159,629397,"SINCO2019_SINCO2011",2021,3
"legado_no_validado","LEGADO_DAMIAN_EGP_7201",980,288199,"CMO_SINCO2011",2012,2
"legado_no_validado","LEGADO_DAMIAN_EGP_5141",589,162091,"CMO_SINCO2011",2012,2
"legado_no_validado","LEGADO_DAMIAN_EGP_1250",421,98103,"CMO_SINCO2011",2012,2
"legado_no_validado","LEGADO_DAMIAN_EGP_6101",402,79900,"CMO_SINCO2011",2012,2
"legado_no_validado","LEGADO_DAMIAN_EGP_1204",393,101505,"CMO_SINCO2011",2012,2
"legado_no_validado","LEGADO_DAMIAN_EGP_6110",286,79047,"CMO_SINCO2011",2012,2
"legado_no_validado","LEGADO_DAMIAN_EGP_7121",441,117122,"CMO_SINCO2011",2012,2
"legado_no_validado","LEGADO_DAMIAN_EGP_8150",340,98871,"CMO_SINCO2011",2012,2
"legado_no_validado","LEGADO_DAMIAN_EGP_1230",226,57892,"CMO_SINCO2011",2012,2
"legado_no_validado","LEGADO_DAMIAN_EGP_2121",215,46563,"CMO_SINCO2011",2012,2
"legado_no_validado","LEGADO_DAMIAN_EGP_4120",207,47014,"CMO_SINCO2011",2012,2
"legado_no_validado","LEGADO_DAMIAN_EGP_4109",187,43443,"CMO_SINCO2011",2012,2
"legado_no_validado","LEGADO_DAMIAN_EGP_6121",148,52344,"CMO_SINCO2011",2012,2
"legado_no_validado","LEGADO_DAMIAN_EGP_6180",180,49985,"CMO_SINCO2011",2012,2
"legado_no_validado","LEGADO_DAMIAN_EGP_5100",209,65204,"CMO_SINCO2011",2012,2
"legado_no_validado","LEGADO_DAMIAN_EGP_5380",124,47935,"CMO_SINCO2011",2012,2
"legado_no_validado","LEGADO_DAMIAN_EGP_4119",65,18905,"CMO_SINCO2011",2012,2
"legado_no_validado","LEGADO_DAMIAN_EGP_4134",76,21151,"CMO_SINCO2011",2012,2
"legado_no_validado","LEGADO_DAMIAN_EGP_5170",62,17410,"CMO_SINCO2011",2012,2
"legado_no_validado","LEGADO_DAMIAN_EGP_8311",50,8655,"CMO_SINCO2011",2012,2
"legado_no_validado","LEGADO_DAMIAN_EGP_2126",25,4548,"CMO_SINCO2011",2012,2
"legado_no_validado","LEGADO_DAMIAN_EGP_4151",29,10491,"CMO_SINCO2011",2012,2
"legado_no_validado","LEGADO_DAMIAN_EGP_2125",22,4496,"CMO_SINCO2011",2012,2
"legado_no_validado","LEGADO_DAMIAN_EGP_4170",8,2653,"CMO_SINCO2011",2012,2
"legado_no_validado","LEGADO_DAMIAN_EGP_8310",3,292,"CMO_SINCO2011",2012,2
"legado_no_validado","LEGADO_DAMIAN_EGP_4139",1,403,"CMO_SINCO2011",2012,2
