auxiliary_type,source_code,auxiliary_value,target_code,pair_n,train_pair_n,validation_pair_n,forward_share,reverse_share,train_forward_share,validation_forward_share,train_reverse_share,validation_reverse_share,pooled_reciprocal,pooled_majority,split_sample,split_reciprocal,split_majority,passes,screen_result
p4a_key,1230,2122,2612,1,1,,0.5081632653061224,1,0.5081632653061224,,1,,TRUE,TRUE,FALSE,,,FALSE,fewer_than_5_pairs_in_train_or_validation
p4a_key,1230,3130,2813,1,,1,1,1,,1,,1,TRUE,TRUE,FALSE,,,FALSE,fewer_than_5_pairs_in_train_or_validation
p4a_key,1230,3250,2612,1,,1,0.20698254364089774,1,,0.20698254364089774,,1,FALSE,FALSE,FALSE,FALSE,FALSE,FALSE,not_reciprocal_unique_mode
p4a_key,1230,5411,2612,2,1,1,0.2,1,1,0.09156193895870736,1,1,FALSE,FALSE,FALSE,FALSE,FALSE,FALSE,not_reciprocal_unique_mode
p4a_key,1230,5613,2827,6,3,3,1,0.7955736750145603,1,1,1,0.743608473338203,TRUE,TRUE,FALSE,TRUE,TRUE,FALSE,fewer_than_5_pairs_in_train_or_validation
p4a_key,1230,6132,2612,2,1,1,0.5356415478615071,1,0.4271356783919598,1,1,1,TRUE,TRUE,FALSE,FALSE,FALSE,FALSE,fewer_than_5_pairs_in_train_or_validation
p4a_key,1230,6211,2813,5,4,1,0.8102189781021898,0.9650468883205456,1,0.3384223918575064,0.9604628736740598,1,TRUE,TRUE,FALSE,FALSE,FALSE,FALSE,fewer_than_5_pairs_in_train_or_validation
p4a_key,1230,6212,2813,1,1,,0.9559286463798531,1,0.9559286463798531,,1,,TRUE,TRUE,FALSE,,,FALSE,fewer_than_5_pairs_in_train_or_validation
p4a_key,1230,6221,2813,1,,1,0.31413612565445026,1,,1,,1,FALSE,FALSE,FALSE,,,FALSE,not_reciprocal_unique_mode
p4a_key,1230,6222,2813,9,4,5,0.49859227028410547,1,0.795906432748538,0.26718252162039147,1,1,TRUE,FALSE,FALSE,FALSE,FALSE,FALSE,not_strict_majority_pooled
p4a_key,1230,6222,2612,1,1,,0.041975940619401075,0.8461538461538461,0.09590643274853801,,0.8461538461538461,,FALSE,FALSE,FALSE,FALSE,FALSE,FALSE,not_reciprocal_unique_mode
p4a_key,1230,9312,2827,1,,1,0.4144736842105263,0.17333333333333334,,0.6450511945392492,,0.7679324894514767,FALSE,FALSE,FALSE,,,FALSE,not_reciprocal_unique_mode
p4a_key,1230,9312,2612,1,1,,0.3574561403508772,0.14828209764918626,1,,1,,FALSE,FALSE,FALSE,,,FALSE,not_reciprocal_unique_mode
p4a_key,1230,9313,2813,2,1,1,0.2961038961038961,1,0.25245441795231416,0.3217821782178218,1,1,TRUE,FALSE,FALSE,FALSE,FALSE,FALSE,not_strict_majority_pooled
p4a_key,1230,9313,2827,2,1,1,0.2109090909090909,0.23853211009174313,0.08415147265077139,0.2854785478547855,0.04675963904840033,1,FALSE,FALSE,FALSE,FALSE,FALSE,FALSE,not_reciprocal_unique_mode
p4a_p4f,1230,5613|8,2827,3,1,2,1,1,1,1,1,1,TRUE,TRUE,FALSE,TRUE,TRUE,FALSE,fewer_than_5_pairs_in_train_or_validation
p4f_key,1230,8,2827,3,1,2,1,1,1,1,1,1,TRUE,TRUE,FALSE,TRUE,TRUE,FALSE,fewer_than_5_pairs_in_train_or_validation
scian_key,1230,12,2612,2,1,1,0.1794326241134752,1,0.5101351351351351,0.09156193895870736,1,1,FALSE,FALSE,FALSE,FALSE,FALSE,FALSE,not_reciprocal_unique_mode
scian_key,1230,14,2827,6,3,3,1,0.7955736750145603,1,1,1,0.743608473338203,TRUE,TRUE,FALSE,TRUE,TRUE,FALSE,fewer_than_5_pairs_in_train_or_validation
scian_key,1230,15,2612,2,1,1,0.1357769747031492,1,0.4271356783919598,0.06042884990253411,1,1,FALSE,FALSE,FALSE,FALSE,FALSE,FALSE,not_reciprocal_unique_mode
scian_key,1230,16,2813,16,9,7,0.6274723563307896,0.9901014002897152,0.8615751789976134,0.2943396226415094,0.987779433681073,1,TRUE,TRUE,TRUE,TRUE,FALSE,FALSE,not_strict_majority_in_all_splits
scian_key,1230,16,2612,1,1,,0.02554119296059804,0.8461538461538461,0.04348979050649695,,0.8461538461538461,,FALSE,FALSE,FALSE,FALSE,FALSE,FALSE,not_reciprocal_unique_mode
scian_key,1230,2,2612,1,1,,0.5081632653061224,1,0.5081632653061224,,1,,TRUE,TRUE,FALSE,,,FALSE,fewer_than_5_pairs_in_train_or_validation
scian_key,1230,20,2827,3,1,2,0.23838141025641027,0.21195652173913043,0.060544904137235116,0.3554817275747508,0.028051181102362203,0.8988970588235294,FALSE,FALSE,FALSE,FALSE,FALSE,FALSE,not_reciprocal_unique_mode
scian_key,1230,20,2813,2,1,1,0.2283653846153846,1,0.18163471241170534,0.2591362126245847,1,1,FALSE,FALSE,FALSE,FALSE,FALSE,FALSE,not_reciprocal_unique_mode
scian_key,1230,20,2612,1,1,,0.06530448717948718,0.13816343723673125,0.16448032290615539,,0.6693877551020408,,FALSE,FALSE,FALSE,FALSE,FALSE,FALSE,not_reciprocal_unique_mode
scian_key,1230,5,2813,1,,1,0.06711409395973154,1,,0.09442870632672333,,1,FALSE,FALSE,FALSE,FALSE,FALSE,FALSE,not_reciprocal_unique_mode
scian_key,1230,5,2612,1,,1,0.05570469798657718,0.5035714285714286,,0.07837582625118036,,0.7921348314606742,FALSE,FALSE,FALSE,FALSE,FALSE,FALSE,not_reciprocal_unique_mode
scian_p4f,1230,14|8,2827,3,1,2,1,1,1,1,1,1,TRUE,TRUE,FALSE,TRUE,TRUE,FALSE,fewer_than_5_pairs_in_train_or_validation
p4a_key,1250,5411,2532,5,3,2,0.13203631647211414,0.21500419111483654,0.152732368052312,0.10618436406067679,0.19866747425802544,0.25170068027210885,FALSE,FALSE,FALSE,FALSE,FALSE,FALSE,not_reciprocal_unique_mode
p4a_key,1250,6112,2531,7,5,2,0.3865194211728865,0.5060120240480962,0.8131578947368421,0.059219380888290714,0.48457919498170415,1,TRUE,FALSE,FALSE,FALSE,FALSE,FALSE,not_strict_majority_pooled
p4a_key,1250,6112,2711,1,,1,0.3316831683168317,0.586570111915734,,0.5861372812920592,,0.586570111915734,FALSE,FALSE,FALSE,,,FALSE,not_reciprocal_unique_mode
p4a_key,1250,6142,2531,1,1,,1,1,1,,1,,TRUE,TRUE,FALSE,,,FALSE,fewer_than_5_pairs_in_train_or_validation
p4a_key,1250,9311,2532,1,1,,0.5193370165745856,0.48717948717948717,0.5193370165745856,,0.48717948717948717,,FALSE,FALSE,FALSE,FALSE,FALSE,FALSE,not_reciprocal_unique_mode
p4a_key,1250,9312,2531,9,8,1,0.3494525547445255,0.5111695137976346,0.4463169339494428,0.1515824541921155,0.6174884437596302,0.28287841191067,FALSE,FALSE,FALSE,FALSE,FALSE,FALSE,not_reciprocal_unique_mode
p4a_key,1250,9313,2531,10,2,8,0.18701633705932932,0.26861590239798067,0.05222171323866239,0.41232771822358344,0.10426966292134832,0.41320680110715696,FALSE,FALSE,FALSE,FALSE,FALSE,FALSE,not_reciprocal_unique_mode
p4a_key,1250,9313,2532,4,2,2,0.055030094582975066,0.31102661596958175,0.0423728813559322,0.07618683001531394,0.7796610169491526,0.20852641334569044,FALSE,FALSE,FALSE,FALSE,FALSE,FALSE,not_reciprocal_unique_mode
p4a_key,1250,9313,2711,1,,1,0.023215821152192607,0.26151315789473684,,0.062021439509954056,,0.5802919708029197,FALSE,FALSE,FALSE,FALSE,FALSE,FALSE,not_reciprocal_unique_mode
p4a_key,1250,9314,2531,4,3,1,0.3434004474272931,0.5693916349809885,0.2990074441687345,0.75,0.6875871687587168,0.3164179104477612,TRUE,FALSE,FALSE,FALSE,FALSE,FALSE,not_strict_majority_pooled
p4a_key,1250,9700,2531,1,,1,1,1,,1,,1,TRUE,TRUE,FALSE,,,FALSE,fewer_than_5_pairs_in_train_or_validation
scian_key,1250,12,2532,5,3,2,0.13203631647211414,0.21500419111483654,0.152732368052312,0.10618436406067679,0.19866747425802544,0.25170068027210885,FALSE,FALSE,FALSE,FALSE,FALSE,FALSE,not_reciprocal_unique_mode
scian_key,1250,15,2531,8,6,2,0.42503604036520903,0.6394881170018282,0.6641643619122877,0.0539546290619252,0.6282051282051282,1,TRUE,FALSE,FALSE,FALSE,FALSE,FALSE,not_strict_majority_pooled
scian_key,1250,15,2711,1,,1,0.20927438731379144,0.49472515269294837,,0.5340282035561006,,0.5275310834813499,FALSE,FALSE,FALSE,,,FALSE,not_reciprocal_unique_mode
scian_key,1250,20,2531,23,13,10,0.2657517155333749,0.3975652897721361,0.23907298231347834,0.32294617563739375,0.42036836403033584,0.36656027498158605,TRUE,FALSE,TRUE,FALSE,FALSE,FALSE,not_strict_majority_pooled
scian_key,1250,20,2532,5,3,2,0.03313232134192833,0.25162256615077383,0.028359422646879448,0.04336456744388756,0.47048903878583476,0.1595744680851064,FALSE,FALSE,FALSE,FALSE,FALSE,FALSE,not_reciprocal_unique_mode
scian_key,1250,20,2711,1,,1,0.011228945726762321,0.19875,,0.035301808672913486,,0.34120171673819744,FALSE,FALSE,FALSE,FALSE,FALSE,FALSE,not_reciprocal_unique_mode
scian_key,1250,21,2531,1,,1,1,1,,1,,1,TRUE,TRUE,FALSE,,,FALSE,fewer_than_5_pairs_in_train_or_validation
p4a_key,6180,5613,9601,3,1,2,0.5772501771793055,1,0.4491951710261569,0.882494004796163,1,1,TRUE,TRUE,FALSE,TRUE,FALSE,FALSE,fewer_than_5_pairs_in_train_or_validation
p4a_key,6180,5613,1723,3,2,1,0.23068745570517363,1,0.27816901408450706,0.11750599520383694,1,1,FALSE,FALSE,FALSE,FALSE,FALSE,FALSE,not_reciprocal_unique_mode
p4a_key,6180,6132,9601,1,1,,0.3529925731760594,1,0.39920948616600793,,1,,FALSE,FALSE,FALSE,FALSE,FALSE,FALSE,not_reciprocal_unique_mode
p4a_key,6180,6221,9601,1,1,,1,1,1,,1,,TRUE,TRUE,FALSE,,,FALSE,fewer_than_5_pairs_in_train_or_validation
p4a_key,6180,6222,1723,1,,1,0.21604938271604937,1,,0.23809523809523808,,1,FALSE,FALSE,FALSE,FALSE,FALSE,FALSE,not_reciprocal_unique_mode
p4a_key,6180,7210,9601,1,1,,0.5240384615384616,0.21212121212121213,1,,0.4686192468619247,,FALSE,FALSE,FALSE,FALSE,FALSE,FALSE,not_reciprocal_unique_mode
p4a_key,6180,8111,9601,2,,2,0.7935222672064778,1,,0.7935222672064778,,1,TRUE,TRUE,FALSE,,,FALSE,fewer_than_5_pairs_in_train_or_validation
p4a_key,6180,8121,9601,1,1,,1,1,1,,1,,TRUE,TRUE,FALSE,,,FALSE,fewer_than_5_pairs_in_train_or_validation
p4a_key,6180,8122,9601,1,1,,1,1,1,,1,,TRUE,TRUE,FALSE,,,FALSE,fewer_than_5_pairs_in_train_or_validation
p4a_key,6180,9314,9601,5,2,3,0.21858585858585858,0.49953051643192486,0.06817067189798921,0.9220183486238532,0.20802377414561665,1,FALSE,FALSE,FALSE,FALSE,FALSE,FALSE,not_reciprocal_unique_mode
p4a_key,6180,9314,5201,2,1,1,0.048484848484848485,1,0.042177538008827856,0.0779816513761468,1,1,FALSE,FALSE,FALSE,FALSE,FALSE,FALSE,not_reciprocal_unique_mode
p4a_key,6180,9314,1723,1,1,,0.042828282828282827,1,0.05198626777832271,,1,,FALSE,FALSE,FALSE,FALSE,FALSE,FALSE,not_reciprocal_unique_mode
p4a_p4f,6180,5613|8,1723,1,,1,1,1,,1,,1,TRUE,TRUE,FALSE,,,FALSE,fewer_than_5_pairs_in_train_or_validation
p4f_key,6180,8,1723,1,,1,1,1,,1,,1,TRUE,TRUE,FALSE,,,FALSE,fewer_than_5_pairs_in_train_or_validation
scian_key,6180,14,9601,3,1,2,0.523625843780135,1,0.42564346997140134,0.7265547877591313,1,1,TRUE,TRUE,FALSE,TRUE,FALSE,FALSE,fewer_than_5_pairs_in_train_or_validation
scian_key,6180,14,1723,3,2,1,0.20925747348119575,1,0.2635843660629171,0.09674234945705824,1,1,FALSE,FALSE,FALSE,FALSE,FALSE,FALSE,not_reciprocal_unique_mode
scian_key,6180,15,9601,1,1,,0.3529925731760594,1,0.39920948616600793,,1,,FALSE,FALSE,FALSE,FALSE,FALSE,FALSE,not_reciprocal_unique_mode
scian_key,6180,16,9601,1,1,,0.26917293233082706,1,0.7991071428571429,,1,,FALSE,FALSE,FALSE,,,FALSE,not_reciprocal_unique_mode
scian_key,6180,16,1723,1,,1,0.15789473684210525,1,,0.23809523809523808,,1,FALSE,FALSE,FALSE,FALSE,FALSE,FALSE,not_reciprocal_unique_mode
scian_key,6180,18,9601,1,1,,0.5240384615384616,0.12444444444444444,1,,0.27791563275434245,,FALSE,FALSE,FALSE,FALSE,FALSE,FALSE,not_reciprocal_unique_mode
scian_key,6180,19,9601,4,2,2,0.9712514092446449,1,1,0.7935222672064778,1,1,TRUE,TRUE,FALSE,TRUE,TRUE,FALSE,fewer_than_5_pairs_in_train_or_validation
scian_key,6180,20,9601,5,2,3,0.16154075843535384,0.49953051643192486,0.06817067189798921,0.3068702290076336,0.20802377414561665,1,FALSE,FALSE,FALSE,FALSE,FALSE,FALSE,not_reciprocal_unique_mode
scian_key,6180,20,5201,2,1,1,0.035831591519856675,1,0.042177538008827856,0.025954198473282442,1,1,FALSE,FALSE,FALSE,FALSE,FALSE,FALSE,not_reciprocal_unique_mode
scian_key,6180,20,1723,1,1,,0.0316512391758734,1,0.05198626777832271,,1,,FALSE,FALSE,FALSE,FALSE,FALSE,FALSE,not_reciprocal_unique_mode
scian_p4f,6180,14|8,1723,1,,1,1,1,,1,,1,TRUE,TRUE,FALSE,,,FALSE,fewer_than_5_pairs_in_train_or_validation
p4a_key,6270,1150,3115,1,,1,1,1,,1,,1,TRUE,TRUE,FALSE,,,FALSE,fewer_than_5_pairs_in_train_or_validation
p4a_key,6270,2110,3115,1,,1,0.08616780045351474,0.2148997134670487,,0.15637860082304528,,1,FALSE,FALSE,FALSE,FALSE,FALSE,FALSE,not_reciprocal_unique_mode
p4a_key,6270,2210,9731,12,11,1,0.4841230463904738,0.9214348591549296,0.6243874315364658,0.37818419333768777,0.8730440967283073,1,TRUE,FALSE,FALSE,TRUE,FALSE,FALSE,not_strict_majority_pooled
p4a_key,6270,2210,3115,8,5,3,0.13594641528156784,0.5576245596376447,0.2418564427788988,0.05595471369475288,0.7506678539626002,0.30671296296296297,FALSE,FALSE,FALSE,FALSE,FALSE,FALSE,not_reciprocal_unique_mode
p4a_key,6270,2221,9731,4,1,3,0.1713917525773196,1,0.16804407713498623,0.1724137931034483,1,1,FALSE,FALSE,FALSE,FALSE,FALSE,FALSE,not_reciprocal_unique_mode
p4a_key,6270,2221,3115,2,1,1,0.1095360824742268,0.41840490797546015,0.37052341597796146,0.029857022708158116,1,0.13186813186813187,FALSE,FALSE,FALSE,FALSE,FALSE,FALSE,not_reciprocal_unique_mode
p4a_key,6270,2361,3115,1,1,,0.13254437869822486,1,0.5517241379310345,,1,,FALSE,FALSE,FALSE,,,FALSE,not_reciprocal_unique_mode
p4a_key,6270,2363,3115,2,1,1,0.5642673521850899,1,1,0.5007363770250368,1,1,TRUE,TRUE,FALSE,TRUE,TRUE,FALSE,fewer_than_5_pairs_in_train_or_validation
p4a_key,6270,2370,3115,1,1,,0.5161290322580645,1,1,,1,,TRUE,TRUE,FALSE,,,FALSE,fewer_than_5_pairs_in_train_or_validation
p4a_key,6270,3110,3115,2,2,,0.16502115655853314,0.32646048109965636,0.3567073170731707,,0.5828220858895705,,FALSE,FALSE,FALSE,FALSE,FALSE,FALSE,not_reciprocal_unique_mode
p4a_key,6270,3120,3115,1,1,,0.31893004115226337,0.435506241331484,0.3567318757192175,,0.435506241331484,,FALSE,FALSE,FALSE,FALSE,FALSE,FALSE,not_reciprocal_unique_mode
p4a_key,6270,3150,3115,1,1,,0.29923150816522576,0.8590785907859079,0.5916429249762583,,1,,TRUE,FALSE,FALSE,,,FALSE,not_strict_majority_pooled
p4a_key,6270,3230,3115,2,,2,0.27586206896551724,1,,0.34782608695652173,,1,FALSE,FALSE,FALSE,FALSE,FALSE,FALSE,not_reciprocal_unique_mode
p4a_key,6270,3240,3115,1,1,,0.6343940419769803,1,1,,1,,TRUE,TRUE,FALSE,,,FALSE,fewer_than_5_pairs_in_train_or_validation
p4a_key,6270,3250,3115,3,1,2,0.4104258443465492,0.48798602009611186,0.5114457831325301,0.25281954887218044,1,0.175228712174525,FALSE,FALSE,FALSE,FALSE,FALSE,FALSE,not_reciprocal_unique_mode
p4a_key,6270,3270,3115,1,1,,0.19597989949748743,1,1,,1,,FALSE,FALSE,FALSE,,,FALSE,not_reciprocal_unique_mode
p4a_key,6270,3340,3115,1,1,,0.29411764705882354,1,0.3939075630252101,,1,,FALSE,FALSE,FALSE,,FALSE,FALSE,not_reciprocal_unique_mode
p4a_key,6270,3350,3115,1,1,,0.42412451361867703,0.3784090909090909,1,,0.4451871657754011,,FALSE,FALSE,FALSE,FALSE,FALSE,FALSE,not_reciprocal_unique_mode
p4a_key,6270,3360,3115,6,4,2,0.0985167837626854,0.3556933483652762,0.11513260530421217,0.081875,0.5712074303405573,0.2322695035460993,FALSE,FALSE,FALSE,FALSE,FALSE,FALSE,not_reciprocal_unique_mode
p4a_key,6270,4310,3115,1,,1,0.03785966683493185,1,,1,,1,FALSE,FALSE,FALSE,,,FALSE,not_reciprocal_unique_mode
p4a_key,6270,4340,3115,3,1,2,0.4216275259421081,1,0.34049079754601225,0.439202657807309,1,1,TRUE,FALSE,FALSE,FALSE,FALSE,FALSE,not_strict_majority_pooled
p4a_key,6270,4611,3115,1,1,,0.26857654431512984,1,0.26857654431512984,,1,,FALSE,FALSE,FALSE,FALSE,FALSE,FALSE,not_reciprocal_unique_mode
p4a_key,6270,4620,3115,3,,3,0.04227077802736369,1,,0.057628062360801785,,1,FALSE,FALSE,FALSE,FALSE,FALSE,FALSE,not_reciprocal_unique_mode
p4a_key,6270,4651,3115,1,1,,0.6686046511627907,1,1,,1,,TRUE,TRUE,FALSE,,,FALSE,fewer_than_5_pairs_in_train_or_validation
p4a_key,6270,4661,3115,1,1,,0.28846153846153844,1,1,,1,,FALSE,FALSE,FALSE,,,FALSE,not_reciprocal_unique_mode
p4a_key,6270,4671,3115,2,,2,0.24679029957203993,0.37825059101654845,,0.2617246596066566,,0.5263157894736842,FALSE,FALSE,FALSE,FALSE,FALSE,FALSE,not_reciprocal_unique_mode
p4a_key,6270,4681,3115,3,1,2,0.2009375,1,0.1623806024981631,0.4205020920502092,1,1,FALSE,FALSE,FALSE,FALSE,FALSE,FALSE,not_reciprocal_unique_mode
p4a_key,6270,4810,3115,2,1,1,1,0.5519379844961241,1,1,0.5642857142857143,0.5424657534246575,TRUE,TRUE,FALSE,TRUE,TRUE,FALSE,fewer_than_5_pairs_in_train_or_validation
p4a_key,6270,4840,3115,2,2,,0.666966696669667,1,1,,1,,TRUE,TRUE,FALSE,,,FALSE,fewer_than_5_pairs_in_train_or_validation
p4a_key,6270,4850,3115,1,1,,0.23193916349809887,0.39805825242718446,0.5169491525423728,,0.39805825242718446,,FALSE,FALSE,FALSE,FALSE,FALSE,FALSE,not_reciprocal_unique_mode
p4a_key,6270,4881,3115,7,3,4,0.4699375325351379,1,0.20514533912462413,0.638882967384353,1,1,TRUE,FALSE,FALSE,FALSE,FALSE,FALSE,not_strict_majority_pooled
p4a_key,6270,4910,3115,3,3,,0.262876254180602,1,0.262876254180602,,1,,FALSE,FALSE,FALSE,FALSE,FALSE,FALSE,not_reciprocal_unique_mode
p4a_key,6270,4920,3115,2,2,,0.31718061674008813,1,0.31718061674008813,,1,,FALSE,FALSE,FALSE,FALSE,FALSE,FALSE,not_reciprocal_unique_mode
p4a_key,6270,5110,3115,2,1,1,0.9082332761578045,1,1,0.24647887323943662,1,1,TRUE,TRUE,FALSE,FALSE,FALSE,FALSE,fewer_than_5_pairs_in_train_or_validation
p4a_key,6270,5221,3115,3,1,2,0.11634103019538189,0.36387607119314436,0.018321261184490838,0.2229949003245248,0.04738400789733465,1,FALSE,FALSE,FALSE,FALSE,FALSE,FALSE,not_reciprocal_unique_mode
p4a_key,6270,5222,3115,2,1,1,0.15008933889219775,1,0.09133709981167608,0.25121555915721233,1,1,FALSE,FALSE,FALSE,FALSE,FALSE,FALSE,not_reciprocal_unique_mode
p4a_key,6270,5223,3115,1,,1,1,1,,1,,1,TRUE,TRUE,FALSE,,,FALSE,fewer_than_5_pairs_in_train_or_validation
p4a_key,6270,5240,3115,3,2,1,0.2308673469387755,1,0.19749447310243184,0.44549763033175355,1,1,FALSE,FALSE,FALSE,FALSE,FALSE,FALSE,not_reciprocal_unique_mode
p4a_key,6270,5411,3115,5,4,1,0.17951273532668882,0.5042386185243328,0.08787198203256598,0.5220356768100735,0.8356164383561644,0.40570264765784114,FALSE,FALSE,FALSE,FALSE,FALSE,FALSE,not_reciprocal_unique_mode
p4a_key,6270,5510,3115,1,,1,0.6128021486123545,1,,0.6128021486123545,,1,TRUE,TRUE,FALSE,,,FALSE,fewer_than_5_pairs_in_train_or_validation
p4a_key,6270,5611,3115,2,2,,0.11720142602495544,0.4116743471582181,0.3354591836734694,,1,,FALSE,FALSE,FALSE,,FALSE,FALSE,not_reciprocal_unique_mode
p4a_key,6270,5613,3115,1,,1,0.4267241379310345,1,,0.4267241379310345,,1,FALSE,FALSE,FALSE,FALSE,FALSE,FALSE,not_reciprocal_unique_mode
p4a_key,6270,6211,3115,1,,1,0.22072072072072071,1,,1,,1,FALSE,FALSE,FALSE,,,FALSE,not_reciprocal_unique_mode
p4a_key,6270,6212,3115,2,,2,0.3053783044667274,0.7606263982102909,,0.35189075630252103,,0.7606263982102909,FALSE,FALSE,FALSE,FALSE,FALSE,FALSE,not_reciprocal_unique_mode
p4a_key,6270,6222,3115,33,18,15,0.41130027140389835,0.8852481305234534,0.571136392688227,0.2622481821432829,0.8362436942180831,1,TRUE,FALSE,TRUE,FALSE,FALSE,FALSE,not_strict_majority_pooled
p4a_key,6270,7210,3115,1,,1,0.08085106382978724,0.057863501483679525,,0.14559386973180077,,0.17889908256880735,FALSE,FALSE,FALSE,FALSE,FALSE,FALSE,not_reciprocal_unique_mode
p4a_key,6270,7221,3115,1,1,,0.16352201257861634,0.14152700186219738,0.16352201257861634,,0.17757009345794392,,FALSE,FALSE,FALSE,FALSE,FALSE,FALSE,not_reciprocal_unique_mode
p4a_key,6270,8111,3115,1,1,,0.10481099656357389,1,0.28110599078341014,,1,,FALSE,FALSE,FALSE,FALSE,FALSE,FALSE,not_reciprocal_unique_mode
p4a_key,6270,8121,3115,2,2,,1,0.8314350797266514,1,,1,,TRUE,TRUE,FALSE,,,FALSE,fewer_than_5_pairs_in_train_or_validation
p4a_key,6270,8130,3115,2,2,,0.21636085626911314,1,1,,1,,FALSE,FALSE,FALSE,,,FALSE,not_reciprocal_unique_mode
p4a_key,6270,9311,3115,1,,1,0.15619967793880837,1,,0.3211920529801324,,1,FALSE,FALSE,FALSE,FALSE,FALSE,FALSE,not_reciprocal_unique_mode
p4a_key,6270,9312,3115,98,49,49,0.39549756971092354,0.6738911652648982,0.4884428851511712,0.330051587589915,0.751328125,0.6079084010118493,TRUE,FALSE,TRUE,TRUE,FALSE,FALSE,not_strict_majority_pooled
p4a_key,6270,9313,3115,176,91,85,0.42852698919350257,0.8205029707027248,0.4723349224059235,0.37845279846960955,0.8008070114543562,0.848875,TRUE,FALSE,TRUE,TRUE,FALSE,FALSE,not_strict_majority_pooled
p4a_key,6270,9314,3115,43,16,27,0.4212642256308758,0.8621916952856696,0.30236507736822243,0.5362574522447986,0.9238366571699905,0.832,TRUE,FALSE,TRUE,TRUE,FALSE,FALSE,not_strict_majority_pooled
p4a_p4f,6270,5411|6,3115,1,1,,1,1,1,,1,,TRUE,TRUE,FALSE,,,FALSE,fewer_than_5_pairs_in_train_or_validation
p4a_p4f,6270,5613|8,3115,1,,1,1,1,,1,,1,TRUE,TRUE,FALSE,,,FALSE,fewer_than_5_pairs_in_train_or_validation
p4a_p4f,6270,8121|6,3115,1,1,,1,1,1,,1,,TRUE,TRUE,FALSE,,,FALSE,fewer_than_5_pairs_in_train_or_validation
p4a_p4f,6270,8121|8,3115,1,1,,1,1,1,,1,,TRUE,TRUE,FALSE,,,FALSE,fewer_than_5_pairs_in_train_or_validation
p4f_key,6270,6,3115,2,2,,1,1,1,,1,,TRUE,TRUE,FALSE,,,FALSE,fewer_than_5_pairs_in_train_or_validation
p4f_key,6270,8,3115,2,1,1,1,1,1,1,1,1,TRUE,TRUE,FALSE,TRUE,TRUE,FALSE,fewer_than_5_pairs_in_train_or_validation
scian_key,6270,1,3115,1,,1,0.10382513661202186,1,,1,,1,FALSE,FALSE,FALSE,,,FALSE,not_reciprocal_unique_mode
scian_key,6270,10,3115,9,4,5,0.1575796178343949,0.5631507469443187,0.08560637851447755,0.26880674448767833,0.3022415039768619,1,FALSE,FALSE,FALSE,FALSE,FALSE,FALSE,not_reciprocal_unique_mode
scian_key,6270,12,3115,5,4,1,0.17819061228976585,0.5042386185243328,0.08705326102072035,0.5220356768100735,0.8356164383561644,0.40570264765784114,FALSE,FALSE,FALSE,FALSE,FALSE,FALSE,not_reciprocal_unique_mode
scian_key,6270,13,3115,1,,1,0.6128021486123545,1,,0.6128021486123545,,1,TRUE,TRUE,FALSE,,,FALSE,fewer_than_5_pairs_in_train_or_validation
scian_key,6270,14,3115,3,2,1,0.08739739256397876,0.4986910994764398,0.16294919454770757,0.03916139240506329,1,0.22782258064516128,FALSE,FALSE,FALSE,FALSE,FALSE,FALSE,not_reciprocal_unique_mode
scian_key,6270,16,3115,36,18,18,0.39984124284175315,0.8788843606724401,0.5450774673661095,0.27372881355932205,0.8362436942180831,0.9603409933283914,TRUE,FALSE,TRUE,TRUE,FALSE,FALSE,not_strict_majority_pooled
scian_key,6270,18,3115,2,1,1,0.10681399631675875,0.09496284062758051,0.09454545454545454,0.14559386973180077,0.08597285067873303,0.11926605504587157,FALSE,FALSE,FALSE,FALSE,FALSE,FALSE,not_reciprocal_unique_mode
scian_key,6270,19,3115,5,5,,0.28377659574468084,0.8786885245901639,0.450210970464135,,1,,TRUE,FALSE,,,FALSE,FALSE,not_strict_majority_pooled
scian_key,6270,2,3115,1,,1,0.03828715365239295,0.2148997134670487,,0.0753221010901883,,1,FALSE,FALSE,FALSE,FALSE,FALSE,FALSE,not_reciprocal_unique_mode
scian_key,6270,20,3115,318,156,162,0.4158268423037412,0.779666530130352,0.4384753781568601,0.394251399697843,0.8011577846423272,0.7585754183276442,TRUE,FALSE,TRUE,TRUE,FALSE,FALSE,not_strict_majority_pooled
scian_key,6270,3,9731,16,12,4,0.3764536117477294,0.9297520661157025,0.5454112038140644,0.28302135512786714,0.878323108384458,1,TRUE,FALSE,FALSE,TRUE,FALSE,FALSE,not_strict_majority_pooled
scian_key,6270,3,3115,10,6,4,0.12189118071471013,0.5171306209850107,0.26412395709177594,0.04323754284207751,0.7988505747126436,0.23900709219858157,FALSE,FALSE,FALSE,FALSE,FALSE,FALSE,not_reciprocal_unique_mode
scian_key,6270,4,3115,4,3,1,0.28955223880597014,1,0.5865051903114187,0.19241652518392757,1,1,TRUE,FALSE,FALSE,FALSE,FALSE,FALSE,not_strict_majority_pooled
scian_key,6270,5,3115,19,13,6,0.20410998079830045,0.4382178907065785,0.2996304302349906,0.06896211523283347,0.5938138710996048,0.16325547796773418,TRUE,FALSE,TRUE,FALSE,FALSE,FALSE,not_strict_majority_pooled
scian_key,6270,6,3115,4,1,3,0.21723518850987433,0.713094245204337,0.047865459249676584,0.46582278481012657,0.24561403508771928,1,FALSE,FALSE,FALSE,FALSE,FALSE,FALSE,not_reciprocal_unique_mode
scian_key,6270,7,3115,11,4,7,0.13072663198523243,0.8729468599033816,0.16378876781223806,0.09759784982361834,0.9095057034220533,0.8092715231788079,TRUE,FALSE,FALSE,FALSE,FALSE,FALSE,not_strict_majority_pooled
scian_key,6270,8,3115,17,12,5,0.45059188984971876,0.9080071174377224,0.3576246093107419,0.5474965706447188,0.8625294579732914,0.9456733897202342,TRUE,FALSE,TRUE,TRUE,FALSE,FALSE,not_strict_majority_pooled
scian_key,6270,9,3115,2,1,1,0.19549566180542735,0.7383367139959433,0.6109785202863962,0.009355787222667736,0.7709700948212983,0.32407407407407407,FALSE,FALSE,FALSE,FALSE,FALSE,FALSE,not_reciprocal_unique_mode
scian_p4f,6270,12|6,3115,1,1,,1,1,1,,1,,TRUE,TRUE,FALSE,,,FALSE,fewer_than_5_pairs_in_train_or_validation
scian_p4f,6270,14|8,3115,1,,1,1,1,,1,,1,TRUE,TRUE,FALSE,,,FALSE,fewer_than_5_pairs_in_train_or_validation
scian_p4f,6270,19|6,3115,1,1,,1,1,1,,1,,TRUE,TRUE,FALSE,,,FALSE,fewer_than_5_pairs_in_train_or_validation
scian_p4f,6270,19|8,3115,1,1,,1,1,1,,1,,TRUE,TRUE,FALSE,,,FALSE,fewer_than_5_pairs_in_train_or_validation
