priority,rule_id,rule_type,source_code,target_code,scian_value,p4a_prefix,p4a_value,p4f_value,rule_label,scope,requires_enoe_auxiliary,target_3d,application_variables,decision_status,evidence_level,decision_layer,pair_n,train_pair_n,validation_pair_n,forward_share,reverse_share,train_forward_share,validation_forward_share,train_reverse_share,validation_reverse_share,accepted_on,evidence_source
20,CMO2012_SINCO2011_GLOBAL_1130,panel_global,1130,2411,,,,,CMO 1130 -> SINCO 2411,validacion_panel_ENOE,FALSE,241,cmo_4d,accepted,panel,priority_2_reciprocal_population50_global_4d,229,111,118,0.5866197183098592,0.9706386305790761,0.573512181326007,0.6000041255827385,0.9507023588656242,0.9907447626048315,2026-09-12,Panel ENOE 2012-T2/T3
20,CMO2012_SINCO2011_GLOBAL_1161,panel_global,1161,2143,,,,,CMO 1161 -> SINCO 2143,validacion_panel_ENOE,FALSE,214,cmo_4d,accepted,panel,priority_2_reciprocal_population50_global_4d,30,16,14,0.8484848484848485,0.7023495943525445,0.903899721448468,0.8007202881152461,0.6051151822963904,0.8371040723981901,2026-09-12,Panel ENOE 2012-T2/T3
20,CMO2012_SINCO2011_GLOBAL_1172,panel_global,1172,2121,,,,,CMO 1172 -> SINCO 2121,validacion_panel_ENOE,FALSE,212,cmo_4d,accepted,panel,priority_2_reciprocal_population50_global_4d,323,176,147,0.7143963281526952,0.7720500206239499,0.715393433748368,0.7129854915742994,0.7651323870615532,0.7819924968736974,2026-09-12,Panel ENOE 2012-T2/T3
20,CMO2012_SINCO2011_GLOBAL_1206,panel_global,1206,2655,,,,,CMO 1206 -> SINCO 2655,validacion_panel_ENOE,FALSE,265,cmo_4d,accepted,panel,priority_2_reciprocal_population50_global_4d,41,21,20,0.5429058628817894,0.944966790304494,0.5825398416357622,0.5032122063842602,0.9557207498383969,0.9326549491211841,2026-09-12,Panel ENOE 2012-T2/T3
20,CMO2012_SINCO2011_GLOBAL_1220,panel_global,1220,2811,,,,,CMO 1220 -> SINCO 2811,validacion_panel_ENOE,FALSE,281,cmo_4d,accepted,panel,priority_2_reciprocal_population50_global_4d,284,150,134,0.6681570844054499,0.8948676431825884,0.7165335114444987,0.6096632912965149,0.9166983078827899,0.8659014741638008,2026-09-12,Panel ENOE 2012-T2/T3
20,CMO2012_SINCO2011_GLOBAL_1401,panel_global,1401,2152,,,,,CMO 1401 -> SINCO 2152,validacion_panel_ENOE,FALSE,215,cmo_4d,accepted,panel,priority_2_reciprocal_population50_global_4d,26,12,14,0.7204030226700252,0.7941926087748042,0.8207054212932724,0.5867247007616975,0.7945323741007194,0.793607532210109,2026-09-12,Panel ENOE 2012-T2/T3
20,CMO2012_SINCO2011_GLOBAL_1420,panel_global,1420,2161,,,,,CMO 1420 -> SINCO 2161,validacion_panel_ENOE,FALSE,216,cmo_4d,accepted,panel,priority_2_reciprocal_population50_global_4d,13,8,5,0.847178002894356,1,0.6086601307189542,0.9780367548184671,1,1,2026-09-12,Panel ENOE 2012-T2/T3
20,CMO2012_SINCO2011_GLOBAL_4150,panel_global,4150,6211,,,,,CMO 4150 -> SINCO 6211,validacion_panel_ENOE,FALSE,621,cmo_4d,accepted,panel,priority_2_reciprocal_population50_global_4d,135,71,64,0.8460484239378712,0.9213967002179101,0.8582735409423774,0.8233353947639662,0.9109386693977233,0.941569789529671,2026-09-12,Panel ENOE 2012-T2/T3
20,CMO2012_SINCO2011_GLOBAL_5230,panel_global,5230,7311,,,,,CMO 5230 -> SINCO 7311,validacion_panel_ENOE,FALSE,731,cmo_4d,accepted,panel,priority_2_reciprocal_population50_global_4d,183,103,80,0.7717190388170055,0.757788674682609,0.8439023091059206,0.6941654505393882,0.8303977272727273,0.6790704185916282,2026-09-12,Panel ENOE 2012-T2/T3
20,CMO2012_SINCO2011_GLOBAL_6210,panel_global,6210,3121,,,,,CMO 6210 -> SINCO 3121,validacion_panel_ENOE,FALSE,312,cmo_4d,accepted,panel,priority_2_reciprocal_population50_global_4d,279,147,132,0.5566281392694064,0.6398828086531202,0.5434125634285875,0.5702508077719982,0.6903122413398376,0.5958751479199004,2026-09-12,Panel ENOE 2012-T2/T3
20,CMO2012_SINCO2011_GLOBAL_7111,panel_global,7111,4211,,,,,CMO 7111 -> SINCO 4211,validacion_panel_ENOE,FALSE,421,cmo_4d,accepted,panel,priority_2_reciprocal_population50_global_4d,1809,915,894,0.6465926949804025,0.7742411399436193,0.6543313780498172,0.6395268207362637,0.7639423612978546,0.784117569361017,2026-09-12,Panel ENOE 2012-T2/T3
20,CMO2012_SINCO2011_GLOBAL_7131,panel_global,7131,4223,,,,,CMO 7131 -> SINCO 4223,validacion_panel_ENOE,FALSE,422,cmo_4d,accepted,panel,priority_2_reciprocal_population50_global_4d,39,21,18,0.6279769904843826,0.6824614679424741,0.5383944153577661,0.7150429343793067,0.5543318649045521,0.8367218083091299,2026-09-12,Panel ENOE 2012-T2/T3
20,CMO2012_SINCO2011_GLOBAL_7212,panel_global,7212,9632,,,,,CMO 7212 -> SINCO 9632,validacion_panel_ENOE,FALSE,963,cmo_4d,accepted,panel,priority_2_reciprocal_population50_global_4d,35,13,22,0.7625400213447172,0.7241002187313581,0.6577689243027889,0.883448275862069,0.70823678112492106,0.7382790434946338,2026-09-12,Panel ENOE 2012-T2/T3
20,CMO2012_SINCO2011_GLOBAL_8101,panel_global,8101,5116,,,,,CMO 8101 -> SINCO 5116,validacion_panel_ENOE,FALSE,511,cmo_4d,accepted,panel,priority_2_reciprocal_population50_global_4d,222,121,101,0.603519646301554,0.7020052374688026,0.6205493183640738,0.5834866279892458,0.7151067323481116,0.6866814265517885,2026-09-12,Panel ENOE 2012-T2/T3
20,CMO2012_SINCO2011_GLOBAL_8122,panel_global,8122,9712,,,,,CMO 8122 -> SINCO 9712,validacion_panel_ENOE,FALSE,971,cmo_4d,accepted,panel,priority_2_reciprocal_population50_global_4d,60,26,34,0.7452808418332025,0.6996963472358667,0.6956615351491011,0.7825173695265795,0.6821178193993931,0.7127833605982706,2026-09-12,Panel ENOE 2012-T2/T3
20,CMO2012_SINCO2011_GLOBAL_8123,panel_global,8123,9622,,,,,CMO 8123 -> SINCO 9622,validacion_panel_ENOE,FALSE,962,cmo_4d,accepted,panel,priority_2_reciprocal_population50_global_4d,69,32,37,0.8411827113796762,0.8996641074856047,0.7740173015632115,0.8705102717031147,0.7749818181818182,0.9610454708199069,2026-09-12,Panel ENOE 2012-T2/T3
20,CMO2012_SINCO2011_GLOBAL_8124,panel_global,8124,9621,,,,,CMO 8124 -> SINCO 9621,validacion_panel_ENOE,FALSE,962,cmo_4d,accepted,panel,priority_2_reciprocal_population50_global_4d,688,345,343,0.5995489914948705,0.773184342778113,0.6093641301674525,0.5899191296614201,0.8081353951764556,0.7405973121803001,2026-09-12,Panel ENOE 2012-T2/T3
20,CMO2012_SINCO2011_GLOBAL_8125,panel_global,8125,5241,,,,,CMO 8125 -> SINCO 5241,validacion_panel_ENOE,FALSE,524,cmo_4d,accepted,panel,priority_2_reciprocal_population50_global_4d,104,51,53,0.5255866845859609,0.8174603174603174,0.5438367346938775,0.5051982635975631,0.8656321169429585,0.766679694042767,2026-09-12,Panel ENOE 2012-T2/T3
20,CMO2012_SINCO2011_GLOBAL_8200,panel_global,8200,9611,,,,,CMO 8200 -> SINCO 9611,validacion_panel_ENOE,FALSE,961,cmo_4d,accepted,panel,priority_2_reciprocal_population50_global_4d,2145,1095,1050,0.9216315072898477,0.9690190752162144,0.9283040720488127,0.9150057054205988,0.9688527410352473,0.9691848906560636,2026-09-12,Panel ENOE 2012-T2/T3
20,CMO2012_SINCO2011_GLOBAL_8301,panel_global,8301,5312,,,,,CMO 8301 -> SINCO 5312,validacion_panel_ENOE,FALSE,531,cmo_4d,accepted,panel,priority_2_reciprocal_population50_global_4d,470,256,214,0.7574605412022182,0.8942166294765337,0.7563606136492771,0.7590274759042466,0.9210452266448378,0.8583613955317003,2026-09-12,Panel ENOE 2012-T2/T3
20,CMO2012_SINCO2011_GLOBAL_8303,panel_global,8303,5313,,,,,CMO 8303 -> SINCO 5313,validacion_panel_ENOE,FALSE,531,cmo_4d,accepted,panel,priority_2_reciprocal_population50_global_4d,438,220,218,0.7702987223838127,0.8116180563959821,0.8059896153751507,0.7391196861396249,0.7932127674904532,0.8303124923767472,2026-09-12,Panel ENOE 2012-T2/T3
20,CMO2012_SINCO2011_GLOBAL_8312,panel_global,8312,5413,,,,,CMO 8312 -> SINCO 5413,validacion_panel_ENOE,FALSE,541,cmo_4d,accepted,panel,priority_2_reciprocal_population50_global_4d,79,41,38,0.7096420244136606,0.6151912654151285,0.866247128159025,0.5774742876412072,0.5951496318313856,0.6430246739844263,2026-09-12,Panel ENOE 2012-T2/T3
30,CMO2012_SINCO2011_SCIAN_1205_14,scian_sector,1205,2651,14,,,,CMO 1205 + SCIAN sector=14 -> SINCO 2651,aplicacion_auxiliar_ENOE,TRUE,265,cmo_4d|scian,accepted,auxiliary,priority_2b_reciprocal_population50_scian_4d,59,29,30,0.9125697869803241,0.8466770015502325,0.8359426681367145,0.9866723531293314,0.8586787851917534,0.8368109339407744,2026-09-12,Panel ENOE 2012-T2/T3
30,CMO2012_SINCO2011_SCIAN_1250_16,scian_sector,1250,2531,16,,,,CMO 1250 + SCIAN sector=16 -> SINCO 2531,aplicacion_auxiliar_ENOE,TRUE,253,cmo_4d|scian,accepted,auxiliary,priority_2b_reciprocal_population50_scian_4d,13,6,7,0.5937290033594624,0.9335431969220007,0.5380673499267935,0.6814772071552222,0.9450686641697877,0.918854415274463,2026-09-12,Panel ENOE 2012-T2/T3
30,CMO2012_SINCO2011_SCIAN_5246_19,scian_sector,5246,2634,19,,,,CMO 5246 + SCIAN sector=19 -> SINCO 2634,aplicacion_auxiliar_ENOE,TRUE,263,cmo_4d|scian,accepted,auxiliary,priority_2b_reciprocal_population50_scian_4d,24,12,12,0.5699985386526377,0.7428050652340752,0.5453597497393118,0.5878719112455875,0.8418814775445124,0.6868338087374268,2026-09-12,Panel ENOE 2012-T2/T3
30,CMO2012_SINCO2011_SCIAN_6230_16,scian_sector,6230,3211,16,,,,CMO 6230 + SCIAN sector=16 -> SINCO 3211,aplicacion_auxiliar_ENOE,TRUE,321,cmo_4d|scian,accepted,auxiliary,priority_2b_reciprocal_population50_scian_4d,63,34,29,0.6720886287005817,0.7251150399612497,0.6760680215678142,0.6688763894468996,0.6399935727484535,0.8110651415591791,2026-09-12,Panel ENOE 2012-T2/T3
30,CMO2012_SINCO2011_SCIAN_6270_15,scian_sector,6270,3115,15,,,,CMO 6270 + SCIAN sector=15 -> SINCO 3115,aplicacion_auxiliar_ENOE,TRUE,311,cmo_4d|scian,accepted,auxiliary,priority_2b_reciprocal_population50_scian_4d,42,23,19,0.5778953834522516,0.5914194816131749,0.5681195296613916,0.5891189606171335,0.6088593974175036,0.5723928781060458,2026-09-12,Panel ENOE 2012-T2/T3
30,CMO2012_SINCO2011_SCIAN_7121_18,scian_sector,7121,8344,18,,,,CMO 7121 + SCIAN sector=18 -> SINCO 8344,aplicacion_auxiliar_ENOE,TRUE,834,cmo_4d|scian,accepted,auxiliary,priority_2b_reciprocal_population50_scian_4d,12,7,5,0.6432971545907891,0.8793587174348697,0.8183652875882946,0.5715467328370554,0.875,0.8819400127632419,2026-09-12,Panel ENOE 2012-T2/T3
30,CMO2012_SINCO2011_SCIAN_7201_14,scian_sector,7201,9661,14,,,,CMO 7201 + SCIAN sector=14 -> SINCO 9661,aplicacion_auxiliar_ENOE,TRUE,966,cmo_4d|scian,accepted,auxiliary,priority_2b_reciprocal_population50_scian_4d,66,25,41,0.9711624274877287,1,1,0.9574240303055258,1,1,2026-09-12,Panel ENOE 2012-T2/T3
40,CMO2012_SINCO2011_P4A_SCIAN2_1205_81,p4a_scian2,1205,2643,,81,,,CMO 1205 + primeros 2 digitos de p4a=81 -> SINCO 2643,aplicacion_auxiliar_ENOE,TRUE,264,cmo_4d|p4a,accepted,auxiliary,priority_2c_remnant_p4a_scian2_reciprocal_population50,49,23,26,0.5408985539242742,0.7776440993109482,0.5808406904730531,0.5254237288135594,0.5904786613049682,0.9140588068450411,2026-09-12,Panel ENOE 2012-T2/T3
50,CMO2012_SINCO2011_P4F_7201_3,p4f,7201,9512,,,,3,CMO 7201 + p4f=3 -> SINCO 9512,aplicacion_auxiliar_ENOE,TRUE,951,cmo_4d|p4f,accepted,auxiliary,p4f_workplace_remnant_reciprocal_population50,94,41,53,0.627465953926435,0.9847820021812463,0.6813214901910665,0.5740541225679701,0.9775772236695199,0.993419218113881,2026-09-13,Panel ENOE 2012-T2/T3
50,CMO2012_SINCO2011_P4F_7201_8,p4f,7201,4224,,,,8,CMO 7201 + p4f=8 -> SINCO 4224,aplicacion_auxiliar_ENOE,TRUE,422,cmo_4d|p4f,accepted,auxiliary,p4f_workplace_remnant_reciprocal_population50,269,134,135,0.8910756947389106,0.8917737502408747,0.863662960795787,0.9160995489435784,0.8738000263007935,0.9072546391557963,2026-09-13,Panel ENOE 2012-T2/T3
60,CMO2012_SINCO2011_P4A_P4F_7201_4632_2,p4a_p4f,7201,9512,,,4632,2,CMO 7201 + p4a=4632 + p4f=2 -> SINCO 9512,aplicacion_auxiliar_ENOE,TRUE,951,cmo_4d|p4a|p4f,accepted,auxiliary,p4a_p4f_remnant_reciprocal_population50,57,29,28,0.547,1,0.532,0.565,1,1,2026-09-13,Panel ENOE 2012-T2/T3
